delete from Store;
delete from date;
delete from Sales;

insert into Store values ('E-Store', 'Vancouver', 'Vancouver', 'BC', 'Canada'),
('R-Store', 'San Francisco', 'San Francisco', 'CA', 'USA'), ('I-Store', 'Daly City', 'San Mateo', 'CA', 'USA'), 
('C-Store', 'Pacifica', 'San Mateo', 'CA', 'USA');

insert into Date values (1, 1, 'December', 4 ,2015),
(2, 2, 'December', 4 ,2015),
(3, 3, 'December', 4 ,2015),
(4, 4, 'December', 4 ,2015),
(5, 5, 'December', 4 ,2015),
(6, 6, 'December', 4 ,2015),
(7, 7, 'December', 4 ,2015),
(8, 18, 'January', 1 ,2016),
(9, 19, 'January', 1 ,2016),
(10, 20, 'January', 1 ,2016),
(11, 21, 'January', 1 ,2016),
(12, 22, 'January', 1 ,2016),
(13, 23, 'January', 1 ,2016),
(14, 24, 'January', 1 ,2016),
(15, 25, 'January', 1 ,2016),
(16, 26, 'January', 1 ,2016),
(17, 1, 'February', 1 ,2016),
(18, 2, 'February', 1 ,2016),
(19, 3, 'February', 1 ,2016),
(20, 4, 'February', 1 ,2016);



insert into Sales values ('E-Store',1,830.88),
('E-Store',2,510.08),
('E-Store',3,307.71),
('E-Store',4,432.72),
('E-Store',5,1067.76),
('E-Store',6,106.12),
('E-Store',7,1063.70),
('E-Store',8,1039.87),
('E-Store',9,1047.19),
('E-Store',10,1037.08),
('E-Store',11,497.17),
('E-Store',12,447.52),
('E-Store',13,394.06),
('E-Store',14,606.48),
('E-Store',15,215.97),
('E-Store',16,870.54),
('E-Store',17,759.89),
('E-Store',18,256.75),
('E-Store',19,478.20),
('E-Store',20,239.76),
('R-Store',1,831.15),
('R-Store',2,1001.45),
('R-Store',3,596.82),
('R-Store',4,1085.88),
('R-Store',5,957.12),
('R-Store',6,1087.42),
('R-Store',7,328.16),
('R-Store',8,174.79),
('R-Store',9,843.16),
('R-Store',10,1049.58),
('R-Store',11,130.51),
('R-Store',12,791.66),
('R-Store',13,951.69),
('R-Store',14,156.75),
('R-Store',15,508.29),
('R-Store',16,452.39),
('R-Store',17,1093.69),
('R-Store',18,661.95),
('R-Store',19,575.98),
('R-Store',20,149.41),
('I-Store',1,831.06),
('I-Store',2,170.99),
('I-Store',3,167.12),
('I-Store',4,868.16),
('I-Store',5,327.33),
('I-Store',6,760.32),
('I-Store',7,906.67),
('I-Store',8,129.82),
('I-Store',9,911.17),
('I-Store',10,1045.42),
('I-Store',11,252.73),
('I-Store',12,1010.28),
('I-Store',13,1099.15),
('I-Store',14,639.99),
('I-Store',15,1077.51),
('I-Store',16,258.44),
('I-Store',17,649.09),
('I-Store',18,193.55),
('I-Store',19,543.39),
('I-Store',20,512.86),
('C-Store',1,830.61),
('C-Store',2,1018.71),
('C-Store',3,1018.61),
('C-Store',4,779.56),
('C-Store',5,178.39),
('C-Store',6,124.81),
('C-Store',7,799.25),
('C-Store',8,904.94),
('C-Store',9,251.23),
('C-Store',10,1024.58),
('C-Store',11,863.84),
('C-Store',12,103.38),
('C-Store',13,836.42),
('C-Store',14,1056.22),
('C-Store',15,923.65),
('C-Store',16,288.68),
('C-Store',17,426.10),
('C-Store',18,851.55),
('C-Store',19,380.42),
('C-Store',20,330.11);
