CREATE DATABASE  IF NOT EXISTS `bank` /*!40100 DEFAULT CHARACTER SET latin1 */;
USE `bank`;
-- MySQL dump 10.13  Distrib 5.6.17, for Win64 (x86_64)
--
-- Host: 127.0.0.1    Database: bank
-- ------------------------------------------------------
-- Server version	5.6.21-log

/*!40101 SET @OLD_CHARACTER_SET_CLIENT=@@CHARACTER_SET_CLIENT */;
/*!40101 SET @OLD_CHARACTER_SET_RESULTS=@@CHARACTER_SET_RESULTS */;
/*!40101 SET @OLD_COLLATION_CONNECTION=@@COLLATION_CONNECTION */;
/*!40101 SET NAMES utf8 */;
/*!40103 SET @OLD_TIME_ZONE=@@TIME_ZONE */;
/*!40103 SET TIME_ZONE='+00:00' */;
/*!40014 SET @OLD_UNIQUE_CHECKS=@@UNIQUE_CHECKS, UNIQUE_CHECKS=0 */;
/*!40014 SET @OLD_FOREIGN_KEY_CHECKS=@@FOREIGN_KEY_CHECKS, FOREIGN_KEY_CHECKS=0 */;
/*!40101 SET @OLD_SQL_MODE=@@SQL_MODE, SQL_MODE='NO_AUTO_VALUE_ON_ZERO' */;
/*!40111 SET @OLD_SQL_NOTES=@@SQL_NOTES, SQL_NOTES=0 */;

--
-- Table structure for table `account`
--

DROP TABLE IF EXISTS `account`;
/*!40101 SET @saved_cs_client     = @@character_set_client */;
/*!40101 SET character_set_client = utf8 */;
CREATE TABLE `account` (
  `account_key` double DEFAULT NULL,
  `primary_surname` varchar(255) DEFAULT NULL,
  `secondary_surname` varchar(255) DEFAULT NULL,
  `account_address` varchar(255) DEFAULT NULL,
  `account_city` varchar(255) DEFAULT NULL,
  `account_state` varchar(255) DEFAULT NULL,
  `account_zip` double DEFAULT NULL,
  `date_opened` datetime DEFAULT NULL,
  `primary_age` double DEFAULT NULL,
  `primary_sex` varchar(255) DEFAULT NULL,
  `primary_marital` varchar(255) DEFAULT NULL,
  KEY `account_key` (`account_key`)
) ENGINE=InnoDB DEFAULT CHARSET=utf8;
/*!40101 SET character_set_client = @saved_cs_client */;

--
-- Dumping data for table `account`
--

LOCK TABLES `account` WRITE;
/*!40000 ALTER TABLE `account` DISABLE KEYS */;
INSERT INTO `account` VALUES (1,'Anderson','Anderson','6778 Shady Lane','Birmingham','Alabama',57750,'1978-09-23 00:00:00',24,'M','Married'),(2,'Antoni','Antoni','5086 Shady Lane','Tuscaloosa','Alabama',18858,'1990-06-14 00:00:00',53,'F','Married'),(3,'Appley','Appley','669 Shady Lane','Anchorage','Alaska',88840,'1955-01-07 00:00:00',54,'M','Married'),(4,'Ashby','Ashby','5385 Shady Lane','Juneau','Alaska',49239,'1977-12-01 00:00:00',64,'F','Married'),(5,'Barr','Barr','417 Shady Lane','Flagstaff','Arizona',23774,'1984-06-19 00:00:00',54,'M','Married'),(6,'Barrett','Barrett','4109 Shady Lane','Phoenix','Arizona',42359,'1981-07-28 00:00:00',67,'F','Married'),(7,'Bennett','Bennett','6174 Shady Lane','Little Rock','Arkansas',38232,'1959-01-22 00:00:00',61,'M','Married'),(8,'Boone','Zachary','3309 Shady Lane','Midville','Arkansas',14824,'1973-10-29 00:00:00',24,'F','Coresident'),(9,'Clarke',NULL,'7077 Shady Lane','San Diego','California',73959,'1980-01-25 00:00:00',36,'M','Single'),(10,'Clewett',NULL,'8138 Shady Lane','Red Bluff','California',67848,'1961-01-13 00:00:00',42,'F','Single'),(11,'Cluster','Anderson','201 Shady Lane','Denver','Colorado',81246,'1959-02-26 00:00:00',57,'M','Married'),(12,'Coghlin','Antoni','4693 Shady Lane','Steamboat Springs','Colorado',76645,'1973-12-26 00:00:00',33,'F','Married'),(13,'Davis','Appley','4431 Shady Lane','Hartford','Connecticut',71902,'1976-07-03 00:00:00',51,'M','Married'),(14,'DePalma','Ashby','56 Shady Lane','Stamford','Connecticut',22844,'1993-01-25 00:00:00',48,'F','Married'),(15,'Deardorff','Barr','7619 Shady Lane','Wilmington','Delaware',86279,'1992-09-27 00:00:00',26,'M','Married'),(16,'Dodds','Barrett','8770 Shady Lane','Ashton','Delaware',96607,'1965-10-16 00:00:00',68,'F','Married'),(17,'Edwards','Bennett','7225 Shady Lane','Sarasota','Florida',97963,'1981-03-20 00:00:00',46,'M','Married'),(18,'Edholm','Zovius','5456 Shady Lane','Miami','Florida',12604,'1960-05-26 00:00:00',36,'F','Coresident'),(19,'Emory',NULL,'4471 Shady Lane','Norcross','Georgia',43028,'1971-05-16 00:00:00',26,'M','Single'),(20,'Erickson',NULL,'4001 Shady Lane','Augusta','Georgia',46488,'1967-02-07 00:00:00',38,'F','Single'),(21,'Farrell','Anderson','8553 Shady Lane','Kona','Hawaii',88924,'1968-10-10 00:00:00',29,'M','Married'),(22,'Faulkner','Antoni','3844 Shady Lane','Hilo','Hawaii',64762,'1969-11-30 00:00:00',62,'F','Married'),(23,'Foley','Appley','640 Shady Lane','Ketchum','Idaho',97945,'1965-12-11 00:00:00',48,'M','Married'),(24,'Ford','Ashby','5666 Shady Lane','Sun Valley','Idaho',98379,'1955-09-21 00:00:00',58,'F','Married'),(25,'Gage','Barr','5687 Shady Lane','Chicago','Illinois',43230,'1958-04-26 00:00:00',35,'M','Married'),(26,'Galt','Barrett','9905 Shady Lane','Decatur','Illinois',45199,'1989-05-10 00:00:00',66,'F','Married'),(27,'Gray','Bennett','9135 Shady Lane','Lafayette','Indiana',35317,'1959-02-22 00:00:00',63,'M','Married'),(28,'Guy','Zigurat','3303 Shady Lane','Indianapolis','Indiana',94069,'1980-01-12 00:00:00',22,'F','Coresident'),(29,'Haines',NULL,'183 Shady Lane','Des Moines','Iowa',15088,'1982-05-29 00:00:00',23,'M','Single'),(30,'Hale',NULL,'2664 Shady Lane','Council Bluffs','Iowa',52854,'1960-07-04 00:00:00',22,'F','Single'),(31,'Hatch','Anderson','8360 Shady Lane','Topeka','Kansas',67479,'1967-06-24 00:00:00',36,'M','Married'),(32,'Hatton','Antoni','6368 Shady Lane','Kansas City','Kansas',58079,'1990-04-29 00:00:00',59,'F','Married'),(33,'Ide','Appley','9072 Shady Lane','Lexington','Kentucky',79852,'1983-11-02 00:00:00',35,'M','Married'),(34,'Ilgen','Ashby','7408 Shady Lane','Blueridge','Kentucky',74635,'1994-09-22 00:00:00',26,'F','Married'),(35,'Infante','Barr','6683 Shady Lane','New Orleans','Louisiana',43601,'1974-06-09 00:00:00',49,'M','Married'),(36,'Isbell','Barrett','2283 Shady Lane','Shreveport','Louisiana',93647,'1983-05-05 00:00:00',40,'F','Married'),(37,'Jackson','Bennett','3072 Shady Lane','Bethesda','Maryland',15484,'1986-04-17 00:00:00',48,'M','Married'),(38,'Jarrett','Zound','3161 Shady Lane','Baltimore','Maryland',71975,'1987-12-14 00:00:00',29,'F','Coresident'),(39,'Jensen',NULL,'3347 Shady Lane','Augusta','Maine',20462,'1976-07-28 00:00:00',20,'M','Single'),(40,'Johnson',NULL,'3379 Shady Lane','Bangor','Maine',89657,'1980-07-28 00:00:00',42,'F','Single'),(41,'Kessler','Anderson','1936 Shady Lane','Boston','Massachusetts',69536,'1987-07-21 00:00:00',63,'M','Married'),(42,'Kitch','Antoni','5636 Shady Lane','Greenfield','Massachusetts',98545,'1993-12-24 00:00:00',54,'F','Married'),(43,'Knipe','Appley','4967 Shady Lane','Ann Arbor','Michigan',54057,'1959-05-21 00:00:00',48,'M','Married'),(44,'Knutsen','Ashby','3733 Shady Lane','Grand Rapids','Michigan',85659,'1971-02-25 00:00:00',46,'F','Married'),(45,'Lambert','Barr','7135 Shady Lane','Duluth','Minnesota',36563,'1957-01-14 00:00:00',36,'M','Married'),(46,'Landino','Barrett','7494 Shady Lane','Minneapolis','Minnesota',88742,'1978-01-14 00:00:00',45,'F','Married'),(47,'Laplante','Bennett','1165 Shady Lane','Biloxi','Mississippi',76146,'1968-02-16 00:00:00',25,'M','Married'),(48,'Larkin','Zohnson','3904 Shady Lane','Jackson','Mississippi',34099,'1970-03-18 00:00:00',51,'F','Coresident'),(49,'McClellan',NULL,'7482 Shady Lane','St. Louis','Missouri',12775,'1974-06-07 00:00:00',40,'M','Single'),(50,'Minkel',NULL,'8305 Shady Lane','Springfield','Missouri',21267,'1961-12-12 00:00:00',56,'F','Single'),(51,'Moran','Anderson','8034 Shady Lane','Bozeman','Montana',75320,'1955-08-10 00:00:00',29,'M','Married'),(52,'Morton','Antoni','8376 Shady Lane','Butte','Montana',26208,'1956-09-30 00:00:00',42,'F','Married'),(53,'Nielson','Appley','3297 Shady Lane','Lincoln','Nebraska',91783,'1964-04-22 00:00:00',65,'M','Married'),(54,'Noram','Ashby','7515 Shady Lane','North Platte','Nebraska',68787,'1958-11-24 00:00:00',37,'F','Married'),(55,'Norquist','Barr','2734 Shady Lane','Tonopah','Nevada',27607,'1988-11-16 00:00:00',32,'M','Married'),(56,'Novick','Barrett','5526 Shady Lane','Carson City','Nevada',62814,'1995-10-25 00:00:00',48,'F','Married'),(57,'Oakden','Bennett','6388 Shady Lane','Manchester','New Hampshire',54516,'1954-10-30 00:00:00',66,'M','Married'),(58,'Ortiz','Ziller','6351 Shady Lane','Concord','New Hampshire',91175,'1990-12-14 00:00:00',45,'F','Coresident'),(59,'Orson',NULL,'9666 Shady Lane','Trenton','New Jersey',30262,'1995-02-11 00:00:00',63,'M','Single'),(60,'Osborne',NULL,'6425 Shady Lane','Princeton','New Jersey',36656,'1982-05-28 00:00:00',54,'F','Single'),(61,'Page','Anderson','2713 Shady Lane','Albuquerque','New Mexico',12835,'1959-03-10 00:00:00',52,'M','Married'),(62,'Paskins','Antoni','3192 Shady Lane','Taos','New Mexico',68559,'1971-01-21 00:00:00',54,'F','Married'),(63,'Pavlovich','Appley','7414 Shady Lane','New York','New York',45461,'1959-09-10 00:00:00',55,'M','Married'),(64,'Perez','Ashby','6045 Shady Lane','Albany','New York',82633,'1990-05-15 00:00:00',33,'F','Married'),(65,'Queen','Barr','6275 Shady Lane','Raleigh','North Carolina',18553,'1958-01-06 00:00:00',20,'M','Married'),(66,'Quick','Barrett','2710 Shady Lane','Greensboro','North Carolina',60675,'1968-06-27 00:00:00',41,'F','Married'),(67,'Quinn','Bennett','2160 Shady Lane','Fargo','North Dakota',17776,'1981-12-25 00:00:00',26,'M','Married'),(68,'Quiroz','Zendengo','4711 Shady Lane','Bismarck','North Dakota',81241,'1993-09-23 00:00:00',46,'F','Coresident'),(69,'Rasmussen',NULL,'6383 Shady Lane','Oklahoma City','Oklahoma',29394,'1989-11-17 00:00:00',67,'M','Single'),(70,'Redfern',NULL,'3593 Shady Lane','Lawton','Oklahoma',58165,'1993-12-10 00:00:00',47,'F','Single'),(71,'Richards','Anderson','4217 Shady Lane','Cincinnati','Ohio',26524,'1961-11-18 00:00:00',53,'M','Married'),(72,'Rivera','Antoni','732 Shady Lane','Cleveland','Ohio',43468,'1983-05-21 00:00:00',62,'F','Married'),(73,'Sanson','Appley','5043 Shady Lane','Portland','Oregon',42357,'1960-05-16 00:00:00',21,'M','Married'),(74,'Sargent','Ashby','2972 Shady Lane','Medford','Oregon',22808,'1970-07-17 00:00:00',50,'F','Married'),(75,'Siegel','Barr','7782 Shady Lane','Pittsburgh','Pennsylvania',88998,'1970-12-16 00:00:00',48,'M','Married'),(76,'Spicer','Barrett','1359 Shady Lane','Philadelphia','Pennsylvania',76818,'1956-07-29 00:00:00',53,'F','Married'),(77,'Thomas','Bennett','4648 Shady Lane','Providence','Rhode Island',62044,'1968-02-15 00:00:00',49,'M','Married'),(78,'Thompspn','Zottle','4668 Shady Lane','Newport','Rhode Island',47568,'1964-01-29 00:00:00',24,'F','Coresident'),(79,'Turner',NULL,'4018 Shady Lane','Columbia','South Carolina',80653,'1989-07-03 00:00:00',38,'M','Single'),(80,'Tuttle',NULL,'4369 Shady Lane','Charleston','South Carolina',21810,'1980-05-01 00:00:00',28,'F','Single'),(81,'Uphoff','Anderson','4565 Shady Lane','Rapid City','South Dakota',97055,'1991-01-11 00:00:00',32,'M','Married'),(82,'Upton','Antoni','621 Shady Lane','Pierre','South Dakota',95211,'1986-06-16 00:00:00',63,'F','Married'),(83,'Urbani','Appley','4450 Shady Lane','Nashville','Tennessee',74174,'1990-06-04 00:00:00',30,'M','Married'),(84,'Utzig','Ashby','5106 Shady Lane','Knoxville','Tennessee',21040,'1978-10-30 00:00:00',45,'F','Married'),(85,'Valdez','Barr','7173 Shady Lane','Dallas','Texas',98845,'1966-02-02 00:00:00',20,'M','Married'),(86,'Vargas','Barrett','3368 Shady Lane','San Antonio','Texas',31843,'1971-11-11 00:00:00',51,'F','Married'),(87,'Verch','Bennett','1223 Shady Lane','Salt Lake City','Utah',79189,'1977-12-15 00:00:00',62,'M','Married'),(88,'Vogel','Zendius','9636 Shady Lane','Ogden','Utah',37811,'1969-04-14 00:00:00',28,'F','Coresident'),(89,'Wadsworth',NULL,'3857 Shady Lane','Burlington','Vermont',15647,'1990-04-21 00:00:00',65,'M','Single'),(90,'Walsh',NULL,'1055 Shady Lane','Montpelier','Vermont',48551,'1965-06-20 00:00:00',32,'F','Single'),(91,'Watson','Anderson','594 Shady Lane','Richmond','Virginia',14886,'1975-10-25 00:00:00',41,'M','Married'),(92,'Wedig','Antoni','2967 Shady Lane','Norfolk','Virginia',50458,'1963-09-16 00:00:00',50,'F','Married'),(93,'Xanadu','Appley','4529 Shady Lane','Seattle','Washington',20850,'1958-11-02 00:00:00',63,'M','Married'),(94,'Xavier','Ashby','8008 Shady Lane','Tacoma','Washington',27274,'1986-08-12 00:00:00',26,'F','Married'),(95,'Xiong','Barr','3683 Shady Lane','Charleston','West Virginia',28876,'1981-03-17 00:00:00',52,'M','Married'),(96,'Xiques','Barrett','4105 Shady Lane','Clarksburg','West Virginia',13850,'1968-03-13 00:00:00',36,'F','Married'),(97,'Yost','Bennett','7765 Shady Lane','Madison','Wisconsin',45046,'1985-01-29 00:00:00',36,'M','Married'),(98,'Yoder','Zorch','2403 Shady Lane','Milwaukee','Wisconsin',61806,'1981-02-03 00:00:00',38,'F','Coresident'),(99,'Young',NULL,'9979 Shady Lane','Laramie','Wyoming',48170,'1965-09-03 00:00:00',44,'M','Single'),(100,'Youpa',NULL,'9367 Shady Lane','Cheyenne','Wyoming',54524,'1988-02-08 00:00:00',22,'F','Single'),(101,'Anderson','Anderson','7990 Shady Lane','Washington','DC',85208,'1962-10-21 00:00:00',41,'M','Married'),(102,'Antoni','Antoni','3614 Shady Lane','Washington','DC',18832,'1991-09-29 00:00:00',32,'F','Married'),(103,'Appley','Appley','2502 Shady Lane','Birmingham','Alabama',99862,'1981-07-29 00:00:00',50,'M','Married'),(104,'Ashby','Ashby','4843 Shady Lane','Tuscaloosa','Alabama',32973,'1973-11-03 00:00:00',44,'F','Married'),(105,'Barr','Barr','6675 Shady Lane','Anchorage','Alaska',25308,'1968-02-19 00:00:00',33,'M','Married'),(106,'Barrett','Barrett','3538 Shady Lane','Juneau','Alaska',76697,'1954-12-23 00:00:00',60,'F','Married'),(107,'Bennett','Bennett','8382 Shady Lane','Flagstaff','Arizona',46172,'1995-07-26 00:00:00',26,'M','Married'),(108,'Boone','Zachary','7554 Shady Lane','Phoenix','Arizona',46969,'1965-05-24 00:00:00',55,'F','Coresident'),(109,'Clarke',NULL,'7152 Shady Lane','Little Rock','Arkansas',43739,'1968-02-21 00:00:00',59,'M','Single'),(110,'Clewett',NULL,'6474 Shady Lane','Midville','Arkansas',93340,'1988-10-30 00:00:00',21,'F','Single'),(111,'Cluster','Anderson','5491 Shady Lane','San Diego','California',54721,'1964-02-29 00:00:00',35,'M','Married'),(112,'Coghlin','Antoni','128 Shady Lane','Red Bluff','California',43444,'1957-03-14 00:00:00',66,'F','Married'),(113,'Davis','Appley','4622 Shady Lane','Denver','Colorado',75277,'1984-08-04 00:00:00',48,'M','Married'),(114,'DePalma','Ashby','7587 Shady Lane','Steamboat Springs','Colorado',53241,'1992-04-16 00:00:00',68,'F','Married'),(115,'Deardorff','Barr','4899 Shady Lane','Hartford','Connecticut',79470,'1956-05-19 00:00:00',41,'M','Married'),(116,'Dodds','Barrett','1706 Shady Lane','Stamford','Connecticut',93996,'1966-03-25 00:00:00',55,'F','Married'),(117,'Edwards','Bennett','7618 Shady Lane','Wilmington','Delaware',15351,'1977-07-31 00:00:00',34,'M','Married'),(118,'Edholm','Zovius','3272 Shady Lane','Ashton','Delaware',23896,'1964-09-03 00:00:00',55,'F','Coresident'),(119,'Emory',NULL,'3088 Shady Lane','Sarasota','Florida',66490,'1974-12-05 00:00:00',53,'M','Single'),(120,'Erickson',NULL,'3009 Shady Lane','Miami','Florida',62191,'1970-10-16 00:00:00',51,'F','Single'),(121,'Farrell','Anderson','7346 Shady Lane','Norcross','Georgia',47404,'1992-12-13 00:00:00',53,'M','Married'),(122,'Faulkner','Antoni','9743 Shady Lane','Augusta','Georgia',88770,'1986-06-20 00:00:00',24,'F','Married'),(123,'Foley','Appley','4795 Shady Lane','Kona','Hawaii',86766,'1980-06-28 00:00:00',36,'M','Married'),(124,'Ford','Ashby','4775 Shady Lane','Hilo','Hawaii',24715,'1963-06-05 00:00:00',27,'F','Married'),(125,'Gage','Barr','4667 Shady Lane','Ketchum','Idaho',10810,'1977-10-21 00:00:00',52,'M','Married'),(126,'Galt','Barrett','8293 Shady Lane','Sun Valley','Idaho',71993,'1976-05-05 00:00:00',23,'F','Married'),(127,'Gray','Bennett','1184 Shady Lane','Chicago','Illinois',13425,'1959-10-06 00:00:00',34,'M','Married'),(128,'Guy','Zigurat','2058 Shady Lane','Decatur','Illinois',15387,'1981-05-28 00:00:00',58,'F','Coresident'),(129,'Haines',NULL,'9178 Shady Lane','Lafayette','Indiana',19796,'1973-07-27 00:00:00',62,'M','Single'),(130,'Hale',NULL,'8174 Shady Lane','Indianapolis','Indiana',33966,'1956-07-18 00:00:00',47,'F','Single'),(131,'Hatch','Anderson','269 Shady Lane','Des Moines','Iowa',49500,'1955-03-20 00:00:00',34,'M','Married'),(132,'Hatton','Antoni','9416 Shady Lane','Council Bluffs','Iowa',66103,'1971-02-10 00:00:00',64,'F','Married'),(133,'Ide','Appley','2909 Shady Lane','Topeka','Kansas',46225,'1963-08-12 00:00:00',62,'M','Married'),(134,'Ilgen','Ashby','4339 Shady Lane','Kansas City','Kansas',27927,'1988-09-30 00:00:00',44,'F','Married'),(135,'Infante','Barr','1971 Shady Lane','Lexington','Kentucky',55434,'1955-08-09 00:00:00',31,'M','Married'),(136,'Isbell','Barrett','9337 Shady Lane','Blueridge','Kentucky',22289,'1958-11-26 00:00:00',40,'F','Married'),(137,'Jackson','Bennett','8498 Shady Lane','New Orleans','Louisiana',39075,'1994-04-14 00:00:00',46,'M','Married'),(138,'Jarrett','Zound','6363 Shady Lane','Shreveport','Louisiana',11867,'1984-06-12 00:00:00',36,'F','Coresident'),(139,'Jensen',NULL,'2039 Shady Lane','Bethesda','Maryland',10033,'1984-01-01 00:00:00',44,'M','Single'),(140,'Johnson',NULL,'2566 Shady Lane','Baltimore','Maryland',92320,'1957-03-01 00:00:00',66,'F','Single'),(141,'Kessler','Anderson','9560 Shady Lane','Augusta','Maine',30347,'1962-01-28 00:00:00',68,'M','Married'),(142,'Kitch','Antoni','1146 Shady Lane','Bangor','Maine',65462,'1993-11-01 00:00:00',66,'F','Married'),(143,'Knipe','Appley','9882 Shady Lane','Boston','Massachusetts',49620,'1960-04-20 00:00:00',25,'M','Married'),(144,'Knutsen','Ashby','1739 Shady Lane','Greenfield','Massachusetts',75174,'1969-12-04 00:00:00',48,'F','Married'),(145,'Lambert','Barr','4488 Shady Lane','Ann Arbor','Michigan',26846,'1989-10-07 00:00:00',25,'M','Married'),(146,'Landino','Barrett','7301 Shady Lane','Grand Rapids','Michigan',60675,'1993-05-25 00:00:00',48,'F','Married'),(147,'Laplante','Bennett','5506 Shady Lane','Duluth','Minnesota',99747,'1979-02-23 00:00:00',45,'M','Married'),(148,'Larkin','Zohnson','3284 Shady Lane','Minneapolis','Minnesota',72833,'1978-03-05 00:00:00',30,'F','Coresident'),(149,'McClellan',NULL,'6558 Shady Lane','Biloxi','Mississippi',75426,'1982-04-05 00:00:00',31,'M','Single'),(150,'Minkel',NULL,'5682 Shady Lane','Jackson','Mississippi',69666,'1959-02-20 00:00:00',54,'F','Single'),(151,'Moran','Anderson','2819 Shady Lane','St. Louis','Missouri',26029,'1968-07-24 00:00:00',32,'M','Married'),(152,'Morton','Antoni','7710 Shady Lane','Springfield','Missouri',40791,'1973-11-17 00:00:00',49,'F','Married'),(153,'Nielson','Appley','6229 Shady Lane','Bozeman','Montana',29772,'1955-06-23 00:00:00',46,'M','Married'),(154,'Noram','Ashby','4539 Shady Lane','Butte','Montana',88210,'1961-07-03 00:00:00',30,'F','Married'),(155,'Norquist','Barr','643 Shady Lane','Lincoln','Nebraska',76196,'1969-08-15 00:00:00',69,'M','Married'),(156,'Novick','Barrett','8590 Shady Lane','North Platte','Nebraska',73954,'1975-01-17 00:00:00',22,'F','Married'),(157,'Oakden','Bennett','4614 Shady Lane','Tonopah','Nevada',13553,'1963-10-02 00:00:00',35,'M','Married'),(158,'Ortiz','Ziller','9513 Shady Lane','Carson City','Nevada',98919,'1970-06-29 00:00:00',68,'F','Coresident'),(159,'Orson',NULL,'7198 Shady Lane','Manchester','New Hampshire',40618,'1960-05-13 00:00:00',39,'M','Single'),(160,'Osborne',NULL,'5512 Shady Lane','Concord','New Hampshire',45925,'1995-08-06 00:00:00',24,'F','Single'),(161,'Page','Anderson','1807 Shady Lane','Trenton','New Jersey',55496,'1995-10-07 00:00:00',69,'M','Married'),(162,'Paskins','Antoni','3883 Shady Lane','Princeton','New Jersey',88689,'1966-05-16 00:00:00',50,'F','Married'),(163,'Pavlovich','Appley','133 Shady Lane','Albuquerque','New Mexico',97013,'1965-02-15 00:00:00',48,'M','Married'),(164,'Perez','Ashby','2435 Shady Lane','Taos','New Mexico',41925,'1980-11-06 00:00:00',65,'F','Married'),(165,'Queen','Barr','5342 Shady Lane','New York','New York',98476,'1983-12-29 00:00:00',43,'M','Married'),(166,'Quick','Barrett','7213 Shady Lane','Albany','New York',97032,'1982-12-08 00:00:00',54,'F','Married'),(167,'Quinn','Bennett','9648 Shady Lane','Raleigh','North Carolina',40965,'1987-07-22 00:00:00',37,'M','Married'),(168,'Quiroz','Zendengo','2146 Shady Lane','Greensboro','North Carolina',32119,'1992-02-03 00:00:00',21,'F','Coresident'),(169,'Rasmussen',NULL,'648 Shady Lane','Fargo','North Dakota',91022,'1969-02-22 00:00:00',47,'M','Single'),(170,'Redfern',NULL,'7043 Shady Lane','Bismarck','North Dakota',56281,'1990-10-15 00:00:00',55,'F','Single'),(171,'Richards','Anderson','8305 Shady Lane','Oklahoma City','Oklahoma',57897,'1964-10-04 00:00:00',57,'M','Married'),(172,'Rivera','Antoni','2269 Shady Lane','Lawton','Oklahoma',91268,'1994-06-08 00:00:00',37,'F','Married'),(173,'Sanson','Appley','5560 Shady Lane','Cincinnati','Ohio',50361,'1973-02-01 00:00:00',49,'M','Married'),(174,'Sargent','Ashby','3483 Shady Lane','Cleveland','Ohio',55950,'1975-02-03 00:00:00',53,'F','Married'),(175,'Siegel','Barr','2819 Shady Lane','Portland','Oregon',51179,'1990-08-22 00:00:00',39,'M','Married'),(176,'Spicer','Barrett','1801 Shady Lane','Medford','Oregon',86828,'1966-10-10 00:00:00',45,'F','Married'),(177,'Thomas','Bennett','1290 Shady Lane','Pittsburgh','Pennsylvania',89242,'1961-08-14 00:00:00',62,'M','Married'),(178,'Thompspn','Zottle','9602 Shady Lane','Philadelphia','Pennsylvania',39052,'1986-03-15 00:00:00',24,'F','Coresident'),(179,'Turner',NULL,'7389 Shady Lane','Providence','Rhode Island',54086,'1974-02-17 00:00:00',33,'M','Single'),(180,'Tuttle',NULL,'7420 Shady Lane','Newport','Rhode Island',13321,'1962-12-02 00:00:00',58,'F','Single'),(181,'Uphoff','Anderson','2031 Shady Lane','Columbia','South Carolina',70998,'1973-01-15 00:00:00',46,'M','Married'),(182,'Upton','Antoni','9631 Shady Lane','Charleston','South Carolina',53416,'1967-07-19 00:00:00',53,'F','Married'),(183,'Urbani','Appley','6504 Shady Lane','Rapid City','South Dakota',91326,'1963-03-10 00:00:00',66,'M','Married'),(184,'Utzig','Ashby','1130 Shady Lane','Pierre','South Dakota',73577,'1988-05-11 00:00:00',22,'F','Married'),(185,'Valdez','Barr','6261 Shady Lane','Nashville','Tennessee',90895,'1969-10-10 00:00:00',31,'M','Married'),(186,'Vargas','Barrett','6550 Shady Lane','Knoxville','Tennessee',76911,'1957-06-12 00:00:00',21,'F','Married'),(187,'Verch','Bennett','1854 Shady Lane','Dallas','Texas',74432,'1965-02-19 00:00:00',21,'M','Married'),(188,'Vogel','Zendius','4217 Shady Lane','San Antonio','Texas',33197,'1991-12-06 00:00:00',48,'F','Coresident'),(189,'Wadsworth',NULL,'444 Shady Lane','Salt Lake City','Utah',57842,'1973-04-15 00:00:00',33,'M','Single'),(190,'Walsh',NULL,'1509 Shady Lane','Ogden','Utah',86063,'1985-10-24 00:00:00',46,'F','Single'),(191,'Watson','Anderson','5954 Shady Lane','Burlington','Vermont',44280,'1980-04-11 00:00:00',53,'M','Married'),(192,'Wedig','Antoni','1623 Shady Lane','Montpelier','Vermont',99312,'1967-02-04 00:00:00',29,'F','Married'),(193,'Xanadu','Appley','3334 Shady Lane','Richmond','Virginia',31980,'1976-07-14 00:00:00',61,'M','Married'),(194,'Xavier','Ashby','2462 Shady Lane','Norfolk','Virginia',80771,'1982-09-10 00:00:00',28,'F','Married'),(195,'Xiong','Barr','369 Shady Lane','Seattle','Washington',95484,'1984-02-03 00:00:00',67,'M','Married'),(196,'Xiques','Barrett','4568 Shady Lane','Tacoma','Washington',52700,'1965-07-26 00:00:00',31,'F','Married'),(197,'Yost','Bennett','955 Shady Lane','Charleston','West Virginia',80198,'1987-04-23 00:00:00',39,'M','Married'),(198,'Yoder','Zorch','3830 Shady Lane','Clarksburg','West Virginia',46689,'1986-10-01 00:00:00',47,'F','Coresident'),(199,'Young',NULL,'9517 Shady Lane','Madison','Wisconsin',86082,'1956-02-27 00:00:00',21,'M','Single'),(200,'Youpa',NULL,'6244 Shady Lane','Milwaukee','Wisconsin',54481,'1962-10-05 00:00:00',34,'F','Single'),(201,'Anderson','Anderson','1103 Shady Lane','Laramie','Wyoming',19367,'1994-10-31 00:00:00',43,'M','Married'),(202,'Antoni','Antoni','7879 Shady Lane','Cheyenne','Wyoming',43624,'1975-04-19 00:00:00',36,'F','Married'),(203,'Appley','Appley','7496 Shady Lane','Washington','DC',43142,'1992-06-14 00:00:00',60,'M','Married'),(204,'Ashby','Ashby','4823 Shady Lane','Washington','DC',81168,'1983-11-09 00:00:00',50,'F','Married'),(205,'Barr','Barr','3478 Shady Lane','Birmingham','Alabama',35129,'1983-06-26 00:00:00',53,'M','Married'),(206,'Barrett','Barrett','6096 Shady Lane','Tuscaloosa','Alabama',48325,'1994-04-20 00:00:00',48,'F','Married'),(207,'Bennett','Bennett','1316 Shady Lane','Anchorage','Alaska',47407,'1994-06-25 00:00:00',63,'M','Married'),(208,'Boone','Zachary','299 Shady Lane','Juneau','Alaska',24882,'1959-08-08 00:00:00',25,'F','Coresident'),(209,'Clarke',NULL,'8849 Shady Lane','Flagstaff','Arizona',25686,'1964-05-10 00:00:00',67,'M','Single'),(210,'Clewett',NULL,'1773 Shady Lane','Phoenix','Arizona',98045,'1982-12-03 00:00:00',58,'F','Single'),(211,'Cluster','Anderson','9281 Shady Lane','Little Rock','Arkansas',89458,'1958-09-11 00:00:00',55,'M','Married'),(212,'Coghlin','Antoni','396 Shady Lane','Midville','Arkansas',92107,'1991-06-17 00:00:00',67,'F','Married'),(213,'Davis','Appley','5948 Shady Lane','San Diego','California',96337,'1965-01-17 00:00:00',38,'M','Married'),(214,'DePalma','Ashby','9391 Shady Lane','Red Bluff','California',61371,'1969-08-14 00:00:00',66,'F','Married'),(215,'Deardorff','Barr','5681 Shady Lane','Denver','Colorado',96697,'1981-09-29 00:00:00',60,'M','Married'),(216,'Dodds','Barrett','8868 Shady Lane','Steamboat Springs','Colorado',82192,'1978-07-07 00:00:00',35,'F','Married'),(217,'Edwards','Bennett','6921 Shady Lane','Hartford','Connecticut',12098,'1982-08-19 00:00:00',65,'M','Married'),(218,'Edholm','Zovius','651 Shady Lane','Stamford','Connecticut',29485,'1981-10-24 00:00:00',20,'F','Coresident'),(219,'Emory',NULL,'1164 Shady Lane','Wilmington','Delaware',57825,'1986-01-06 00:00:00',69,'M','Single'),(220,'Erickson',NULL,'8246 Shady Lane','Ashton','Delaware',17518,'1988-09-18 00:00:00',49,'F','Single'),(221,'Farrell','Anderson','1463 Shady Lane','Sarasota','Florida',66755,'1968-09-22 00:00:00',60,'M','Married'),(222,'Faulkner','Antoni','1749 Shady Lane','Miami','Florida',59690,'1962-10-10 00:00:00',29,'F','Married'),(223,'Foley','Appley','8605 Shady Lane','Norcross','Georgia',61467,'1979-01-20 00:00:00',44,'M','Married'),(224,'Ford','Ashby','8786 Shady Lane','Augusta','Georgia',56099,'1973-05-26 00:00:00',40,'F','Married'),(225,'Gage','Barr','9237 Shady Lane','Kona','Hawaii',72923,'1989-02-28 00:00:00',36,'M','Married'),(226,'Galt','Barrett','9051 Shady Lane','Hilo','Hawaii',64661,'1974-06-09 00:00:00',49,'F','Married'),(227,'Gray','Bennett','8184 Shady Lane','Ketchum','Idaho',14253,'1963-06-06 00:00:00',63,'M','Married'),(228,'Guy','Zigurat','36 Shady Lane','Sun Valley','Idaho',47198,'1992-05-29 00:00:00',68,'F','Coresident'),(229,'Haines',NULL,'5679 Shady Lane','Chicago','Illinois',46734,'1985-08-24 00:00:00',31,'M','Single'),(230,'Hale',NULL,'5119 Shady Lane','Decatur','Illinois',78584,'1962-07-18 00:00:00',44,'F','Single'),(231,'Hatch','Anderson','7504 Shady Lane','Lafayette','Indiana',41862,'1957-02-07 00:00:00',20,'M','Married'),(232,'Hatton','Antoni','3829 Shady Lane','Indianapolis','Indiana',22420,'1967-09-18 00:00:00',43,'F','Married'),(233,'Ide','Appley','8371 Shady Lane','Des Moines','Iowa',57468,'1966-04-08 00:00:00',53,'M','Married'),(234,'Ilgen','Ashby','8070 Shady Lane','Council Bluffs','Iowa',15715,'1976-11-25 00:00:00',62,'F','Married'),(235,'Infante','Barr','867 Shady Lane','Topeka','Kansas',91747,'1965-03-12 00:00:00',61,'M','Married'),(236,'Isbell','Barrett','5149 Shady Lane','Kansas City','Kansas',70659,'1977-03-05 00:00:00',28,'F','Married'),(237,'Jackson','Bennett','1735 Shady Lane','Lexington','Kentucky',57188,'1955-11-15 00:00:00',68,'M','Married'),(238,'Jarrett','Zound','3510 Shady Lane','Blueridge','Kentucky',60740,'1958-02-14 00:00:00',28,'F','Coresident'),(239,'Jensen',NULL,'5711 Shady Lane','New Orleans','Louisiana',25587,'1956-10-12 00:00:00',28,'M','Single'),(240,'Johnson',NULL,'2676 Shady Lane','Shreveport','Louisiana',24807,'1975-05-27 00:00:00',51,'F','Single'),(241,'Kessler','Anderson','3963 Shady Lane','Bethesda','Maryland',99908,'1971-07-20 00:00:00',68,'M','Married'),(242,'Kitch','Antoni','3076 Shady Lane','Baltimore','Maryland',27183,'1967-07-13 00:00:00',57,'F','Married'),(243,'Knipe','Appley','2307 Shady Lane','Augusta','Maine',36928,'1994-09-06 00:00:00',46,'M','Married'),(244,'Knutsen','Ashby','1555 Shady Lane','Bangor','Maine',72072,'1958-07-29 00:00:00',27,'F','Married'),(245,'Lambert','Barr','698 Shady Lane','Boston','Massachusetts',73073,'1965-02-07 00:00:00',32,'M','Married'),(246,'Landino','Barrett','5574 Shady Lane','Greenfield','Massachusetts',91805,'1981-08-23 00:00:00',38,'F','Married'),(247,'Laplante','Bennett','3637 Shady Lane','Ann Arbor','Michigan',15075,'1983-10-25 00:00:00',66,'M','Married'),(248,'Larkin','Zohnson','7567 Shady Lane','Grand Rapids','Michigan',17764,'1969-07-09 00:00:00',43,'F','Coresident'),(249,'McClellan',NULL,'8208 Shady Lane','Duluth','Minnesota',52654,'1971-01-10 00:00:00',51,'M','Single'),(250,'Minkel',NULL,'5889 Shady Lane','Minneapolis','Minnesota',82315,'1971-07-22 00:00:00',25,'F','Single'),(251,'Moran','Anderson','7621 Shady Lane','Biloxi','Mississippi',47672,'1960-08-29 00:00:00',21,'M','Married'),(252,'Morton','Antoni','4846 Shady Lane','Jackson','Mississippi',20820,'1959-01-27 00:00:00',68,'F','Married'),(253,'Nielson','Appley','3892 Shady Lane','St. Louis','Missouri',10985,'1993-06-29 00:00:00',39,'M','Married'),(254,'Noram','Ashby','7287 Shady Lane','Springfield','Missouri',80656,'1979-05-08 00:00:00',66,'F','Married'),(255,'Norquist','Barr','6568 Shady Lane','Bozeman','Montana',47792,'1988-11-25 00:00:00',39,'M','Married'),(256,'Novick','Barrett','4062 Shady Lane','Butte','Montana',32247,'1974-07-27 00:00:00',60,'F','Married'),(257,'Oakden','Bennett','9008 Shady Lane','Lincoln','Nebraska',91582,'1980-07-21 00:00:00',33,'M','Married'),(258,'Ortiz','Ziller','5200 Shady Lane','North Platte','Nebraska',72771,'1975-05-21 00:00:00',63,'F','Coresident'),(259,'Orson',NULL,'159 Shady Lane','Tonopah','Nevada',97162,'1978-06-26 00:00:00',60,'M','Single'),(260,'Osborne',NULL,'8100 Shady Lane','Carson City','Nevada',61359,'1979-11-29 00:00:00',41,'F','Single'),(261,'Page','Anderson','7175 Shady Lane','Manchester','New Hampshire',67784,'1995-02-02 00:00:00',35,'M','Married'),(262,'Paskins','Antoni','6311 Shady Lane','Concord','New Hampshire',84968,'1976-01-07 00:00:00',35,'F','Married'),(263,'Pavlovich','Appley','6685 Shady Lane','Trenton','New Jersey',94508,'1981-12-15 00:00:00',69,'M','Married'),(264,'Perez','Ashby','8449 Shady Lane','Princeton','New Jersey',99365,'1976-10-17 00:00:00',61,'F','Married'),(265,'Queen','Barr','4599 Shady Lane','Albuquerque','New Mexico',94039,'1959-06-27 00:00:00',64,'M','Married'),(266,'Quick','Barrett','7749 Shady Lane','Taos','New Mexico',84018,'1984-10-01 00:00:00',46,'F','Married'),(267,'Quinn','Bennett','8185 Shady Lane','New York','New York',38781,'1993-08-16 00:00:00',52,'M','Married'),(268,'Quiroz','Zendengo','6171 Shady Lane','Albany','New York',91473,'1970-06-05 00:00:00',29,'F','Coresident'),(269,'Rasmussen',NULL,'8539 Shady Lane','Raleigh','North Carolina',79362,'1959-12-19 00:00:00',52,'M','Single'),(270,'Redfern',NULL,'6719 Shady Lane','Greensboro','North Carolina',31249,'1965-09-10 00:00:00',66,'F','Single'),(271,'Richards','Anderson','8024 Shady Lane','Fargo','North Dakota',95507,'1979-08-29 00:00:00',27,'M','Married'),(272,'Rivera','Antoni','7224 Shady Lane','Bismarck','North Dakota',11798,'1957-02-24 00:00:00',44,'F','Married'),(273,'Sanson','Appley','354 Shady Lane','Oklahoma City','Oklahoma',47420,'1979-08-25 00:00:00',44,'M','Married'),(274,'Sargent','Ashby','233 Shady Lane','Lawton','Oklahoma',70655,'1990-09-13 00:00:00',33,'F','Married'),(275,'Siegel','Barr','6762 Shady Lane','Cincinnati','Ohio',20583,'1973-05-02 00:00:00',52,'M','Married'),(276,'Spicer','Barrett','2807 Shady Lane','Cleveland','Ohio',19896,'1980-07-30 00:00:00',68,'F','Married'),(277,'Thomas','Bennett','3808 Shady Lane','Portland','Oregon',25391,'1959-01-16 00:00:00',47,'M','Married'),(278,'Thompspn','Zottle','9183 Shady Lane','Medford','Oregon',77615,'1961-12-05 00:00:00',33,'F','Coresident'),(279,'Turner',NULL,'5034 Shady Lane','Pittsburgh','Pennsylvania',64248,'1968-05-23 00:00:00',42,'M','Single'),(280,'Tuttle',NULL,'7333 Shady Lane','Philadelphia','Pennsylvania',90456,'1958-04-14 00:00:00',39,'F','Single'),(281,'Uphoff','Anderson','5445 Shady Lane','Providence','Rhode Island',81351,'1984-07-04 00:00:00',42,'M','Married'),(282,'Upton','Antoni','7086 Shady Lane','Newport','Rhode Island',32652,'1984-04-16 00:00:00',69,'F','Married'),(283,'Urbani','Appley','235 Shady Lane','Columbia','South Carolina',23343,'1958-07-04 00:00:00',47,'M','Married'),(284,'Utzig','Ashby','8197 Shady Lane','Charleston','South Carolina',34591,'1959-06-20 00:00:00',41,'F','Married'),(285,'Valdez','Barr','4637 Shady Lane','Rapid City','South Dakota',72662,'1990-09-26 00:00:00',63,'M','Married'),(286,'Vargas','Barrett','9810 Shady Lane','Pierre','South Dakota',17683,'1958-06-18 00:00:00',31,'F','Married'),(287,'Verch','Bennett','8413 Shady Lane','Nashville','Tennessee',65766,'1963-05-27 00:00:00',21,'M','Married'),(288,'Vogel','Zendius','7978 Shady Lane','Knoxville','Tennessee',59248,'1960-03-09 00:00:00',46,'F','Coresident'),(289,'Wadsworth',NULL,'2861 Shady Lane','Dallas','Texas',41388,'1967-11-27 00:00:00',36,'M','Single'),(290,'Walsh',NULL,'9224 Shady Lane','San Antonio','Texas',48666,'1980-01-14 00:00:00',49,'F','Single'),(291,'Watson','Anderson','601 Shady Lane','Salt Lake City','Utah',61839,'1968-11-01 00:00:00',54,'M','Married'),(292,'Wedig','Antoni','6549 Shady Lane','Ogden','Utah',13379,'1994-08-13 00:00:00',55,'F','Married'),(293,'Xanadu','Appley','7996 Shady Lane','Burlington','Vermont',95760,'1986-05-18 00:00:00',20,'M','Married'),(294,'Xavier','Ashby','8470 Shady Lane','Montpelier','Vermont',60330,'1984-07-07 00:00:00',56,'F','Married'),(295,'Xiong','Barr','3216 Shady Lane','Richmond','Virginia',40703,'1964-01-22 00:00:00',47,'M','Married'),(296,'Xiques','Barrett','1860 Shady Lane','Norfolk','Virginia',68624,'1970-11-05 00:00:00',42,'F','Married'),(297,'Yost','Bennett','6895 Shady Lane','Seattle','Washington',45355,'1962-09-05 00:00:00',26,'M','Married'),(298,'Yoder','Zorch','6349 Shady Lane','Tacoma','Washington',30591,'1988-10-25 00:00:00',60,'F','Coresident'),(299,'Young',NULL,'9249 Shady Lane','Charleston','West Virginia',27774,'1963-01-21 00:00:00',54,'M','Single'),(300,'Youpa',NULL,'2697 Shady Lane','Clarksburg','West Virginia',87071,'1980-09-21 00:00:00',59,'F','Single'),(301,'Anderson','Anderson','9033 Shady Lane','Madison','Wisconsin',45739,'1983-01-08 00:00:00',33,'M','Married'),(302,'Antoni','Antoni','8410 Shady Lane','Milwaukee','Wisconsin',30822,'1992-03-28 00:00:00',54,'F','Married'),(303,'Appley','Appley','6737 Shady Lane','Laramie','Wyoming',49820,'1980-04-06 00:00:00',40,'M','Married'),(304,'Ashby','Ashby','3285 Shady Lane','Cheyenne','Wyoming',55161,'1972-11-27 00:00:00',47,'F','Married'),(305,'Barr','Barr','2255 Shady Lane','Washington','DC',41710,'1991-08-19 00:00:00',64,'M','Married'),(306,'Barrett','Barrett','609 Shady Lane','Washington','DC',58360,'1966-03-22 00:00:00',61,'F','Married'),(307,'Bennett','Bennett','7844 Shady Lane','Birmingham','Alabama',47011,'1985-06-04 00:00:00',64,'M','Married'),(308,'Boone','Zachary','525 Shady Lane','Tuscaloosa','Alabama',98526,'1973-10-16 00:00:00',61,'F','Coresident'),(309,'Clarke',NULL,'2197 Shady Lane','Anchorage','Alaska',51975,'1971-05-24 00:00:00',51,'M','Single'),(310,'Clewett',NULL,'6514 Shady Lane','Juneau','Alaska',71889,'1978-08-31 00:00:00',39,'F','Single'),(311,'Cluster','Anderson','4014 Shady Lane','Flagstaff','Arizona',77436,'1964-08-25 00:00:00',48,'M','Married'),(312,'Coghlin','Antoni','43 Shady Lane','Phoenix','Arizona',17166,'1959-07-01 00:00:00',55,'F','Married'),(313,'Davis','Appley','2034 Shady Lane','Little Rock','Arkansas',28571,'1969-08-23 00:00:00',65,'M','Married'),(314,'DePalma','Ashby','9146 Shady Lane','Midville','Arkansas',78350,'1993-03-10 00:00:00',51,'F','Married'),(315,'Deardorff','Barr','8649 Shady Lane','San Diego','California',75477,'1967-01-10 00:00:00',28,'M','Married'),(316,'Dodds','Barrett','9873 Shady Lane','Red Bluff','California',32672,'1995-10-25 00:00:00',47,'F','Married'),(317,'Edwards','Bennett','9928 Shady Lane','Denver','Colorado',32951,'1995-01-27 00:00:00',37,'M','Married'),(318,'Edholm','Zovius','2632 Shady Lane','Steamboat Springs','Colorado',77537,'1986-02-15 00:00:00',40,'F','Coresident'),(319,'Emory',NULL,'3908 Shady Lane','Hartford','Connecticut',12306,'1983-12-28 00:00:00',59,'M','Single'),(320,'Erickson',NULL,'6066 Shady Lane','Stamford','Connecticut',95852,'1967-06-15 00:00:00',35,'F','Single'),(321,'Farrell','Anderson','5635 Shady Lane','Wilmington','Delaware',70972,'1973-09-30 00:00:00',57,'M','Married'),(322,'Faulkner','Antoni','7127 Shady Lane','Ashton','Delaware',67692,'1963-06-17 00:00:00',68,'F','Married'),(323,'Foley','Appley','566 Shady Lane','Sarasota','Florida',79544,'1966-01-11 00:00:00',52,'M','Married'),(324,'Ford','Ashby','4891 Shady Lane','Miami','Florida',13661,'1993-10-04 00:00:00',66,'F','Married'),(325,'Gage','Barr','8150 Shady Lane','Norcross','Georgia',79707,'1994-10-20 00:00:00',27,'M','Married'),(326,'Galt','Barrett','5028 Shady Lane','Augusta','Georgia',90996,'1972-12-18 00:00:00',39,'F','Married'),(327,'Gray','Bennett','4413 Shady Lane','Kona','Hawaii',78896,'1966-01-19 00:00:00',21,'M','Married'),(328,'Guy','Zigurat','8285 Shady Lane','Hilo','Hawaii',42687,'1995-06-19 00:00:00',47,'F','Coresident'),(329,'Haines',NULL,'4214 Shady Lane','Ketchum','Idaho',18077,'1983-10-20 00:00:00',34,'M','Single'),(330,'Hale',NULL,'4654 Shady Lane','Sun Valley','Idaho',70060,'1981-11-15 00:00:00',59,'F','Single'),(331,'Hatch','Anderson','537 Shady Lane','Chicago','Illinois',25953,'1972-02-27 00:00:00',59,'M','Married'),(332,'Hatton','Antoni','2761 Shady Lane','Decatur','Illinois',20397,'1961-06-27 00:00:00',31,'F','Married'),(333,'Ide','Appley','2621 Shady Lane','Lafayette','Indiana',81352,'1986-06-02 00:00:00',36,'M','Married'),(334,'Ilgen','Ashby','5282 Shady Lane','Indianapolis','Indiana',45888,'1986-08-03 00:00:00',30,'F','Married'),(335,'Infante','Barr','3147 Shady Lane','Des Moines','Iowa',53730,'1994-03-20 00:00:00',29,'M','Married'),(336,'Isbell','Barrett','2289 Shady Lane','Council Bluffs','Iowa',22605,'1978-10-20 00:00:00',23,'F','Married'),(337,'Jackson','Bennett','3290 Shady Lane','Topeka','Kansas',74065,'1972-12-02 00:00:00',68,'M','Married'),(338,'Jarrett','Zound','3360 Shady Lane','Kansas City','Kansas',27835,'1958-06-22 00:00:00',59,'F','Coresident'),(339,'Jensen',NULL,'1804 Shady Lane','Lexington','Kentucky',48204,'1962-11-02 00:00:00',50,'M','Single'),(340,'Johnson',NULL,'9566 Shady Lane','Blueridge','Kentucky',22015,'1957-06-07 00:00:00',64,'F','Single'),(341,'Kessler','Anderson','4148 Shady Lane','New Orleans','Louisiana',38487,'1972-01-30 00:00:00',55,'M','Married'),(342,'Kitch','Antoni','8947 Shady Lane','Shreveport','Louisiana',86441,'1990-12-31 00:00:00',60,'F','Married'),(343,'Knipe','Appley','8788 Shady Lane','Bethesda','Maryland',66460,'1971-11-07 00:00:00',53,'M','Married'),(344,'Knutsen','Ashby','5770 Shady Lane','Baltimore','Maryland',36237,'1989-08-11 00:00:00',32,'F','Married'),(345,'Lambert','Barr','1767 Shady Lane','Augusta','Maine',42362,'1987-03-21 00:00:00',40,'M','Married'),(346,'Landino','Barrett','209 Shady Lane','Bangor','Maine',73697,'1990-06-26 00:00:00',57,'F','Married'),(347,'Laplante','Bennett','2449 Shady Lane','Boston','Massachusetts',13884,'1995-06-13 00:00:00',47,'M','Married'),(348,'Larkin','Zohnson','474 Shady Lane','Greenfield','Massachusetts',15893,'1990-09-13 00:00:00',40,'F','Coresident'),(349,'McClellan',NULL,'49 Shady Lane','Ann Arbor','Michigan',37736,'1969-12-26 00:00:00',57,'M','Single'),(350,'Minkel',NULL,'9629 Shady Lane','Grand Rapids','Michigan',90097,'1977-01-02 00:00:00',31,'F','Single'),(351,'Moran','Anderson','9551 Shady Lane','Duluth','Minnesota',67585,'1975-06-14 00:00:00',56,'M','Married'),(352,'Morton','Antoni','5931 Shady Lane','Minneapolis','Minnesota',12716,'1981-07-27 00:00:00',54,'F','Married'),(353,'Nielson','Appley','118 Shady Lane','Biloxi','Mississippi',66075,'1988-05-19 00:00:00',57,'M','Married'),(354,'Noram','Ashby','810 Shady Lane','Jackson','Mississippi',32219,'1957-07-29 00:00:00',50,'F','Married'),(355,'Norquist','Barr','8214 Shady Lane','St. Louis','Missouri',90925,'1986-07-24 00:00:00',45,'M','Married'),(356,'Novick','Barrett','7532 Shady Lane','Springfield','Missouri',10785,'1975-10-23 00:00:00',38,'F','Married'),(357,'Oakden','Bennett','7899 Shady Lane','Bozeman','Montana',95315,'1976-02-10 00:00:00',27,'M','Married'),(358,'Ortiz','Ziller','2636 Shady Lane','Butte','Montana',98878,'1980-05-14 00:00:00',37,'F','Coresident'),(359,'Orson',NULL,'1952 Shady Lane','Lincoln','Nebraska',87015,'1974-05-06 00:00:00',28,'M','Single'),(360,'Osborne',NULL,'4103 Shady Lane','North Platte','Nebraska',33516,'1974-07-09 00:00:00',21,'F','Single'),(361,'Page','Anderson','9797 Shady Lane','Tonopah','Nevada',44931,'1987-12-29 00:00:00',27,'M','Married'),(362,'Paskins','Antoni','5914 Shady Lane','Carson City','Nevada',13993,'1991-10-27 00:00:00',28,'F','Married'),(363,'Pavlovich','Appley','712 Shady Lane','Manchester','New Hampshire',13542,'1993-05-19 00:00:00',59,'M','Married'),(364,'Perez','Ashby','4019 Shady Lane','Concord','New Hampshire',76606,'1983-10-21 00:00:00',42,'F','Married'),(365,'Queen','Barr','4601 Shady Lane','Trenton','New Jersey',48126,'1968-04-06 00:00:00',27,'M','Married'),(366,'Quick','Barrett','6577 Shady Lane','Princeton','New Jersey',67637,'1963-04-12 00:00:00',68,'F','Married'),(367,'Quinn','Bennett','2291 Shady Lane','Albuquerque','New Mexico',77726,'1959-12-25 00:00:00',45,'M','Married'),(368,'Quiroz','Zendengo','8944 Shady Lane','Taos','New Mexico',75618,'1957-11-30 00:00:00',33,'F','Coresident'),(369,'Rasmussen',NULL,'3544 Shady Lane','New York','New York',64477,'1955-04-18 00:00:00',30,'M','Single'),(370,'Redfern',NULL,'7040 Shady Lane','Albany','New York',96456,'1964-05-13 00:00:00',59,'F','Single'),(371,'Richards','Anderson','2736 Shady Lane','Raleigh','North Carolina',54917,'1961-02-21 00:00:00',21,'M','Married'),(372,'Rivera','Antoni','1392 Shady Lane','Greensboro','North Carolina',75956,'1984-06-15 00:00:00',61,'F','Married'),(373,'Sanson','Appley','801 Shady Lane','Fargo','North Dakota',59897,'1967-02-13 00:00:00',24,'M','Married'),(374,'Sargent','Ashby','2272 Shady Lane','Bismarck','North Dakota',23412,'1975-11-28 00:00:00',23,'F','Married'),(375,'Siegel','Barr','4507 Shady Lane','Oklahoma City','Oklahoma',80977,'1991-07-27 00:00:00',68,'M','Married'),(376,'Spicer','Barrett','7042 Shady Lane','Lawton','Oklahoma',53559,'1961-08-17 00:00:00',22,'F','Married'),(377,'Thomas','Bennett','2918 Shady Lane','Cincinnati','Ohio',56236,'1958-10-10 00:00:00',50,'M','Married'),(378,'Thompspn','Zottle','9812 Shady Lane','Cleveland','Ohio',66998,'1980-11-12 00:00:00',59,'F','Coresident'),(379,'Turner',NULL,'2154 Shady Lane','Portland','Oregon',99357,'1975-07-02 00:00:00',31,'M','Single'),(380,'Tuttle',NULL,'2039 Shady Lane','Medford','Oregon',15884,'1962-05-03 00:00:00',37,'F','Single'),(381,'Uphoff','Anderson','817 Shady Lane','Pittsburgh','Pennsylvania',43722,'1962-05-06 00:00:00',30,'M','Married'),(382,'Upton','Antoni','7809 Shady Lane','Philadelphia','Pennsylvania',18714,'1954-12-06 00:00:00',57,'F','Married'),(383,'Urbani','Appley','1688 Shady Lane','Providence','Rhode Island',23169,'1972-06-07 00:00:00',23,'M','Married'),(384,'Utzig','Ashby','2450 Shady Lane','Newport','Rhode Island',36256,'1992-02-28 00:00:00',60,'F','Married'),(385,'Valdez','Barr','2345 Shady Lane','Columbia','South Carolina',44184,'1993-12-29 00:00:00',26,'M','Married'),(386,'Vargas','Barrett','5897 Shady Lane','Charleston','South Carolina',52441,'1961-10-26 00:00:00',22,'F','Married'),(387,'Verch','Bennett','3745 Shady Lane','Rapid City','South Dakota',59352,'1958-01-08 00:00:00',63,'M','Married'),(388,'Vogel','Zendius','1427 Shady Lane','Pierre','South Dakota',74692,'1968-05-09 00:00:00',41,'F','Coresident'),(389,'Wadsworth',NULL,'325 Shady Lane','Nashville','Tennessee',65099,'1975-07-26 00:00:00',64,'M','Single'),(390,'Walsh',NULL,'2570 Shady Lane','Knoxville','Tennessee',85803,'1986-07-24 00:00:00',48,'F','Single'),(391,'Watson','Anderson','8745 Shady Lane','Dallas','Texas',19990,'1960-08-30 00:00:00',51,'M','Married'),(392,'Wedig','Antoni','8733 Shady Lane','San Antonio','Texas',47864,'1963-01-25 00:00:00',37,'F','Married'),(393,'Xanadu','Appley','9423 Shady Lane','Salt Lake City','Utah',20624,'1992-05-01 00:00:00',42,'M','Married'),(394,'Xavier','Ashby','2624 Shady Lane','Ogden','Utah',59614,'1984-07-11 00:00:00',37,'F','Married'),(395,'Xiong','Barr','605 Shady Lane','Burlington','Vermont',35574,'1962-07-12 00:00:00',44,'M','Married'),(396,'Xiques','Barrett','4422 Shady Lane','Montpelier','Vermont',99612,'1965-01-07 00:00:00',36,'F','Married'),(397,'Yost','Bennett','9855 Shady Lane','Richmond','Virginia',89081,'1957-12-29 00:00:00',58,'M','Married'),(398,'Yoder','Zorch','6755 Shady Lane','Norfolk','Virginia',79056,'1985-03-28 00:00:00',28,'F','Coresident'),(399,'Young',NULL,'5860 Shady Lane','Seattle','Washington',82876,'1979-05-17 00:00:00',29,'M','Single'),(400,'Youpa',NULL,'4659 Shady Lane','Tacoma','Washington',67839,'1995-03-23 00:00:00',39,'F','Single'),(401,'Anderson','Anderson','3296 Shady Lane','Charleston','West Virginia',81336,'1961-05-28 00:00:00',58,'M','Married'),(402,'Antoni','Antoni','6914 Shady Lane','Clarksburg','West Virginia',62042,'1955-10-24 00:00:00',35,'F','Married'),(403,'Appley','Appley','250 Shady Lane','Madison','Wisconsin',25923,'1993-01-26 00:00:00',38,'M','Married'),(404,'Ashby','Ashby','273 Shady Lane','Milwaukee','Wisconsin',82941,'1965-11-20 00:00:00',54,'F','Married'),(405,'Barr','Barr','6673 Shady Lane','Laramie','Wyoming',81859,'1995-06-20 00:00:00',47,'M','Married'),(406,'Barrett','Barrett','6103 Shady Lane','Cheyenne','Wyoming',68005,'1959-12-30 00:00:00',57,'F','Married'),(407,'Bennett','Bennett','4503 Shady Lane','Washington','DC',89626,'1964-06-10 00:00:00',28,'M','Married'),(408,'Boone','Zachary','2010 Shady Lane','Washington','DC',31991,'1958-10-18 00:00:00',26,'F','Coresident'),(409,'Clarke',NULL,'1883 Shady Lane','Birmingham','Alabama',93855,'1958-09-10 00:00:00',57,'M','Single'),(410,'Clewett',NULL,'5616 Shady Lane','Tuscaloosa','Alabama',73584,'1955-03-20 00:00:00',61,'F','Single'),(411,'Cluster','Anderson','3748 Shady Lane','Anchorage','Alaska',68028,'1977-12-29 00:00:00',23,'M','Married'),(412,'Coghlin','Antoni','2286 Shady Lane','Juneau','Alaska',50436,'1976-02-18 00:00:00',52,'F','Married'),(413,'Davis','Appley','9531 Shady Lane','Flagstaff','Arizona',73667,'1972-10-15 00:00:00',24,'M','Married'),(414,'DePalma','Ashby','9957 Shady Lane','Phoenix','Arizona',77234,'1969-01-27 00:00:00',65,'F','Married'),(415,'Deardorff','Barr','6165 Shady Lane','Little Rock','Arkansas',99227,'1981-10-04 00:00:00',26,'M','Married'),(416,'Dodds','Barrett','221 Shady Lane','Midville','Arkansas',94665,'1961-12-10 00:00:00',20,'F','Married'),(417,'Edwards','Bennett','2930 Shady Lane','San Diego','California',18875,'1957-12-05 00:00:00',27,'M','Married'),(418,'Edholm','Zovius','3758 Shady Lane','Red Bluff','California',79314,'1970-02-14 00:00:00',58,'F','Coresident'),(419,'Emory',NULL,'3380 Shady Lane','Denver','Colorado',97948,'1987-10-09 00:00:00',59,'M','Single'),(420,'Erickson',NULL,'5601 Shady Lane','Steamboat Springs','Colorado',43456,'1964-09-21 00:00:00',28,'F','Single'),(421,'Farrell','Anderson','5268 Shady Lane','Hartford','Connecticut',18506,'1973-07-01 00:00:00',56,'M','Married'),(422,'Faulkner','Antoni','7799 Shady Lane','Stamford','Connecticut',54268,'1984-11-06 00:00:00',27,'F','Married'),(423,'Foley','Appley','9460 Shady Lane','Wilmington','Delaware',87932,'1987-02-02 00:00:00',22,'M','Married'),(424,'Ford','Ashby','3686 Shady Lane','Ashton','Delaware',41204,'1981-06-13 00:00:00',63,'F','Married'),(425,'Gage','Barr','1216 Shady Lane','Sarasota','Florida',35753,'1982-03-19 00:00:00',27,'M','Married'),(426,'Galt','Barrett','4536 Shady Lane','Miami','Florida',54545,'1968-02-06 00:00:00',43,'F','Married'),(427,'Gray','Bennett','8077 Shady Lane','Norcross','Georgia',16024,'1961-12-19 00:00:00',64,'M','Married'),(428,'Guy','Zigurat','634 Shady Lane','Augusta','Georgia',68368,'1955-01-01 00:00:00',27,'F','Coresident'),(429,'Haines',NULL,'6620 Shady Lane','Kona','Hawaii',60678,'1989-02-19 00:00:00',50,'M','Single'),(430,'Hale',NULL,'4529 Shady Lane','Hilo','Hawaii',46869,'1993-05-12 00:00:00',58,'F','Single'),(431,'Hatch','Anderson','7796 Shady Lane','Ketchum','Idaho',58528,'1993-10-06 00:00:00',24,'M','Married'),(432,'Hatton','Antoni','3385 Shady Lane','Sun Valley','Idaho',74931,'1967-03-31 00:00:00',28,'F','Married'),(433,'Ide','Appley','6474 Shady Lane','Chicago','Illinois',73865,'1993-03-18 00:00:00',65,'M','Married'),(434,'Ilgen','Ashby','6839 Shady Lane','Decatur','Illinois',41261,'1954-11-14 00:00:00',59,'F','Married'),(435,'Infante','Barr','457 Shady Lane','Lafayette','Indiana',57636,'1961-02-22 00:00:00',38,'M','Married'),(436,'Isbell','Barrett','5410 Shady Lane','Indianapolis','Indiana',51853,'1963-05-05 00:00:00',58,'F','Married'),(437,'Jackson','Bennett','4055 Shady Lane','Des Moines','Iowa',43561,'1968-11-16 00:00:00',58,'M','Married'),(438,'Jarrett','Zound','9465 Shady Lane','Council Bluffs','Iowa',57109,'1993-11-26 00:00:00',44,'F','Coresident'),(439,'Jensen',NULL,'9974 Shady Lane','Topeka','Kansas',91915,'1973-07-08 00:00:00',35,'M','Single'),(440,'Johnson',NULL,'9549 Shady Lane','Kansas City','Kansas',15042,'1974-06-17 00:00:00',49,'F','Single'),(441,'Kessler','Anderson','5052 Shady Lane','Lexington','Kentucky',47214,'1985-06-13 00:00:00',51,'M','Married'),(442,'Kitch','Antoni','4889 Shady Lane','Blueridge','Kentucky',25256,'1984-01-31 00:00:00',29,'F','Married'),(443,'Knipe','Appley','9939 Shady Lane','New Orleans','Louisiana',15062,'1979-04-22 00:00:00',57,'M','Married'),(444,'Knutsen','Ashby','3664 Shady Lane','Shreveport','Louisiana',66193,'1960-01-31 00:00:00',46,'F','Married'),(445,'Lambert','Barr','1842 Shady Lane','Bethesda','Maryland',21293,'1955-01-01 00:00:00',31,'M','Married'),(446,'Landino','Barrett','6246 Shady Lane','Baltimore','Maryland',58744,'1994-08-27 00:00:00',30,'F','Married'),(447,'Laplante','Bennett','6921 Shady Lane','Augusta','Maine',35065,'1978-10-08 00:00:00',28,'M','Married'),(448,'Larkin','Zohnson','5645 Shady Lane','Bangor','Maine',48551,'1977-04-01 00:00:00',26,'F','Coresident'),(449,'McClellan',NULL,'7351 Shady Lane','Boston','Massachusetts',14234,'1995-05-26 00:00:00',69,'M','Single'),(450,'Minkel',NULL,'7257 Shady Lane','Greenfield','Massachusetts',34186,'1983-04-26 00:00:00',66,'F','Single'),(451,'Moran','Anderson','3322 Shady Lane','Ann Arbor','Michigan',50167,'1989-12-02 00:00:00',53,'M','Married'),(452,'Morton','Antoni','5620 Shady Lane','Grand Rapids','Michigan',43060,'1957-04-14 00:00:00',57,'F','Married'),(453,'Nielson','Appley','7723 Shady Lane','Duluth','Minnesota',81912,'1959-03-22 00:00:00',30,'M','Married'),(454,'Noram','Ashby','6613 Shady Lane','Minneapolis','Minnesota',52558,'1985-05-03 00:00:00',26,'F','Married'),(455,'Norquist','Barr','5782 Shady Lane','Biloxi','Mississippi',36502,'1983-07-27 00:00:00',30,'M','Married'),(456,'Novick','Barrett','3959 Shady Lane','Jackson','Mississippi',31422,'1970-12-28 00:00:00',60,'F','Married'),(457,'Oakden','Bennett','4419 Shady Lane','St. Louis','Missouri',92489,'1957-09-20 00:00:00',41,'M','Married'),(458,'Ortiz','Ziller','5997 Shady Lane','Springfield','Missouri',64985,'1962-02-22 00:00:00',52,'F','Coresident'),(459,'Orson',NULL,'8025 Shady Lane','Bozeman','Montana',38560,'1959-09-15 00:00:00',26,'M','Single'),(460,'Osborne',NULL,'2020 Shady Lane','Butte','Montana',83265,'1988-01-22 00:00:00',53,'F','Single'),(461,'Page','Anderson','8980 Shady Lane','Lincoln','Nebraska',15713,'1980-05-27 00:00:00',30,'M','Married'),(462,'Paskins','Antoni','9415 Shady Lane','North Platte','Nebraska',67667,'1983-03-10 00:00:00',68,'F','Married'),(463,'Pavlovich','Appley','932 Shady Lane','Tonopah','Nevada',97049,'1962-12-15 00:00:00',33,'M','Married'),(464,'Perez','Ashby','3222 Shady Lane','Carson City','Nevada',27605,'1966-06-18 00:00:00',62,'F','Married'),(465,'Queen','Barr','6283 Shady Lane','Manchester','New Hampshire',44333,'1956-04-20 00:00:00',41,'M','Married'),(466,'Quick','Barrett','4179 Shady Lane','Concord','New Hampshire',80172,'1955-09-25 00:00:00',42,'F','Married'),(467,'Quinn','Bennett','2140 Shady Lane','Trenton','New Jersey',60779,'1964-02-13 00:00:00',44,'M','Married'),(468,'Quiroz','Zendengo','7549 Shady Lane','Princeton','New Jersey',40693,'1990-09-27 00:00:00',55,'F','Coresident'),(469,'Rasmussen',NULL,'3557 Shady Lane','Albuquerque','New Mexico',60455,'1987-02-15 00:00:00',51,'M','Single'),(470,'Redfern',NULL,'5432 Shady Lane','Taos','New Mexico',16741,'1974-08-15 00:00:00',36,'F','Single'),(471,'Richards','Anderson','3699 Shady Lane','New York','New York',82716,'1963-11-05 00:00:00',67,'M','Married'),(472,'Rivera','Antoni','5000 Shady Lane','Albany','New York',25701,'1955-12-30 00:00:00',65,'F','Married'),(473,'Sanson','Appley','4273 Shady Lane','Raleigh','North Carolina',68148,'1957-06-17 00:00:00',47,'M','Married'),(474,'Sargent','Ashby','4243 Shady Lane','Greensboro','North Carolina',53902,'1995-08-06 00:00:00',29,'F','Married'),(475,'Siegel','Barr','2072 Shady Lane','Fargo','North Dakota',91575,'1991-10-31 00:00:00',50,'M','Married'),(476,'Spicer','Barrett','4623 Shady Lane','Bismarck','North Dakota',88522,'1987-02-23 00:00:00',45,'F','Married'),(477,'Thomas','Bennett','328 Shady Lane','Oklahoma City','Oklahoma',77656,'1962-10-27 00:00:00',28,'M','Married'),(478,'Thompspn','Zottle','6250 Shady Lane','Lawton','Oklahoma',14686,'1988-04-05 00:00:00',23,'F','Coresident'),(479,'Turner',NULL,'5762 Shady Lane','Cincinnati','Ohio',65777,'1969-12-11 00:00:00',28,'M','Single'),(480,'Tuttle',NULL,'8789 Shady Lane','Cleveland','Ohio',80972,'1974-12-17 00:00:00',47,'F','Single'),(481,'Uphoff','Anderson','4968 Shady Lane','Portland','Oregon',92249,'1961-05-18 00:00:00',46,'M','Married'),(482,'Upton','Antoni','3160 Shady Lane','Medford','Oregon',47631,'1967-03-26 00:00:00',35,'F','Married'),(483,'Urbani','Appley','2678 Shady Lane','Pittsburgh','Pennsylvania',65700,'1974-09-09 00:00:00',67,'M','Married'),(484,'Utzig','Ashby','1350 Shady Lane','Philadelphia','Pennsylvania',46469,'1958-06-04 00:00:00',62,'F','Married'),(485,'Valdez','Barr','8997 Shady Lane','Providence','Rhode Island',84349,'1965-06-11 00:00:00',61,'M','Married'),(486,'Vargas','Barrett','1182 Shady Lane','Newport','Rhode Island',50041,'1961-03-04 00:00:00',22,'F','Married'),(487,'Verch','Bennett','9289 Shady Lane','Columbia','South Carolina',66710,'1965-07-14 00:00:00',69,'M','Married'),(488,'Vogel','Zendius','3865 Shady Lane','Charleston','South Carolina',67627,'1965-11-13 00:00:00',67,'F','Coresident'),(489,'Wadsworth',NULL,'8454 Shady Lane','Rapid City','South Dakota',70386,'1972-12-05 00:00:00',36,'M','Single'),(490,'Walsh',NULL,'2697 Shady Lane','Pierre','South Dakota',73193,'1957-02-03 00:00:00',66,'F','Single'),(491,'Watson','Anderson','7950 Shady Lane','Nashville','Tennessee',99713,'1972-01-01 00:00:00',52,'M','Married'),(492,'Wedig','Antoni','176 Shady Lane','Knoxville','Tennessee',95906,'1961-03-17 00:00:00',65,'F','Married'),(493,'Xanadu','Appley','4512 Shady Lane','Dallas','Texas',58465,'1960-03-06 00:00:00',48,'M','Married'),(494,'Xavier','Ashby','6646 Shady Lane','San Antonio','Texas',84344,'1981-04-09 00:00:00',67,'F','Married'),(495,'Xiong','Barr','6636 Shady Lane','Salt Lake City','Utah',83405,'1979-11-25 00:00:00',38,'M','Married'),(496,'Xiques','Barrett','480 Shady Lane','Ogden','Utah',40335,'1965-09-21 00:00:00',39,'F','Married'),(497,'Yost','Bennett','8279 Shady Lane','Burlington','Vermont',57688,'1961-05-02 00:00:00',20,'M','Married'),(498,'Yoder','Zorch','6315 Shady Lane','Montpelier','Vermont',15316,'1987-05-06 00:00:00',25,'F','Coresident'),(499,'Young',NULL,'7476 Shady Lane','Richmond','Virginia',45669,'1995-08-27 00:00:00',30,'M','Single'),(500,'Youpa',NULL,'925 Shady Lane','Norfolk','Virginia',61697,'1981-10-19 00:00:00',64,'F','Single'),(501,'Anderson','Anderson','6118 Shady Lane','Seattle','Washington',57621,'1966-07-23 00:00:00',40,'M','Married'),(502,'Antoni','Antoni','1246 Shady Lane','Tacoma','Washington',84497,'1970-11-16 00:00:00',39,'F','Married'),(503,'Appley','Appley','9498 Shady Lane','Charleston','West Virginia',57082,'1980-04-12 00:00:00',36,'M','Married'),(504,'Ashby','Ashby','9856 Shady Lane','Clarksburg','West Virginia',93632,'1989-11-11 00:00:00',66,'F','Married'),(505,'Barr','Barr','6061 Shady Lane','Madison','Wisconsin',44952,'1977-10-05 00:00:00',36,'M','Married'),(506,'Barrett','Barrett','5544 Shady Lane','Milwaukee','Wisconsin',36663,'1957-09-25 00:00:00',51,'F','Married'),(507,'Bennett','Bennett','5017 Shady Lane','Laramie','Wyoming',83510,'1964-11-20 00:00:00',67,'M','Married'),(508,'Boone','Zachary','3652 Shady Lane','Cheyenne','Wyoming',88013,'1973-06-24 00:00:00',29,'F','Coresident'),(509,'Clarke',NULL,'6257 Shady Lane','Washington','DC',28014,'1965-04-25 00:00:00',23,'M','Single'),(510,'Clewett',NULL,'6110 Shady Lane','Washington','DC',99707,'1961-06-18 00:00:00',45,'F','Single'),(511,'Cluster','Anderson','9793 Shady Lane','Birmingham','Alabama',37166,'1994-07-24 00:00:00',45,'M','Married'),(512,'Coghlin','Antoni','6361 Shady Lane','Tuscaloosa','Alabama',72855,'1957-07-19 00:00:00',36,'F','Married'),(513,'Davis','Appley','3845 Shady Lane','Anchorage','Alaska',18708,'1971-11-21 00:00:00',24,'M','Married'),(514,'DePalma','Ashby','8576 Shady Lane','Juneau','Alaska',58696,'1981-09-04 00:00:00',58,'F','Married'),(515,'Deardorff','Barr','2237 Shady Lane','Flagstaff','Arizona',17941,'1982-06-23 00:00:00',65,'M','Married'),(516,'Dodds','Barrett','8085 Shady Lane','Phoenix','Arizona',83769,'1992-12-07 00:00:00',68,'F','Married'),(517,'Edwards','Bennett','3994 Shady Lane','Little Rock','Arkansas',18381,'1992-08-11 00:00:00',34,'M','Married'),(518,'Edholm','Zovius','7800 Shady Lane','Midville','Arkansas',79675,'1989-06-27 00:00:00',48,'F','Coresident'),(519,'Emory',NULL,'2513 Shady Lane','San Diego','California',40396,'1982-10-02 00:00:00',20,'M','Single'),(520,'Erickson',NULL,'3217 Shady Lane','Red Bluff','California',21629,'1982-09-09 00:00:00',55,'F','Single'),(521,'Farrell','Anderson','6039 Shady Lane','Denver','Colorado',29825,'1986-01-08 00:00:00',54,'M','Married'),(522,'Faulkner','Antoni','3099 Shady Lane','Steamboat Springs','Colorado',61222,'1987-06-19 00:00:00',52,'F','Married'),(523,'Foley','Appley','773 Shady Lane','Hartford','Connecticut',78797,'1955-02-26 00:00:00',27,'M','Married'),(524,'Ford','Ashby','6289 Shady Lane','Stamford','Connecticut',62682,'1988-04-15 00:00:00',46,'F','Married'),(525,'Gage','Barr','7942 Shady Lane','Wilmington','Delaware',99164,'1988-02-22 00:00:00',67,'M','Married'),(526,'Galt','Barrett','8358 Shady Lane','Ashton','Delaware',11630,'1971-11-07 00:00:00',54,'F','Married'),(527,'Gray','Bennett','4848 Shady Lane','Sarasota','Florida',24559,'1974-12-23 00:00:00',44,'M','Married'),(528,'Guy','Zigurat','3513 Shady Lane','Miami','Florida',12047,'1963-03-14 00:00:00',57,'F','Coresident'),(529,'Haines',NULL,'2832 Shady Lane','Norcross','Georgia',69788,'1965-04-04 00:00:00',26,'M','Single'),(530,'Hale',NULL,'8309 Shady Lane','Augusta','Georgia',50733,'1964-11-03 00:00:00',37,'F','Single'),(531,'Hatch','Anderson','8785 Shady Lane','Kona','Hawaii',17938,'1956-01-24 00:00:00',41,'M','Married'),(532,'Hatton','Antoni','8651 Shady Lane','Hilo','Hawaii',52304,'1958-10-17 00:00:00',27,'F','Married'),(533,'Ide','Appley','6508 Shady Lane','Ketchum','Idaho',59756,'1965-10-30 00:00:00',60,'M','Married'),(534,'Ilgen','Ashby','7318 Shady Lane','Sun Valley','Idaho',75861,'1971-10-29 00:00:00',60,'F','Married'),(535,'Infante','Barr','1968 Shady Lane','Chicago','Illinois',24010,'1983-06-02 00:00:00',65,'M','Married'),(536,'Isbell','Barrett','9488 Shady Lane','Decatur','Illinois',20523,'1981-05-10 00:00:00',55,'F','Married'),(537,'Jackson','Bennett','4333 Shady Lane','Lafayette','Indiana',60536,'1972-03-31 00:00:00',58,'M','Married'),(538,'Jarrett','Zound','2845 Shady Lane','Indianapolis','Indiana',88219,'1960-01-23 00:00:00',28,'F','Coresident'),(539,'Jensen',NULL,'2181 Shady Lane','Des Moines','Iowa',74442,'1957-05-27 00:00:00',60,'M','Single'),(540,'Johnson',NULL,'5656 Shady Lane','Council Bluffs','Iowa',42843,'1986-01-08 00:00:00',64,'F','Single'),(541,'Kessler','Anderson','4084 Shady Lane','Topeka','Kansas',25958,'1981-05-14 00:00:00',59,'M','Married'),(542,'Kitch','Antoni','3462 Shady Lane','Kansas City','Kansas',66662,'1982-01-15 00:00:00',55,'F','Married'),(543,'Knipe','Appley','1922 Shady Lane','Lexington','Kentucky',38109,'1994-12-11 00:00:00',39,'M','Married'),(544,'Knutsen','Ashby','7414 Shady Lane','Blueridge','Kentucky',59586,'1958-06-19 00:00:00',56,'F','Married'),(545,'Lambert','Barr','6282 Shady Lane','New Orleans','Louisiana',32157,'1994-09-05 00:00:00',51,'M','Married'),(546,'Landino','Barrett','8757 Shady Lane','Shreveport','Louisiana',13668,'1984-12-17 00:00:00',41,'F','Married'),(547,'Laplante','Bennett','1934 Shady Lane','Bethesda','Maryland',56947,'1967-05-16 00:00:00',48,'M','Married'),(548,'Larkin','Zohnson','7860 Shady Lane','Baltimore','Maryland',26521,'1965-09-13 00:00:00',34,'F','Coresident'),(549,'McClellan',NULL,'8922 Shady Lane','Augusta','Maine',14438,'1994-09-10 00:00:00',36,'M','Single'),(550,'Minkel',NULL,'15 Shady Lane','Bangor','Maine',63078,'1994-11-13 00:00:00',27,'F','Single'),(551,'Moran','Anderson','8668 Shady Lane','Boston','Massachusetts',37144,'1963-11-14 00:00:00',39,'M','Married'),(552,'Morton','Antoni','2228 Shady Lane','Greenfield','Massachusetts',39634,'1983-01-15 00:00:00',36,'F','Married'),(553,'Nielson','Appley','4026 Shady Lane','Ann Arbor','Michigan',10369,'1984-08-26 00:00:00',69,'M','Married'),(554,'Noram','Ashby','5064 Shady Lane','Grand Rapids','Michigan',61349,'1962-12-12 00:00:00',30,'F','Married'),(555,'Norquist','Barr','3080 Shady Lane','Duluth','Minnesota',66222,'1989-10-02 00:00:00',61,'M','Married'),(556,'Novick','Barrett','2455 Shady Lane','Minneapolis','Minnesota',40867,'1968-11-24 00:00:00',65,'F','Married'),(557,'Oakden','Bennett','9763 Shady Lane','Biloxi','Mississippi',62815,'1977-06-17 00:00:00',35,'M','Married'),(558,'Ortiz','Ziller','4733 Shady Lane','Jackson','Mississippi',59978,'1958-11-21 00:00:00',41,'F','Coresident'),(559,'Orson',NULL,'985 Shady Lane','St. Louis','Missouri',96750,'1995-04-12 00:00:00',44,'M','Single'),(560,'Osborne',NULL,'9570 Shady Lane','Springfield','Missouri',67792,'1968-02-10 00:00:00',36,'F','Single'),(561,'Page','Anderson','4663 Shady Lane','Bozeman','Montana',67515,'1979-03-13 00:00:00',33,'M','Married'),(562,'Paskins','Antoni','1160 Shady Lane','Butte','Montana',52198,'1964-09-05 00:00:00',27,'F','Married'),(563,'Pavlovich','Appley','4286 Shady Lane','Lincoln','Nebraska',95813,'1957-11-26 00:00:00',51,'M','Married'),(564,'Perez','Ashby','1262 Shady Lane','North Platte','Nebraska',45230,'1977-12-22 00:00:00',30,'F','Married'),(565,'Queen','Barr','5317 Shady Lane','Tonopah','Nevada',63597,'1965-09-23 00:00:00',65,'M','Married'),(566,'Quick','Barrett','7844 Shady Lane','Carson City','Nevada',87446,'1960-04-16 00:00:00',42,'F','Married'),(567,'Quinn','Bennett','9732 Shady Lane','Manchester','New Hampshire',36519,'1958-12-30 00:00:00',61,'M','Married'),(568,'Quiroz','Zendengo','6310 Shady Lane','Concord','New Hampshire',21779,'1975-08-13 00:00:00',58,'F','Coresident'),(569,'Rasmussen',NULL,'3821 Shady Lane','Trenton','New Jersey',65724,'1985-12-13 00:00:00',56,'M','Single'),(570,'Redfern',NULL,'6602 Shady Lane','Princeton','New Jersey',10156,'1955-07-15 00:00:00',25,'F','Single'),(571,'Richards','Anderson','4479 Shady Lane','Albuquerque','New Mexico',37258,'1984-06-05 00:00:00',32,'M','Married'),(572,'Rivera','Antoni','2094 Shady Lane','Taos','New Mexico',73217,'1982-02-03 00:00:00',31,'F','Married'),(573,'Sanson','Appley','4009 Shady Lane','New York','New York',66677,'1980-08-04 00:00:00',47,'M','Married'),(574,'Sargent','Ashby','2013 Shady Lane','Albany','New York',10935,'1985-01-27 00:00:00',58,'F','Married'),(575,'Siegel','Barr','2186 Shady Lane','Raleigh','North Carolina',40175,'1994-03-24 00:00:00',66,'M','Married'),(576,'Spicer','Barrett','5398 Shady Lane','Greensboro','North Carolina',10477,'1974-09-24 00:00:00',43,'F','Married'),(577,'Thomas','Bennett','1905 Shady Lane','Fargo','North Dakota',40531,'1963-02-23 00:00:00',22,'M','Married'),(578,'Thompspn','Zottle','5073 Shady Lane','Bismarck','North Dakota',84855,'1974-06-26 00:00:00',46,'F','Coresident'),(579,'Turner',NULL,'2097 Shady Lane','Oklahoma City','Oklahoma',62895,'1964-04-16 00:00:00',30,'M','Single'),(580,'Tuttle',NULL,'6952 Shady Lane','Lawton','Oklahoma',35023,'1955-03-15 00:00:00',43,'F','Single'),(581,'Uphoff','Anderson','635 Shady Lane','Cincinnati','Ohio',87921,'1955-12-10 00:00:00',65,'M','Married'),(582,'Upton','Antoni','4433 Shady Lane','Cleveland','Ohio',26424,'1995-06-07 00:00:00',28,'F','Married'),(583,'Urbani','Appley','887 Shady Lane','Portland','Oregon',52993,'1989-04-12 00:00:00',52,'M','Married'),(584,'Utzig','Ashby','3760 Shady Lane','Medford','Oregon',78788,'1975-11-20 00:00:00',58,'F','Married'),(585,'Valdez','Barr','9411 Shady Lane','Pittsburgh','Pennsylvania',60045,'1965-05-21 00:00:00',56,'M','Married'),(586,'Vargas','Barrett','2095 Shady Lane','Philadelphia','Pennsylvania',40404,'1983-03-21 00:00:00',63,'F','Married'),(587,'Verch','Bennett','3666 Shady Lane','Providence','Rhode Island',13260,'1984-02-12 00:00:00',24,'M','Married'),(588,'Vogel','Zendius','4653 Shady Lane','Newport','Rhode Island',98422,'1986-03-05 00:00:00',69,'F','Coresident'),(589,'Wadsworth',NULL,'2727 Shady Lane','Columbia','South Carolina',12520,'1979-07-29 00:00:00',67,'M','Single'),(590,'Walsh',NULL,'419 Shady Lane','Charleston','South Carolina',30444,'1963-02-14 00:00:00',47,'F','Single'),(591,'Watson','Anderson','2206 Shady Lane','Rapid City','South Dakota',21274,'1993-01-18 00:00:00',42,'M','Married'),(592,'Wedig','Antoni','5316 Shady Lane','Pierre','South Dakota',55388,'1964-08-13 00:00:00',68,'F','Married'),(593,'Xanadu','Appley','8426 Shady Lane','Nashville','Tennessee',19205,'1994-05-12 00:00:00',68,'M','Married'),(594,'Xavier','Ashby','9220 Shady Lane','Knoxville','Tennessee',74360,'1955-09-04 00:00:00',34,'F','Married'),(595,'Xiong','Barr','4905 Shady Lane','Dallas','Texas',39812,'1976-03-04 00:00:00',56,'M','Married'),(596,'Xiques','Barrett','4652 Shady Lane','San Antonio','Texas',45104,'1955-07-15 00:00:00',40,'F','Married'),(597,'Yost','Bennett','3810 Shady Lane','Salt Lake City','Utah',86394,'1977-03-21 00:00:00',60,'M','Married'),(598,'Yoder','Zorch','5031 Shady Lane','Ogden','Utah',54911,'1965-08-22 00:00:00',68,'F','Coresident'),(599,'Young',NULL,'4536 Shady Lane','Burlington','Vermont',19283,'1990-08-09 00:00:00',40,'M','Single'),(600,'Youpa',NULL,'6361 Shady Lane','Montpelier','Vermont',33952,'1972-01-24 00:00:00',62,'F','Single'),(601,'Anderson','Anderson','545 Shady Lane','Richmond','Virginia',96972,'1979-07-27 00:00:00',46,'M','Married'),(602,'Antoni','Antoni','4570 Shady Lane','Norfolk','Virginia',82628,'1987-08-09 00:00:00',29,'F','Married'),(603,'Appley','Appley','4208 Shady Lane','Seattle','Washington',67829,'1979-02-06 00:00:00',56,'M','Married'),(604,'Ashby','Ashby','195 Shady Lane','Tacoma','Washington',73978,'1995-04-20 00:00:00',39,'F','Married'),(605,'Barr','Barr','9426 Shady Lane','Charleston','West Virginia',73951,'1982-11-30 00:00:00',41,'M','Married'),(606,'Barrett','Barrett','473 Shady Lane','Clarksburg','West Virginia',74646,'1957-03-09 00:00:00',66,'F','Married'),(607,'Bennett','Bennett','7074 Shady Lane','Madison','Wisconsin',58335,'1980-06-01 00:00:00',49,'M','Married'),(608,'Boone','Zachary','5186 Shady Lane','Milwaukee','Wisconsin',67466,'1978-06-03 00:00:00',60,'F','Coresident'),(609,'Clarke',NULL,'559 Shady Lane','Laramie','Wyoming',14469,'1977-04-26 00:00:00',28,'M','Single'),(610,'Clewett',NULL,'8437 Shady Lane','Cheyenne','Wyoming',90048,'1982-11-04 00:00:00',32,'F','Single'),(611,'Cluster','Anderson','7423 Shady Lane','Washington','DC',38198,'1966-02-14 00:00:00',64,'M','Married'),(612,'Coghlin','Antoni','4652 Shady Lane','Washington','DC',40025,'1955-08-29 00:00:00',59,'F','Married'),(613,'Davis','Appley','9087 Shady Lane','Birmingham','Alabama',65188,'1986-01-20 00:00:00',50,'M','Married'),(614,'DePalma','Ashby','868 Shady Lane','Tuscaloosa','Alabama',59119,'1975-08-09 00:00:00',52,'F','Married'),(615,'Deardorff','Barr','614 Shady Lane','Anchorage','Alaska',32352,'1995-05-26 00:00:00',22,'M','Married'),(616,'Dodds','Barrett','8133 Shady Lane','Juneau','Alaska',40102,'1971-12-12 00:00:00',61,'F','Married'),(617,'Edwards','Bennett','6885 Shady Lane','Flagstaff','Arizona',17671,'1963-08-17 00:00:00',51,'M','Married'),(618,'Edholm','Zovius','7317 Shady Lane','Phoenix','Arizona',36448,'1963-08-21 00:00:00',54,'F','Coresident'),(619,'Emory',NULL,'5752 Shady Lane','Little Rock','Arkansas',39372,'1985-04-14 00:00:00',48,'M','Single'),(620,'Erickson',NULL,'1689 Shady Lane','Midville','Arkansas',43272,'1959-07-17 00:00:00',66,'F','Single'),(621,'Farrell','Anderson','4263 Shady Lane','San Diego','California',12085,'1993-06-17 00:00:00',30,'M','Married'),(622,'Faulkner','Antoni','1280 Shady Lane','Red Bluff','California',83296,'1993-12-21 00:00:00',52,'F','Married'),(623,'Foley','Appley','2422 Shady Lane','Denver','Colorado',55642,'1979-02-23 00:00:00',51,'M','Married'),(624,'Ford','Ashby','3359 Shady Lane','Steamboat Springs','Colorado',81925,'1983-08-24 00:00:00',33,'F','Married'),(625,'Gage','Barr','5545 Shady Lane','Hartford','Connecticut',93856,'1984-01-13 00:00:00',32,'M','Married'),(626,'Galt','Barrett','7697 Shady Lane','Stamford','Connecticut',87278,'1979-09-20 00:00:00',24,'F','Married'),(627,'Gray','Bennett','2241 Shady Lane','Wilmington','Delaware',97552,'1995-09-11 00:00:00',58,'M','Married'),(628,'Guy','Zigurat','2637 Shady Lane','Ashton','Delaware',19639,'1968-06-09 00:00:00',50,'F','Coresident'),(629,'Haines',NULL,'7855 Shady Lane','Sarasota','Florida',16681,'1994-03-04 00:00:00',65,'M','Single'),(630,'Hale',NULL,'8559 Shady Lane','Miami','Florida',35490,'1955-08-13 00:00:00',20,'F','Single'),(631,'Hatch','Anderson','7032 Shady Lane','Norcross','Georgia',85491,'1986-09-03 00:00:00',37,'M','Married'),(632,'Hatton','Antoni','1371 Shady Lane','Augusta','Georgia',14594,'1985-04-08 00:00:00',45,'F','Married'),(633,'Ide','Appley','1683 Shady Lane','Kona','Hawaii',61796,'1985-05-21 00:00:00',69,'M','Married'),(634,'Ilgen','Ashby','918 Shady Lane','Hilo','Hawaii',46731,'1979-12-17 00:00:00',28,'F','Married'),(635,'Infante','Barr','1717 Shady Lane','Ketchum','Idaho',53426,'1956-03-30 00:00:00',67,'M','Married'),(636,'Isbell','Barrett','9553 Shady Lane','Sun Valley','Idaho',10784,'1968-08-03 00:00:00',53,'F','Married'),(637,'Jackson','Bennett','8529 Shady Lane','Chicago','Illinois',80554,'1963-12-22 00:00:00',21,'M','Married'),(638,'Jarrett','Zound','9791 Shady Lane','Decatur','Illinois',36875,'1968-03-24 00:00:00',56,'F','Coresident'),(639,'Jensen',NULL,'971 Shady Lane','Lafayette','Indiana',88522,'1972-09-07 00:00:00',38,'M','Single'),(640,'Johnson',NULL,'1958 Shady Lane','Indianapolis','Indiana',81001,'1979-03-07 00:00:00',49,'F','Single'),(641,'Kessler','Anderson','1777 Shady Lane','Des Moines','Iowa',10692,'1988-09-26 00:00:00',23,'M','Married'),(642,'Kitch','Antoni','7786 Shady Lane','Council Bluffs','Iowa',84883,'1956-09-05 00:00:00',59,'F','Married'),(643,'Knipe','Appley','3362 Shady Lane','Topeka','Kansas',70152,'1978-01-04 00:00:00',23,'M','Married'),(644,'Knutsen','Ashby','2470 Shady Lane','Kansas City','Kansas',24000,'1968-08-28 00:00:00',24,'F','Married'),(645,'Lambert','Barr','6434 Shady Lane','Lexington','Kentucky',12035,'1970-12-21 00:00:00',34,'M','Married'),(646,'Landino','Barrett','4076 Shady Lane','Blueridge','Kentucky',40446,'1986-06-23 00:00:00',69,'F','Married'),(647,'Laplante','Bennett','7025 Shady Lane','New Orleans','Louisiana',67171,'1975-08-01 00:00:00',21,'M','Married'),(648,'Larkin','Zohnson','809 Shady Lane','Shreveport','Louisiana',89593,'1969-11-27 00:00:00',25,'F','Coresident'),(649,'McClellan',NULL,'7637 Shady Lane','Bethesda','Maryland',62015,'1963-06-01 00:00:00',53,'M','Single'),(650,'Minkel',NULL,'8407 Shady Lane','Baltimore','Maryland',30662,'1961-03-06 00:00:00',47,'F','Single'),(651,'Moran','Anderson','1004 Shady Lane','Augusta','Maine',94241,'1960-07-15 00:00:00',50,'M','Married'),(652,'Morton','Antoni','1885 Shady Lane','Bangor','Maine',84884,'1979-12-25 00:00:00',68,'F','Married'),(653,'Nielson','Appley','5735 Shady Lane','Boston','Massachusetts',77241,'1978-03-25 00:00:00',46,'M','Married'),(654,'Noram','Ashby','6255 Shady Lane','Greenfield','Massachusetts',82407,'1990-09-01 00:00:00',69,'F','Married'),(655,'Norquist','Barr','5869 Shady Lane','Ann Arbor','Michigan',49371,'1960-07-27 00:00:00',66,'M','Married'),(656,'Novick','Barrett','2785 Shady Lane','Grand Rapids','Michigan',60149,'1967-03-24 00:00:00',63,'F','Married'),(657,'Oakden','Bennett','8517 Shady Lane','Duluth','Minnesota',68598,'1959-04-08 00:00:00',43,'M','Married'),(658,'Ortiz','Ziller','4488 Shady Lane','Minneapolis','Minnesota',66437,'1995-09-08 00:00:00',62,'F','Coresident'),(659,'Orson',NULL,'7818 Shady Lane','Biloxi','Mississippi',83183,'1979-04-19 00:00:00',32,'M','Single'),(660,'Osborne',NULL,'3516 Shady Lane','Jackson','Mississippi',24339,'1971-07-22 00:00:00',67,'F','Single'),(661,'Page','Anderson','4563 Shady Lane','St. Louis','Missouri',97439,'1989-11-29 00:00:00',22,'M','Married'),(662,'Paskins','Antoni','1765 Shady Lane','Springfield','Missouri',81863,'1970-12-19 00:00:00',24,'F','Married'),(663,'Pavlovich','Appley','984 Shady Lane','Bozeman','Montana',19997,'1984-05-12 00:00:00',47,'M','Married'),(664,'Perez','Ashby','192 Shady Lane','Butte','Montana',24464,'1990-06-19 00:00:00',38,'F','Married'),(665,'Queen','Barr','1781 Shady Lane','Lincoln','Nebraska',69590,'1979-07-25 00:00:00',59,'M','Married'),(666,'Quick','Barrett','1367 Shady Lane','North Platte','Nebraska',90326,'1966-10-04 00:00:00',50,'F','Married'),(667,'Quinn','Bennett','9161 Shady Lane','Tonopah','Nevada',70445,'1976-05-13 00:00:00',31,'M','Married'),(668,'Quiroz','Zendengo','1253 Shady Lane','Carson City','Nevada',21873,'1985-03-14 00:00:00',67,'F','Coresident'),(669,'Rasmussen',NULL,'7255 Shady Lane','Manchester','New Hampshire',84394,'1961-06-15 00:00:00',51,'M','Single'),(670,'Redfern',NULL,'3162 Shady Lane','Concord','New Hampshire',34315,'1959-05-26 00:00:00',25,'F','Single'),(671,'Richards','Anderson','7944 Shady Lane','Trenton','New Jersey',60005,'1982-01-11 00:00:00',54,'M','Married'),(672,'Rivera','Antoni','4636 Shady Lane','Princeton','New Jersey',94600,'1963-06-30 00:00:00',58,'F','Married'),(673,'Sanson','Appley','7364 Shady Lane','Albuquerque','New Mexico',10204,'1987-11-15 00:00:00',40,'M','Married'),(674,'Sargent','Ashby','1269 Shady Lane','Taos','New Mexico',58840,'1971-11-12 00:00:00',66,'F','Married'),(675,'Siegel','Barr','4740 Shady Lane','New York','New York',79149,'1956-04-06 00:00:00',39,'M','Married'),(676,'Spicer','Barrett','4095 Shady Lane','Albany','New York',99439,'1982-03-25 00:00:00',54,'F','Married'),(677,'Thomas','Bennett','2639 Shady Lane','Raleigh','North Carolina',17508,'1960-11-22 00:00:00',39,'M','Married'),(678,'Thompspn','Zottle','8150 Shady Lane','Greensboro','North Carolina',59075,'1963-04-01 00:00:00',42,'F','Coresident'),(679,'Turner',NULL,'9485 Shady Lane','Fargo','North Dakota',49039,'1961-10-12 00:00:00',57,'M','Single'),(680,'Tuttle',NULL,'6566 Shady Lane','Bismarck','North Dakota',37520,'1965-09-08 00:00:00',50,'F','Single'),(681,'Uphoff','Anderson','8549 Shady Lane','Oklahoma City','Oklahoma',40781,'1994-01-04 00:00:00',64,'M','Married'),(682,'Upton','Antoni','8749 Shady Lane','Lawton','Oklahoma',20091,'1966-03-19 00:00:00',43,'F','Married'),(683,'Urbani','Appley','5696 Shady Lane','Cincinnati','Ohio',43884,'1981-03-16 00:00:00',68,'M','Married'),(684,'Utzig','Ashby','8631 Shady Lane','Cleveland','Ohio',76544,'1979-05-15 00:00:00',38,'F','Married'),(685,'Valdez','Barr','8292 Shady Lane','Portland','Oregon',68115,'1978-11-23 00:00:00',29,'M','Married'),(686,'Vargas','Barrett','262 Shady Lane','Medford','Oregon',90684,'1977-10-18 00:00:00',47,'F','Married'),(687,'Verch','Bennett','2598 Shady Lane','Pittsburgh','Pennsylvania',66878,'1982-08-18 00:00:00',22,'M','Married'),(688,'Vogel','Zendius','4250 Shady Lane','Philadelphia','Pennsylvania',93151,'1969-07-11 00:00:00',51,'F','Coresident'),(689,'Wadsworth',NULL,'5902 Shady Lane','Providence','Rhode Island',92054,'1956-11-18 00:00:00',69,'M','Single'),(690,'Walsh',NULL,'1786 Shady Lane','Newport','Rhode Island',26661,'1989-06-20 00:00:00',56,'F','Single'),(691,'Watson','Anderson','1656 Shady Lane','Columbia','South Carolina',45018,'1978-04-16 00:00:00',38,'M','Married'),(692,'Wedig','Antoni','6387 Shady Lane','Charleston','South Carolina',52338,'1986-05-07 00:00:00',52,'F','Married'),(693,'Xanadu','Appley','1137 Shady Lane','Rapid City','South Dakota',36643,'1969-06-22 00:00:00',52,'M','Married'),(694,'Xavier','Ashby','8737 Shady Lane','Pierre','South Dakota',66081,'1983-03-24 00:00:00',27,'F','Married'),(695,'Xiong','Barr','8641 Shady Lane','Nashville','Tennessee',93900,'1989-09-24 00:00:00',56,'M','Married'),(696,'Xiques','Barrett','8517 Shady Lane','Knoxville','Tennessee',67335,'1968-03-31 00:00:00',25,'F','Married'),(697,'Yost','Bennett','8489 Shady Lane','Dallas','Texas',77524,'1958-04-02 00:00:00',48,'M','Married'),(698,'Yoder','Zorch','4732 Shady Lane','San Antonio','Texas',64970,'1988-07-05 00:00:00',62,'F','Coresident'),(699,'Young',NULL,'5120 Shady Lane','Salt Lake City','Utah',74051,'1994-12-18 00:00:00',57,'M','Single'),(700,'Youpa',NULL,'8599 Shady Lane','Ogden','Utah',73587,'1992-06-05 00:00:00',56,'F','Single'),(701,'Anderson','Anderson','5333 Shady Lane','Burlington','Vermont',15487,'1973-11-19 00:00:00',20,'M','Married'),(702,'Antoni','Antoni','2919 Shady Lane','Montpelier','Vermont',98937,'1982-03-05 00:00:00',20,'F','Married'),(703,'Appley','Appley','1129 Shady Lane','Richmond','Virginia',36844,'1964-10-17 00:00:00',56,'M','Married'),(704,'Ashby','Ashby','1650 Shady Lane','Norfolk','Virginia',59221,'1979-06-22 00:00:00',32,'F','Married'),(705,'Barr','Barr','8878 Shady Lane','Seattle','Washington',43660,'1957-04-14 00:00:00',38,'M','Married'),(706,'Barrett','Barrett','1779 Shady Lane','Tacoma','Washington',41879,'1974-03-21 00:00:00',35,'F','Married'),(707,'Bennett','Bennett','1730 Shady Lane','Charleston','West Virginia',98561,'1959-02-06 00:00:00',64,'M','Married'),(708,'Boone','Zachary','6167 Shady Lane','Clarksburg','West Virginia',35293,'1956-04-16 00:00:00',46,'F','Coresident'),(709,'Clarke',NULL,'3195 Shady Lane','Madison','Wisconsin',36625,'1993-08-29 00:00:00',22,'M','Single'),(710,'Clewett',NULL,'7508 Shady Lane','Milwaukee','Wisconsin',71359,'1966-08-02 00:00:00',63,'F','Single'),(711,'Cluster','Anderson','1122 Shady Lane','Laramie','Wyoming',95429,'1972-02-15 00:00:00',23,'M','Married'),(712,'Coghlin','Antoni','5590 Shady Lane','Cheyenne','Wyoming',51136,'1995-04-29 00:00:00',23,'F','Married'),(713,'Davis','Appley','1980 Shady Lane','Washington','DC',22262,'1980-03-04 00:00:00',26,'M','Married'),(714,'DePalma','Ashby','9331 Shady Lane','Washington','DC',35459,'1978-10-20 00:00:00',65,'F','Married'),(715,'Deardorff','Barr','7706 Shady Lane','Birmingham','Alabama',42660,'1954-12-29 00:00:00',52,'M','Married'),(716,'Dodds','Barrett','7289 Shady Lane','Tuscaloosa','Alabama',23461,'1967-08-06 00:00:00',27,'F','Married'),(717,'Edwards','Bennett','3833 Shady Lane','Anchorage','Alaska',25413,'1957-02-19 00:00:00',23,'M','Married'),(718,'Edholm','Zovius','2121 Shady Lane','Juneau','Alaska',20300,'1981-10-06 00:00:00',53,'F','Coresident'),(719,'Emory',NULL,'5948 Shady Lane','Flagstaff','Arizona',28588,'1957-08-03 00:00:00',21,'M','Single'),(720,'Erickson',NULL,'1441 Shady Lane','Phoenix','Arizona',67083,'1958-12-06 00:00:00',36,'F','Single'),(721,'Farrell','Anderson','9149 Shady Lane','Little Rock','Arkansas',40507,'1988-03-11 00:00:00',45,'M','Married'),(722,'Faulkner','Antoni','1249 Shady Lane','Midville','Arkansas',35406,'1985-01-25 00:00:00',56,'F','Married'),(723,'Foley','Appley','2322 Shady Lane','San Diego','California',65581,'1973-06-23 00:00:00',44,'M','Married'),(724,'Ford','Ashby','6187 Shady Lane','Red Bluff','California',46815,'1986-12-01 00:00:00',63,'F','Married'),(725,'Gage','Barr','1584 Shady Lane','Denver','Colorado',63309,'1970-11-15 00:00:00',55,'M','Married'),(726,'Galt','Barrett','4666 Shady Lane','Steamboat Springs','Colorado',55942,'1975-06-03 00:00:00',41,'F','Married'),(727,'Gray','Bennett','50 Shady Lane','Hartford','Connecticut',61365,'1967-02-05 00:00:00',39,'M','Married'),(728,'Guy','Zigurat','1594 Shady Lane','Stamford','Connecticut',43581,'1995-08-19 00:00:00',61,'F','Coresident'),(729,'Haines',NULL,'4619 Shady Lane','Wilmington','Delaware',69026,'1979-01-12 00:00:00',67,'M','Single'),(730,'Hale',NULL,'6044 Shady Lane','Ashton','Delaware',34971,'1991-05-23 00:00:00',48,'F','Single'),(731,'Hatch','Anderson','7052 Shady Lane','Sarasota','Florida',23565,'1975-08-26 00:00:00',51,'M','Married'),(732,'Hatton','Antoni','7328 Shady Lane','Miami','Florida',51117,'1995-03-19 00:00:00',48,'F','Married'),(733,'Ide','Appley','428 Shady Lane','Norcross','Georgia',13173,'1991-07-21 00:00:00',38,'M','Married'),(734,'Ilgen','Ashby','8417 Shady Lane','Augusta','Georgia',55567,'1987-10-14 00:00:00',20,'F','Married'),(735,'Infante','Barr','6134 Shady Lane','Kona','Hawaii',65760,'1978-03-14 00:00:00',21,'M','Married'),(736,'Isbell','Barrett','9710 Shady Lane','Hilo','Hawaii',94329,'1967-12-23 00:00:00',24,'F','Married'),(737,'Jackson','Bennett','1849 Shady Lane','Ketchum','Idaho',49451,'1982-12-19 00:00:00',65,'M','Married'),(738,'Jarrett','Zound','6360 Shady Lane','Sun Valley','Idaho',27652,'1959-02-18 00:00:00',32,'F','Coresident'),(739,'Jensen',NULL,'4800 Shady Lane','Chicago','Illinois',52716,'1995-04-27 00:00:00',39,'M','Single'),(740,'Johnson',NULL,'9783 Shady Lane','Decatur','Illinois',54908,'1975-09-14 00:00:00',56,'F','Single'),(741,'Kessler','Anderson','8031 Shady Lane','Lafayette','Indiana',72275,'1985-10-28 00:00:00',29,'M','Married'),(742,'Kitch','Antoni','7072 Shady Lane','Indianapolis','Indiana',89188,'1986-06-29 00:00:00',67,'F','Married'),(743,'Knipe','Appley','5674 Shady Lane','Des Moines','Iowa',47267,'1994-10-19 00:00:00',43,'M','Married'),(744,'Knutsen','Ashby','741 Shady Lane','Council Bluffs','Iowa',96238,'1971-02-01 00:00:00',55,'F','Married'),(745,'Lambert','Barr','8746 Shady Lane','Topeka','Kansas',79712,'1985-06-20 00:00:00',51,'M','Married'),(746,'Landino','Barrett','4885 Shady Lane','Kansas City','Kansas',44989,'1983-11-26 00:00:00',62,'F','Married'),(747,'Laplante','Bennett','9908 Shady Lane','Lexington','Kentucky',37888,'1956-12-20 00:00:00',36,'M','Married'),(748,'Larkin','Zohnson','2213 Shady Lane','Blueridge','Kentucky',48601,'1955-08-07 00:00:00',66,'F','Coresident'),(749,'McClellan',NULL,'9439 Shady Lane','New Orleans','Louisiana',58008,'1969-01-11 00:00:00',27,'M','Single'),(750,'Minkel',NULL,'2783 Shady Lane','Shreveport','Louisiana',98225,'1982-10-15 00:00:00',39,'F','Single'),(751,'Moran','Anderson','7191 Shady Lane','Bethesda','Maryland',63512,'1963-06-26 00:00:00',46,'M','Married'),(752,'Morton','Antoni','1370 Shady Lane','Baltimore','Maryland',68242,'1963-06-16 00:00:00',45,'F','Married'),(753,'Nielson','Appley','4031 Shady Lane','Augusta','Maine',77398,'1993-12-24 00:00:00',29,'M','Married'),(754,'Noram','Ashby','1372 Shady Lane','Bangor','Maine',85398,'1972-05-20 00:00:00',30,'F','Married'),(755,'Norquist','Barr','626 Shady Lane','Boston','Massachusetts',90244,'1957-04-12 00:00:00',44,'M','Married'),(756,'Novick','Barrett','1655 Shady Lane','Greenfield','Massachusetts',69303,'1974-11-11 00:00:00',49,'F','Married'),(757,'Oakden','Bennett','7909 Shady Lane','Ann Arbor','Michigan',56685,'1966-06-07 00:00:00',32,'M','Married'),(758,'Ortiz','Ziller','9220 Shady Lane','Grand Rapids','Michigan',63613,'1968-09-11 00:00:00',28,'F','Coresident'),(759,'Orson',NULL,'6472 Shady Lane','Duluth','Minnesota',64783,'1976-05-28 00:00:00',20,'M','Single'),(760,'Osborne',NULL,'729 Shady Lane','Minneapolis','Minnesota',34298,'1987-10-01 00:00:00',67,'F','Single'),(761,'Page','Anderson','3250 Shady Lane','Biloxi','Mississippi',72762,'1967-04-26 00:00:00',38,'M','Married'),(762,'Paskins','Antoni','1248 Shady Lane','Jackson','Mississippi',10978,'1962-08-24 00:00:00',57,'F','Married'),(763,'Pavlovich','Appley','7088 Shady Lane','St. Louis','Missouri',13540,'1954-11-22 00:00:00',21,'M','Married'),(764,'Perez','Ashby','5546 Shady Lane','Springfield','Missouri',64057,'1964-05-31 00:00:00',53,'F','Married'),(765,'Queen','Barr','424 Shady Lane','Bozeman','Montana',20134,'1984-07-29 00:00:00',68,'M','Married'),(766,'Quick','Barrett','2487 Shady Lane','Butte','Montana',19130,'1990-10-03 00:00:00',50,'F','Married'),(767,'Quinn','Bennett','9754 Shady Lane','Lincoln','Nebraska',55874,'1987-02-14 00:00:00',49,'M','Married'),(768,'Quiroz','Zendengo','6730 Shady Lane','North Platte','Nebraska',17719,'1987-03-01 00:00:00',52,'F','Coresident'),(769,'Rasmussen',NULL,'24 Shady Lane','Tonopah','Nevada',64767,'1970-09-20 00:00:00',26,'M','Single'),(770,'Redfern',NULL,'3514 Shady Lane','Carson City','Nevada',59791,'1978-07-24 00:00:00',53,'F','Single'),(771,'Richards','Anderson','933 Shady Lane','Manchester','New Hampshire',60540,'1980-09-07 00:00:00',61,'M','Married'),(772,'Rivera','Antoni','9304 Shady Lane','Concord','New Hampshire',35746,'1984-09-18 00:00:00',29,'F','Married'),(773,'Sanson','Appley','1233 Shady Lane','Trenton','New Jersey',73631,'1968-12-02 00:00:00',62,'M','Married'),(774,'Sargent','Ashby','2945 Shady Lane','Princeton','New Jersey',79808,'1995-06-18 00:00:00',63,'F','Married'),(775,'Siegel','Barr','7829 Shady Lane','Albuquerque','New Mexico',91373,'1970-12-30 00:00:00',50,'M','Married'),(776,'Spicer','Barrett','5842 Shady Lane','Taos','New Mexico',90023,'1969-04-10 00:00:00',62,'F','Married'),(777,'Thomas','Bennett','9577 Shady Lane','New York','New York',61584,'1970-05-21 00:00:00',55,'M','Married'),(778,'Thompspn','Zottle','927 Shady Lane','Albany','New York',26342,'1961-05-16 00:00:00',68,'F','Coresident'),(779,'Turner',NULL,'7367 Shady Lane','Raleigh','North Carolina',60016,'1963-08-25 00:00:00',25,'M','Single'),(780,'Tuttle',NULL,'9319 Shady Lane','Greensboro','North Carolina',20755,'1973-03-26 00:00:00',33,'F','Single'),(781,'Uphoff','Anderson','4163 Shady Lane','Fargo','North Dakota',85964,'1993-07-10 00:00:00',59,'M','Married'),(782,'Upton','Antoni','4302 Shady Lane','Bismarck','North Dakota',68667,'1989-04-12 00:00:00',54,'F','Married'),(783,'Urbani','Appley','1425 Shady Lane','Oklahoma City','Oklahoma',23970,'1991-06-07 00:00:00',27,'M','Married'),(784,'Utzig','Ashby','6762 Shady Lane','Lawton','Oklahoma',73948,'1963-12-03 00:00:00',64,'F','Married'),(785,'Valdez','Barr','5397 Shady Lane','Cincinnati','Ohio',49067,'1971-12-28 00:00:00',60,'M','Married'),(786,'Vargas','Barrett','519 Shady Lane','Cleveland','Ohio',38194,'1963-02-22 00:00:00',46,'F','Married'),(787,'Verch','Bennett','2761 Shady Lane','Portland','Oregon',84123,'1981-12-03 00:00:00',29,'M','Married'),(788,'Vogel','Zendius','9429 Shady Lane','Medford','Oregon',77783,'1980-03-22 00:00:00',67,'F','Coresident'),(789,'Wadsworth',NULL,'6697 Shady Lane','Pittsburgh','Pennsylvania',87716,'1994-09-25 00:00:00',65,'M','Single'),(790,'Walsh',NULL,'6943 Shady Lane','Philadelphia','Pennsylvania',78700,'1988-03-15 00:00:00',41,'F','Single'),(791,'Watson','Anderson','9722 Shady Lane','Providence','Rhode Island',95674,'1964-03-25 00:00:00',45,'M','Married'),(792,'Wedig','Antoni','9406 Shady Lane','Newport','Rhode Island',32266,'1965-05-06 00:00:00',35,'F','Married'),(793,'Xanadu','Appley','5266 Shady Lane','Columbia','South Carolina',93407,'1981-06-06 00:00:00',55,'M','Married'),(794,'Xavier','Ashby','3490 Shady Lane','Charleston','South Carolina',82067,'1966-04-09 00:00:00',43,'F','Married'),(795,'Xiong','Barr','1278 Shady Lane','Rapid City','South Dakota',47229,'1976-06-13 00:00:00',67,'M','Married'),(796,'Xiques','Barrett','9185 Shady Lane','Pierre','South Dakota',83008,'1965-07-12 00:00:00',66,'F','Married'),(797,'Yost','Bennett','5310 Shady Lane','Nashville','Tennessee',19178,'1973-03-24 00:00:00',23,'M','Married'),(798,'Yoder','Zorch','6258 Shady Lane','Knoxville','Tennessee',77945,'1968-07-16 00:00:00',32,'F','Coresident'),(799,'Young',NULL,'1976 Shady Lane','Dallas','Texas',64058,'1961-08-05 00:00:00',62,'M','Single'),(800,'Youpa',NULL,'105 Shady Lane','San Antonio','Texas',28118,'1981-02-15 00:00:00',27,'F','Single'),(801,'Anderson','Anderson','8566 Shady Lane','Salt Lake City','Utah',38559,'1990-06-01 00:00:00',42,'M','Married'),(802,'Antoni','Antoni','4943 Shady Lane','Ogden','Utah',76772,'1956-12-19 00:00:00',51,'F','Married'),(803,'Appley','Appley','7119 Shady Lane','Burlington','Vermont',60076,'1985-04-29 00:00:00',43,'M','Married'),(804,'Ashby','Ashby','2199 Shady Lane','Montpelier','Vermont',69459,'1970-08-07 00:00:00',43,'F','Married'),(805,'Barr','Barr','6770 Shady Lane','Richmond','Virginia',63497,'1962-08-23 00:00:00',62,'M','Married'),(806,'Barrett','Barrett','4337 Shady Lane','Norfolk','Virginia',12607,'1962-02-06 00:00:00',23,'F','Married'),(807,'Bennett','Bennett','2842 Shady Lane','Seattle','Washington',72406,'1981-11-03 00:00:00',21,'M','Married'),(808,'Boone','Zachary','9197 Shady Lane','Tacoma','Washington',19861,'1963-07-14 00:00:00',53,'F','Coresident'),(809,'Clarke',NULL,'3885 Shady Lane','Charleston','West Virginia',40271,'1980-05-02 00:00:00',40,'M','Single'),(810,'Clewett',NULL,'4949 Shady Lane','Clarksburg','West Virginia',57767,'1977-09-23 00:00:00',40,'F','Single'),(811,'Cluster','Anderson','6626 Shady Lane','Madison','Wisconsin',70567,'1990-10-20 00:00:00',68,'M','Married'),(812,'Coghlin','Antoni','5655 Shady Lane','Milwaukee','Wisconsin',49962,'1977-06-14 00:00:00',49,'F','Married'),(813,'Davis','Appley','815 Shady Lane','Laramie','Wyoming',95969,'1974-12-27 00:00:00',63,'M','Married'),(814,'DePalma','Ashby','2581 Shady Lane','Cheyenne','Wyoming',45592,'1984-03-24 00:00:00',66,'F','Married'),(815,'Deardorff','Barr','8735 Shady Lane','Washington','DC',22371,'1990-05-08 00:00:00',63,'M','Married'),(816,'Dodds','Barrett','3375 Shady Lane','Washington','DC',28650,'1955-10-15 00:00:00',29,'F','Married'),(817,'Edwards','Bennett','5402 Shady Lane','Birmingham','Alabama',43670,'1993-01-06 00:00:00',28,'M','Married'),(818,'Edholm','Zovius','4258 Shady Lane','Tuscaloosa','Alabama',51040,'1985-04-09 00:00:00',32,'F','Coresident'),(819,'Emory',NULL,'5355 Shady Lane','Anchorage','Alaska',71053,'1981-10-06 00:00:00',42,'M','Single'),(820,'Erickson',NULL,'680 Shady Lane','Juneau','Alaska',55995,'1971-03-11 00:00:00',62,'F','Single'),(821,'Farrell','Anderson','9087 Shady Lane','Flagstaff','Arizona',42603,'1957-06-27 00:00:00',24,'M','Married'),(822,'Faulkner','Antoni','5622 Shady Lane','Phoenix','Arizona',94348,'1955-07-25 00:00:00',60,'F','Married'),(823,'Foley','Appley','1195 Shady Lane','Little Rock','Arkansas',54070,'1963-12-28 00:00:00',27,'M','Married'),(824,'Ford','Ashby','4501 Shady Lane','Midville','Arkansas',34410,'1988-07-08 00:00:00',44,'F','Married'),(825,'Gage','Barr','8181 Shady Lane','San Diego','California',90004,'1994-03-29 00:00:00',30,'M','Married'),(826,'Galt','Barrett','286 Shady Lane','Red Bluff','California',54870,'1980-05-30 00:00:00',25,'F','Married'),(827,'Gray','Bennett','8278 Shady Lane','Denver','Colorado',66855,'1988-08-19 00:00:00',43,'M','Married'),(828,'Guy','Zigurat','154 Shady Lane','Steamboat Springs','Colorado',47873,'1987-05-07 00:00:00',45,'F','Coresident'),(829,'Haines',NULL,'9958 Shady Lane','Hartford','Connecticut',18226,'1975-03-24 00:00:00',27,'M','Single'),(830,'Hale',NULL,'4760 Shady Lane','Stamford','Connecticut',92332,'1985-07-18 00:00:00',43,'F','Single'),(831,'Hatch','Anderson','9240 Shady Lane','Wilmington','Delaware',56524,'1969-04-23 00:00:00',29,'M','Married'),(832,'Hatton','Antoni','4005 Shady Lane','Ashton','Delaware',19313,'1989-03-12 00:00:00',28,'F','Married'),(833,'Ide','Appley','9382 Shady Lane','Sarasota','Florida',56788,'1959-12-02 00:00:00',39,'M','Married'),(834,'Ilgen','Ashby','5438 Shady Lane','Miami','Florida',86231,'1988-12-24 00:00:00',53,'F','Married'),(835,'Infante','Barr','6548 Shady Lane','Norcross','Georgia',79504,'1988-04-17 00:00:00',60,'M','Married'),(836,'Isbell','Barrett','1898 Shady Lane','Augusta','Georgia',69936,'1974-03-26 00:00:00',22,'F','Married'),(837,'Jackson','Bennett','7643 Shady Lane','Kona','Hawaii',62490,'1959-09-24 00:00:00',32,'M','Married'),(838,'Jarrett','Zound','9080 Shady Lane','Hilo','Hawaii',22991,'1978-08-01 00:00:00',61,'F','Coresident'),(839,'Jensen',NULL,'9964 Shady Lane','Ketchum','Idaho',90103,'1964-06-18 00:00:00',27,'M','Single'),(840,'Johnson',NULL,'5123 Shady Lane','Sun Valley','Idaho',31669,'1994-10-26 00:00:00',27,'F','Single'),(841,'Kessler','Anderson','9461 Shady Lane','Chicago','Illinois',86286,'1985-08-09 00:00:00',64,'M','Married'),(842,'Kitch','Antoni','5847 Shady Lane','Decatur','Illinois',74564,'1956-02-27 00:00:00',49,'F','Married'),(843,'Knipe','Appley','5100 Shady Lane','Lafayette','Indiana',70127,'1968-10-04 00:00:00',60,'M','Married'),(844,'Knutsen','Ashby','7727 Shady Lane','Indianapolis','Indiana',50367,'1983-12-14 00:00:00',34,'F','Married'),(845,'Lambert','Barr','6993 Shady Lane','Des Moines','Iowa',32367,'1976-12-14 00:00:00',29,'M','Married'),(846,'Landino','Barrett','1221 Shady Lane','Council Bluffs','Iowa',97444,'1962-04-01 00:00:00',44,'F','Married'),(847,'Laplante','Bennett','735 Shady Lane','Topeka','Kansas',45033,'1963-03-30 00:00:00',31,'M','Married'),(848,'Larkin','Zohnson','7412 Shady Lane','Kansas City','Kansas',27870,'1971-12-23 00:00:00',56,'F','Coresident'),(849,'McClellan',NULL,'6424 Shady Lane','Lexington','Kentucky',31833,'1989-09-30 00:00:00',43,'M','Single'),(850,'Minkel',NULL,'9446 Shady Lane','Blueridge','Kentucky',72781,'1983-10-23 00:00:00',46,'F','Single'),(851,'Moran','Anderson','8463 Shady Lane','New Orleans','Louisiana',17621,'1958-07-07 00:00:00',28,'M','Married'),(852,'Morton','Antoni','9415 Shady Lane','Shreveport','Louisiana',88565,'1982-10-21 00:00:00',41,'F','Married'),(853,'Nielson','Appley','7135 Shady Lane','Bethesda','Maryland',52304,'1967-10-22 00:00:00',41,'M','Married'),(854,'Noram','Ashby','6722 Shady Lane','Baltimore','Maryland',60540,'1959-06-24 00:00:00',27,'F','Married'),(855,'Norquist','Barr','4851 Shady Lane','Augusta','Maine',40638,'1986-02-20 00:00:00',45,'M','Married'),(856,'Novick','Barrett','7096 Shady Lane','Bangor','Maine',56967,'1962-06-20 00:00:00',68,'F','Married'),(857,'Oakden','Bennett','2389 Shady Lane','Boston','Massachusetts',51051,'1967-03-25 00:00:00',53,'M','Married'),(858,'Ortiz','Ziller','6767 Shady Lane','Greenfield','Massachusetts',80908,'1962-02-04 00:00:00',26,'F','Coresident'),(859,'Orson',NULL,'1488 Shady Lane','Ann Arbor','Michigan',95390,'1976-10-28 00:00:00',43,'M','Single'),(860,'Osborne',NULL,'1477 Shady Lane','Grand Rapids','Michigan',33069,'1995-02-04 00:00:00',30,'F','Single'),(861,'Page','Anderson','4095 Shady Lane','Duluth','Minnesota',64187,'1974-02-16 00:00:00',52,'M','Married'),(862,'Paskins','Antoni','5793 Shady Lane','Minneapolis','Minnesota',38255,'1994-06-23 00:00:00',44,'F','Married'),(863,'Pavlovich','Appley','3015 Shady Lane','Biloxi','Mississippi',52291,'1991-11-23 00:00:00',28,'M','Married'),(864,'Perez','Ashby','4725 Shady Lane','Jackson','Mississippi',23597,'1956-05-28 00:00:00',31,'F','Married'),(865,'Queen','Barr','9113 Shady Lane','St. Louis','Missouri',99699,'1955-12-13 00:00:00',66,'M','Married'),(866,'Quick','Barrett','3578 Shady Lane','Springfield','Missouri',46919,'1987-06-09 00:00:00',68,'F','Married'),(867,'Quinn','Bennett','8644 Shady Lane','Bozeman','Montana',97882,'1973-08-06 00:00:00',37,'M','Married'),(868,'Quiroz','Zendengo','6396 Shady Lane','Butte','Montana',25535,'1976-03-07 00:00:00',38,'F','Coresident'),(869,'Rasmussen',NULL,'6481 Shady Lane','Lincoln','Nebraska',53937,'1959-01-08 00:00:00',59,'M','Single'),(870,'Redfern',NULL,'5717 Shady Lane','North Platte','Nebraska',83967,'1983-07-02 00:00:00',46,'F','Single'),(871,'Richards','Anderson','245 Shady Lane','Tonopah','Nevada',70844,'1968-07-16 00:00:00',32,'M','Married'),(872,'Rivera','Antoni','6675 Shady Lane','Carson City','Nevada',71759,'1982-05-16 00:00:00',65,'F','Married'),(873,'Sanson','Appley','7743 Shady Lane','Manchester','New Hampshire',61155,'1984-08-04 00:00:00',60,'M','Married'),(874,'Sargent','Ashby','264 Shady Lane','Concord','New Hampshire',51847,'1990-04-01 00:00:00',33,'F','Married'),(875,'Siegel','Barr','1140 Shady Lane','Trenton','New Jersey',70011,'1968-06-11 00:00:00',25,'M','Married'),(876,'Spicer','Barrett','3643 Shady Lane','Princeton','New Jersey',80594,'1966-11-17 00:00:00',42,'F','Married'),(877,'Thomas','Bennett','7524 Shady Lane','Albuquerque','New Mexico',69581,'1963-04-30 00:00:00',30,'M','Married'),(878,'Thompspn','Zottle','2876 Shady Lane','Taos','New Mexico',89659,'1993-11-14 00:00:00',21,'F','Coresident'),(879,'Turner',NULL,'7984 Shady Lane','New York','New York',86320,'1960-05-15 00:00:00',24,'M','Single'),(880,'Tuttle',NULL,'9167 Shady Lane','Albany','New York',48154,'1956-06-29 00:00:00',20,'F','Single'),(881,'Uphoff','Anderson','2977 Shady Lane','Raleigh','North Carolina',77992,'1955-04-05 00:00:00',31,'M','Married'),(882,'Upton','Antoni','3802 Shady Lane','Greensboro','North Carolina',71212,'1983-04-24 00:00:00',35,'F','Married'),(883,'Urbani','Appley','9973 Shady Lane','Fargo','North Dakota',84570,'1974-03-23 00:00:00',39,'M','Married'),(884,'Utzig','Ashby','2371 Shady Lane','Bismarck','North Dakota',52598,'1959-12-12 00:00:00',28,'F','Married'),(885,'Valdez','Barr','8361 Shady Lane','Oklahoma City','Oklahoma',73037,'1968-06-05 00:00:00',30,'M','Married'),(886,'Vargas','Barrett','7044 Shady Lane','Lawton','Oklahoma',13134,'1984-06-01 00:00:00',54,'F','Married'),(887,'Verch','Bennett','5955 Shady Lane','Cincinnati','Ohio',29349,'1961-10-13 00:00:00',40,'M','Married'),(888,'Vogel','Zendius','2829 Shady Lane','Cleveland','Ohio',71214,'1957-11-13 00:00:00',27,'F','Coresident'),(889,'Wadsworth',NULL,'2665 Shady Lane','Portland','Oregon',13666,'1976-12-15 00:00:00',52,'M','Single'),(890,'Walsh',NULL,'7300 Shady Lane','Medford','Oregon',37810,'1965-10-30 00:00:00',20,'F','Single'),(891,'Watson','Anderson','568 Shady Lane','Pittsburgh','Pennsylvania',98293,'1959-02-10 00:00:00',28,'M','Married'),(892,'Wedig','Antoni','36 Shady Lane','Philadelphia','Pennsylvania',11495,'1970-04-24 00:00:00',64,'F','Married'),(893,'Xanadu','Appley','6567 Shady Lane','Providence','Rhode Island',46075,'1987-06-28 00:00:00',40,'M','Married'),(894,'Xavier','Ashby','1644 Shady Lane','Newport','Rhode Island',89441,'1958-08-25 00:00:00',49,'F','Married'),(895,'Xiong','Barr','2793 Shady Lane','Columbia','South Carolina',11912,'1985-10-22 00:00:00',45,'M','Married'),(896,'Xiques','Barrett','3663 Shady Lane','Charleston','South Carolina',90689,'1992-10-17 00:00:00',50,'F','Married'),(897,'Yost','Bennett','8762 Shady Lane','Rapid City','South Dakota',33886,'1992-07-06 00:00:00',23,'M','Married'),(898,'Yoder','Zorch','2522 Shady Lane','Pierre','South Dakota',78167,'1957-05-18 00:00:00',53,'F','Coresident'),(899,'Young',NULL,'6114 Shady Lane','Nashville','Tennessee',80781,'1971-12-07 00:00:00',38,'M','Single'),(900,'Youpa',NULL,'7492 Shady Lane','Knoxville','Tennessee',15628,'1983-10-19 00:00:00',57,'F','Single'),(901,'Anderson','Anderson','3356 Shady Lane','Dallas','Texas',50800,'1984-06-10 00:00:00',64,'M','Married'),(902,'Antoni','Antoni','514 Shady Lane','San Antonio','Texas',52703,'1976-04-04 00:00:00',57,'F','Married'),(903,'Appley','Appley','9861 Shady Lane','Salt Lake City','Utah',22274,'1986-04-10 00:00:00',46,'M','Married'),(904,'Ashby','Ashby','2857 Shady Lane','Ogden','Utah',71679,'1995-10-03 00:00:00',26,'F','Married'),(905,'Barr','Barr','2870 Shady Lane','Burlington','Vermont',81428,'1960-04-18 00:00:00',63,'M','Married'),(906,'Barrett','Barrett','4881 Shady Lane','Montpelier','Vermont',70738,'1978-09-25 00:00:00',59,'F','Married'),(907,'Bennett','Bennett','1370 Shady Lane','Richmond','Virginia',22018,'1958-10-18 00:00:00',52,'M','Married'),(908,'Boone','Zachary','5144 Shady Lane','Norfolk','Virginia',72657,'1957-02-14 00:00:00',56,'F','Coresident'),(909,'Clarke',NULL,'8729 Shady Lane','Seattle','Washington',57371,'1988-09-29 00:00:00',33,'M','Single'),(910,'Clewett',NULL,'6613 Shady Lane','Tacoma','Washington',51377,'1965-04-20 00:00:00',44,'F','Single'),(911,'Cluster','Anderson','9513 Shady Lane','Charleston','West Virginia',51450,'1988-11-23 00:00:00',63,'M','Married'),(912,'Coghlin','Antoni','8787 Shady Lane','Clarksburg','West Virginia',42202,'1964-08-23 00:00:00',29,'F','Married'),(913,'Davis','Appley','3072 Shady Lane','Madison','Wisconsin',26893,'1975-01-26 00:00:00',56,'M','Married'),(914,'DePalma','Ashby','2489 Shady Lane','Milwaukee','Wisconsin',74852,'1978-02-15 00:00:00',40,'F','Married'),(915,'Deardorff','Barr','5671 Shady Lane','Laramie','Wyoming',15362,'1978-10-03 00:00:00',52,'M','Married'),(916,'Dodds','Barrett','8820 Shady Lane','Cheyenne','Wyoming',43942,'1993-03-19 00:00:00',48,'F','Married'),(917,'Edwards','Bennett','5123 Shady Lane','Washington','DC',17924,'1985-09-29 00:00:00',55,'M','Married'),(918,'Edholm','Zovius','5688 Shady Lane','Washington','DC',97397,'1960-03-30 00:00:00',31,'F','Coresident'),(919,'Emory',NULL,'3517 Shady Lane','Birmingham','Alabama',30943,'1988-11-12 00:00:00',56,'M','Single'),(920,'Erickson',NULL,'6864 Shady Lane','Tuscaloosa','Alabama',61582,'1969-07-31 00:00:00',28,'F','Single'),(921,'Farrell','Anderson','6471 Shady Lane','Anchorage','Alaska',11968,'1991-12-12 00:00:00',44,'M','Married'),(922,'Faulkner','Antoni','1994 Shady Lane','Juneau','Alaska',97260,'1994-06-12 00:00:00',27,'F','Married'),(923,'Foley','Appley','625 Shady Lane','Flagstaff','Arizona',30324,'1965-04-26 00:00:00',50,'M','Married'),(924,'Ford','Ashby','3471 Shady Lane','Phoenix','Arizona',17289,'1963-04-02 00:00:00',38,'F','Married'),(925,'Gage','Barr','5337 Shady Lane','Little Rock','Arkansas',66190,'1960-09-06 00:00:00',66,'M','Married'),(926,'Galt','Barrett','8792 Shady Lane','Midville','Arkansas',85302,'1986-03-01 00:00:00',62,'F','Married'),(927,'Gray','Bennett','4699 Shady Lane','San Diego','California',42855,'1962-05-01 00:00:00',29,'M','Married'),(928,'Guy','Zigurat','7320 Shady Lane','Red Bluff','California',56202,'1981-11-10 00:00:00',30,'F','Coresident'),(929,'Haines',NULL,'4620 Shady Lane','Denver','Colorado',95553,'1978-07-22 00:00:00',20,'M','Single'),(930,'Hale',NULL,'4320 Shady Lane','Steamboat Springs','Colorado',12781,'1995-06-12 00:00:00',39,'F','Single'),(931,'Hatch','Anderson','9255 Shady Lane','Hartford','Connecticut',79632,'1991-03-15 00:00:00',52,'M','Married'),(932,'Hatton','Antoni','6010 Shady Lane','Stamford','Connecticut',65210,'1960-09-05 00:00:00',23,'F','Married'),(933,'Ide','Appley','861 Shady Lane','Wilmington','Delaware',95908,'1959-09-01 00:00:00',42,'M','Married'),(934,'Ilgen','Ashby','5109 Shady Lane','Ashton','Delaware',76979,'1960-05-06 00:00:00',52,'F','Married'),(935,'Infante','Barr','4484 Shady Lane','Sarasota','Florida',23347,'1994-04-09 00:00:00',28,'M','Married'),(936,'Isbell','Barrett','24 Shady Lane','Miami','Florida',76352,'1959-01-31 00:00:00',39,'F','Married'),(937,'Jackson','Bennett','1250 Shady Lane','Norcross','Georgia',80824,'1983-12-03 00:00:00',31,'M','Married'),(938,'Jarrett','Zound','2221 Shady Lane','Augusta','Georgia',73574,'1969-06-07 00:00:00',47,'F','Coresident'),(939,'Jensen',NULL,'745 Shady Lane','Kona','Hawaii',64405,'1964-07-16 00:00:00',37,'M','Single'),(940,'Johnson',NULL,'1687 Shady Lane','Hilo','Hawaii',19550,'1981-02-08 00:00:00',34,'F','Single'),(941,'Kessler','Anderson','1820 Shady Lane','Ketchum','Idaho',44128,'1961-11-03 00:00:00',57,'M','Married'),(942,'Kitch','Antoni','148 Shady Lane','Sun Valley','Idaho',49242,'1993-10-30 00:00:00',60,'F','Married'),(943,'Knipe','Appley','7912 Shady Lane','Chicago','Illinois',45903,'1983-01-24 00:00:00',48,'M','Married'),(944,'Knutsen','Ashby','7109 Shady Lane','Decatur','Illinois',19738,'1961-10-19 00:00:00',26,'F','Married'),(945,'Lambert','Barr','2111 Shady Lane','Lafayette','Indiana',90079,'1987-06-19 00:00:00',53,'M','Married'),(946,'Landino','Barrett','4876 Shady Lane','Indianapolis','Indiana',67440,'1986-02-15 00:00:00',29,'F','Married'),(947,'Laplante','Bennett','8487 Shady Lane','Des Moines','Iowa',27800,'1970-01-24 00:00:00',69,'M','Married'),(948,'Larkin','Zohnson','1531 Shady Lane','Council Bluffs','Iowa',70057,'1989-04-24 00:00:00',51,'F','Coresident'),(949,'McClellan',NULL,'3561 Shady Lane','Topeka','Kansas',86959,'1968-06-07 00:00:00',57,'M','Single'),(950,'Minkel',NULL,'9883 Shady Lane','Kansas City','Kansas',27002,'1957-12-29 00:00:00',20,'F','Single'),(951,'Moran','Anderson','5681 Shady Lane','Lexington','Kentucky',56662,'1959-05-17 00:00:00',58,'M','Married'),(952,'Morton','Antoni','1937 Shady Lane','Blueridge','Kentucky',19729,'1962-01-24 00:00:00',41,'F','Married'),(953,'Nielson','Appley','2497 Shady Lane','New Orleans','Louisiana',92618,'1958-08-12 00:00:00',69,'M','Married'),(954,'Noram','Ashby','4619 Shady Lane','Shreveport','Louisiana',75774,'1977-07-09 00:00:00',40,'F','Married'),(955,'Norquist','Barr','1453 Shady Lane','Bethesda','Maryland',67458,'1974-12-25 00:00:00',50,'M','Married'),(956,'Novick','Barrett','4981 Shady Lane','Baltimore','Maryland',28781,'1984-04-28 00:00:00',52,'F','Married'),(957,'Oakden','Bennett','9095 Shady Lane','Augusta','Maine',69204,'1973-12-18 00:00:00',68,'M','Married'),(958,'Ortiz','Ziller','7536 Shady Lane','Bangor','Maine',73760,'1975-10-13 00:00:00',68,'F','Coresident'),(959,'Orson',NULL,'992 Shady Lane','Boston','Massachusetts',93783,'1989-05-27 00:00:00',20,'M','Single'),(960,'Osborne',NULL,'8150 Shady Lane','Greenfield','Massachusetts',82301,'1973-11-16 00:00:00',25,'F','Single'),(961,'Page','Anderson','7487 Shady Lane','Ann Arbor','Michigan',94858,'1977-02-18 00:00:00',29,'M','Married'),(962,'Paskins','Antoni','2240 Shady Lane','Grand Rapids','Michigan',22832,'1966-10-13 00:00:00',49,'F','Married'),(963,'Pavlovich','Appley','6445 Shady Lane','Duluth','Minnesota',58510,'1994-10-19 00:00:00',43,'M','Married'),(964,'Perez','Ashby','2168 Shady Lane','Minneapolis','Minnesota',83300,'1975-02-01 00:00:00',45,'F','Married'),(965,'Queen','Barr','3563 Shady Lane','Biloxi','Mississippi',97379,'1970-03-17 00:00:00',67,'M','Married'),(966,'Quick','Barrett','285 Shady Lane','Jackson','Mississippi',36050,'1974-01-18 00:00:00',40,'F','Married'),(967,'Quinn','Bennett','7062 Shady Lane','St. Louis','Missouri',90275,'1983-10-15 00:00:00',44,'M','Married'),(968,'Quiroz','Zendengo','817 Shady Lane','Springfield','Missouri',13479,'1977-06-01 00:00:00',44,'F','Coresident'),(969,'Rasmussen',NULL,'5445 Shady Lane','Bozeman','Montana',91891,'1972-04-25 00:00:00',31,'M','Single'),(970,'Redfern',NULL,'319 Shady Lane','Butte','Montana',43379,'1987-11-11 00:00:00',63,'F','Single'),(971,'Richards','Anderson','9087 Shady Lane','Lincoln','Nebraska',70687,'1992-02-21 00:00:00',68,'M','Married'),(972,'Rivera','Antoni','3324 Shady Lane','North Platte','Nebraska',65015,'1961-03-09 00:00:00',57,'F','Married'),(973,'Sanson','Appley','294 Shady Lane','Tonopah','Nevada',64556,'1994-12-04 00:00:00',62,'M','Married'),(974,'Sargent','Ashby','4510 Shady Lane','Carson City','Nevada',61383,'1979-05-29 00:00:00',55,'F','Married'),(975,'Siegel','Barr','5960 Shady Lane','Manchester','New Hampshire',33867,'1978-09-02 00:00:00',38,'M','Married'),(976,'Spicer','Barrett','6505 Shady Lane','Concord','New Hampshire',68989,'1970-02-14 00:00:00',58,'F','Married'),(977,'Thomas','Bennett','5702 Shady Lane','Trenton','New Jersey',37338,'1967-12-03 00:00:00',28,'M','Married'),(978,'Thompspn','Zottle','6885 Shady Lane','Princeton','New Jersey',46108,'1955-03-30 00:00:00',32,'F','Coresident'),(979,'Turner',NULL,'8006 Shady Lane','Albuquerque','New Mexico',50622,'1957-03-13 00:00:00',58,'M','Single'),(980,'Tuttle',NULL,'6870 Shady Lane','Taos','New Mexico',99725,'1963-11-29 00:00:00',25,'F','Single'),(981,'Uphoff','Anderson','9849 Shady Lane','New York','New York',33466,'1975-09-26 00:00:00',60,'M','Married'),(982,'Upton','Antoni','2833 Shady Lane','Albany','New York',93213,'1954-10-21 00:00:00',22,'F','Married'),(983,'Urbani','Appley','159 Shady Lane','Raleigh','North Carolina',68004,'1979-08-02 00:00:00',24,'M','Married'),(984,'Utzig','Ashby','7164 Shady Lane','Greensboro','North Carolina',76345,'1981-06-19 00:00:00',22,'F','Married'),(985,'Valdez','Barr','3603 Shady Lane','Fargo','North Dakota',11019,'1988-11-20 00:00:00',33,'M','Married'),(986,'Vargas','Barrett','2838 Shady Lane','Bismarck','North Dakota',49315,'1978-02-20 00:00:00',50,'F','Married'),(987,'Verch','Bennett','6184 Shady Lane','Oklahoma City','Oklahoma',47915,'1962-08-21 00:00:00',51,'M','Married'),(988,'Vogel','Zendius','1959 Shady Lane','Lawton','Oklahoma',63683,'1956-02-27 00:00:00',42,'F','Coresident'),(989,'Wadsworth',NULL,'1832 Shady Lane','Cincinnati','Ohio',32730,'1972-01-08 00:00:00',26,'M','Single'),(990,'Walsh',NULL,'6182 Shady Lane','Cleveland','Ohio',64060,'1966-10-20 00:00:00',33,'F','Single'),(991,'Watson','Anderson','6546 Shady Lane','Portland','Oregon',45940,'1960-10-16 00:00:00',34,'M','Married'),(992,'Wedig','Antoni','8534 Shady Lane','Medford','Oregon',24642,'1986-03-11 00:00:00',33,'F','Married'),(993,'Xanadu','Appley','3911 Shady Lane','Pittsburgh','Pennsylvania',98125,'1980-11-25 00:00:00',69,'M','Married'),(994,'Xavier','Ashby','2456 Shady Lane','Philadelphia','Pennsylvania',72991,'1979-12-22 00:00:00',32,'F','Married'),(995,'Xiong','Barr','3797 Shady Lane','Providence','Rhode Island',96467,'1988-04-27 00:00:00',48,'M','Married'),(996,'Xiques','Barrett','8784 Shady Lane','Newport','Rhode Island',79963,'1960-04-19 00:00:00',29,'F','Married'),(997,'Yost','Bennett','2027 Shady Lane','Columbia','South Carolina',77253,'1960-02-29 00:00:00',46,'M','Married'),(998,'Yoder','Zorch','1259 Shady Lane','Charleston','South Carolina',16744,'1981-12-29 00:00:00',35,'F','Coresident'),(999,'Young',NULL,'6234 Shady Lane','Rapid City','South Dakota',29695,'1986-09-03 00:00:00',53,'M','Single'),(1000,'Youpa',NULL,'5162 Shady Lane','Pierre','South Dakota',50306,'1990-09-15 00:00:00',69,'F','Single');
/*!40000 ALTER TABLE `account` ENABLE KEYS */;
UNLOCK TABLES;

--
-- Table structure for table `branch`
--

DROP TABLE IF EXISTS `branch`;
/*!40101 SET @saved_cs_client     = @@character_set_client */;
/*!40101 SET character_set_client = utf8 */;
CREATE TABLE `branch` (
  `branch_key` double DEFAULT NULL,
  `branch_name` varchar(255) DEFAULT NULL,
  `branch_address` varchar(255) DEFAULT NULL,
  `branch_city` varchar(255) DEFAULT NULL,
  `branch_state` varchar(255) DEFAULT NULL,
  `branch_zip` double DEFAULT NULL,
  KEY `branch_key` (`branch_key`)
) ENGINE=InnoDB DEFAULT CHARSET=utf8;
/*!40101 SET character_set_client = @saved_cs_client */;

--
-- Dumping data for table `branch`
--

LOCK TABLES `branch` WRITE;
/*!40000 ALTER TABLE `branch` DISABLE KEYS */;
INSERT INTO `branch` VALUES (1,'Big Apple','822 Financial Way','New York','NY',46842),(2,'Philly','15 Financial Way','Philadelphia','PA',36769),(3,'Windy City','923 Financial Way','Chicago','IL',43389),(4,'Tinseltown','945 Financial Way','Los Angeles','CA',80626),(5,'Mile High','108 Financial Way','Denver','CO',23266),(6,'Cowboy','816 Financial Way','Dallas','TX',87162),(7,'Caribe','881 Financial Way','Miami','FL',42174),(8,'Golden Gate','706 Financial Way','San Francisco','CA',29106),(9,'Puget Sound','937 Financial Way','Seattle','WA',20008),(10,'Capitol','852 Financial Way','Washington','DC',41223);
/*!40000 ALTER TABLE `branch` ENABLE KEYS */;
UNLOCK TABLES;

--
-- Table structure for table `household_facts`
--

DROP TABLE IF EXISTS `household_facts`;
/*!40101 SET @saved_cs_client     = @@character_set_client */;
/*!40101 SET character_set_client = utf8 */;
CREATE TABLE `household_facts` (
  `month_key` double DEFAULT '0',
  `account_key` double DEFAULT '0',
  `product_key` double DEFAULT '0',
  `branch_key` double DEFAULT '0',
  `primary_balance` double DEFAULT '0',
  KEY `account_key` (`account_key`),
  KEY `branch_key` (`branch_key`),
  KEY `month_key` (`month_key`),
  KEY `product_key` (`product_key`),
  CONSTRAINT `account_key` FOREIGN KEY (`account_key`) REFERENCES `account` (`account_key`) ON DELETE NO ACTION ON UPDATE NO ACTION,
  CONSTRAINT `branch_key` FOREIGN KEY (`branch_key`) REFERENCES `branch` (`branch_key`) ON DELETE NO ACTION ON UPDATE NO ACTION,
  CONSTRAINT `month_key` FOREIGN KEY (`month_key`) REFERENCES `month` (`month_key`) ON DELETE NO ACTION ON UPDATE NO ACTION,
  CONSTRAINT `product_key` FOREIGN KEY (`product_key`) REFERENCES `product` (`product_key`) ON DELETE NO ACTION ON UPDATE NO ACTION
) ENGINE=InnoDB DEFAULT CHARSET=utf8;
/*!40101 SET character_set_client = @saved_cs_client */;

--
-- Dumping data for table `household_facts`
--

LOCK TABLES `household_facts` WRITE;
/*!40000 ALTER TABLE `household_facts` DISABLE KEYS */;
INSERT INTO `household_facts` VALUES (1,1,1,9,569.29),(2,1,1,9,543.39),(3,1,1,9,340.48),(4,1,1,9,640.17),(5,1,1,9,683.39),(6,1,1,9,702.73),(7,1,1,9,483.16),(8,1,1,9,681.28),(9,1,1,9,749.04),(11,1,1,9,372.54),(12,1,1,9,314.56),(13,1,1,9,370.4),(14,1,1,9,333.71),(15,1,1,9,496.99),(16,1,1,9,482.48),(18,1,1,9,566.76),(19,1,1,9,513.12),(20,1,1,9,423.47),(21,1,1,9,597.39),(22,1,1,9,806.65),(23,1,1,9,892.45),(24,1,1,9,578.51),(25,1,1,9,748.64),(26,1,1,9,318.99),(27,1,1,9,738.06),(29,1,1,9,530.56),(30,1,1,9,340.07),(31,1,1,9,554.11),(33,1,1,9,607.93),(34,1,1,9,651.17),(35,1,1,9,628.16),(1,2,1,1,3.46),(2,2,1,1,6.49),(3,2,1,1,3.2),(4,2,1,1,5.33),(5,2,1,1,6.76),(6,2,1,1,3.24),(7,2,1,1,5.37),(8,2,1,1,4.61),(9,2,1,1,3.7),(10,2,1,1,5.27),(11,2,1,1,7.02),(12,2,1,1,4.2),(13,2,1,1,4.57),(14,2,1,1,4.07),(15,2,1,1,4.68),(16,2,1,1,3.91),(17,2,1,1,7.05),(18,2,1,1,5.83),(19,2,1,1,5.07),(20,2,1,1,8.01),(21,2,1,1,3.58),(22,2,1,1,8.42),(23,2,1,1,4.7),(24,2,1,1,5.05),(26,2,1,1,6.86),(27,2,1,1,5.56),(28,2,1,1,3.75),(29,2,1,1,7.39),(30,2,1,1,5.64),(31,2,1,1,5.53),(32,2,1,1,4.85),(33,2,1,1,3.59),(34,2,1,1,6.07),(35,2,1,1,5.46),(36,2,1,1,7.01),(1,3,1,8,174.9),(2,3,1,8,153.93),(3,3,1,8,304.51),(4,3,1,8,358.92),(5,3,1,8,404.94),(6,3,1,8,326.1),(7,3,1,8,266.38),(8,3,1,8,429.09),(9,3,1,8,262.4),(10,3,1,8,244.49),(11,3,1,8,329.44),(13,3,1,8,162.61),(14,3,1,8,284.94),(16,3,1,8,256.02),(17,3,1,8,180.53),(18,3,1,8,406.73),(20,3,1,8,158.74),(21,3,1,8,285.73),(22,3,1,8,235.55),(23,3,1,8,291.88),(24,3,1,8,235.28),(25,3,1,8,337.92),(26,3,1,8,262.12),(27,3,1,8,344.22),(29,3,1,8,188.02),(30,3,1,8,170.96),(31,3,1,8,389.09),(32,3,1,8,403.04),(33,3,1,8,366.11),(34,3,1,8,209.1),(35,3,1,8,249.73),(36,3,1,8,311.82),(1,4,1,1,509.07),(2,4,1,1,868.54),(3,4,1,1,373.77),(4,4,1,1,800.41),(5,4,1,1,423.52),(6,4,1,1,955.14),(8,4,1,1,929.92),(9,4,1,1,901.32),(10,4,1,1,833.75),(11,4,1,1,589.1),(12,4,1,1,713.15),(13,4,1,1,925.11),(14,4,1,1,928.41),(15,4,1,1,618.75),(17,4,1,1,579.2),(18,4,1,1,599.88),(19,4,1,1,388.22),(20,4,1,1,661.41),(21,4,1,1,323.88),(23,4,1,1,922.3),(24,4,1,1,394.54),(25,4,1,1,575.72),(26,4,1,1,713.37),(28,4,1,1,340.22),(29,4,1,1,854.77),(30,4,1,1,695.57),(31,4,1,1,458.48),(32,4,1,1,707.99),(33,4,1,1,608.14),(34,4,1,1,690.5),(35,4,1,1,990.62),(1,5,1,4,364.55),(2,5,1,4,644.08),(3,5,1,4,798.95),(4,5,1,4,545.79),(5,5,1,4,747.08),(6,5,1,4,887.55),(7,5,1,4,435.22),(8,5,1,4,580.28),(9,5,1,4,711.6),(10,5,1,4,525.27),(11,5,1,4,908.52),(12,5,1,4,673.11),(13,5,1,4,790.03),(14,5,1,4,633.41),(15,5,1,4,577.11),(16,5,1,4,549.46),(17,5,1,4,627.26),(19,5,1,4,472.7),(20,5,1,4,557.66),(21,5,1,4,782.2),(22,5,1,4,332.98),(23,5,1,4,618.37),(24,5,1,4,862.02),(25,5,1,4,564.8),(26,5,1,4,333.37),(27,5,1,4,888.12),(28,5,1,4,788.7),(29,5,1,4,597.09),(30,5,1,4,861.76),(31,5,1,4,305.35),(32,5,1,4,889.58),(34,5,1,4,798.92),(35,5,1,4,647.37),(36,5,1,4,613.61),(1,6,1,9,398.33),(2,6,1,9,222.42),(3,6,1,9,240.98),(4,6,1,9,231.46),(5,6,1,9,466.36),(6,6,1,9,396.17),(7,6,1,9,410.92),(8,6,1,9,397.6),(9,6,1,9,276.91),(10,6,1,9,226.42),(11,6,1,9,204.83),(12,6,1,9,437.45),(13,6,1,9,220.69),(14,6,1,9,285.07),(16,6,1,9,171.15),(17,6,1,9,271.69),(18,6,1,9,415.17),(19,6,1,9,407.17),(20,6,1,9,327.04),(21,6,1,9,187.47),(22,6,1,9,364.1),(23,6,1,9,264.57),(24,6,1,9,258.27),(25,6,1,9,309.11),(26,6,1,9,264.33),(27,6,1,9,411.31),(28,6,1,9,342.77),(30,6,1,9,358.24),(31,6,1,9,396.31),(32,6,1,9,244.3),(33,6,1,9,346.5),(34,6,1,9,275.06),(35,6,1,9,352.36),(36,6,1,9,284.12),(1,7,1,5,170.84),(2,7,1,5,128.73),(3,7,1,5,305.21),(4,7,1,5,234.2),(5,7,1,5,219.74),(6,7,1,5,179.8),(7,7,1,5,251.43),(8,7,1,5,294.25),(9,7,1,5,186.23),(10,7,1,5,278.55),(11,7,1,5,199.03),(12,7,1,5,222.9),(13,7,1,5,288.07),(14,7,1,5,137.54),(15,7,1,5,179.05),(16,7,1,5,189.31),(17,7,1,5,248.54),(18,7,1,5,180.2),(19,7,1,5,361.2),(20,7,1,5,335.78),(21,7,1,5,268.45),(22,7,1,5,328.7),(23,7,1,5,321.95),(24,7,1,5,216.22),(25,7,1,5,325.21),(26,7,1,5,340.86),(27,7,1,5,333.98),(29,7,1,5,156.82),(30,7,1,5,329.67),(31,7,1,5,243.39),(32,7,1,5,229.86),(33,7,1,5,279.13),(35,7,1,5,295.7),(36,7,1,5,208.44),(1,8,1,10,196.22),(2,8,1,10,152.73),(3,8,1,10,227.64),(4,8,1,10,182.31),(5,8,1,10,191.22),(6,8,1,10,88.01),(7,8,1,10,84.38),(8,8,1,10,97.98),(9,8,1,10,118.29),(11,8,1,10,147.13),(12,8,1,10,102.32),(14,8,1,10,137.43),(15,8,1,10,175.95),(16,8,1,10,213.82),(17,8,1,10,134.95),(18,8,1,10,97.95),(19,8,1,10,116.66),(20,8,1,10,184.05),(21,8,1,10,201.04),(22,8,1,10,85.71),(23,8,1,10,118.83),(24,8,1,10,135.52),(25,8,1,10,98.81),(26,8,1,10,161.46),(27,8,1,10,126.16),(28,8,1,10,220.11),(29,8,1,10,225.08),(30,8,1,10,132.1),(31,8,1,10,157.91),(33,8,1,10,199.79),(34,8,1,10,223.36),(35,8,1,10,137.5),(36,8,1,10,161.78),(1,9,1,3,247.72),(2,9,1,3,141.03),(3,9,1,3,336.47),(5,9,1,3,285.38),(6,9,1,3,137.96),(7,9,1,3,187.78),(8,9,1,3,260.23),(9,9,1,3,371.75),(10,9,1,3,319.03),(11,9,1,3,135.08),(12,9,1,3,230.98),(13,9,1,3,169.82),(14,9,1,3,374.56),(15,9,1,3,331.63),(16,9,1,3,327.89),(17,9,1,3,243.14),(19,9,1,3,271.5),(20,9,1,3,311.44),(21,9,1,3,323.68),(22,9,1,3,324.59),(24,9,1,3,269.46),(25,9,1,3,244.41),(26,9,1,3,222.78),(27,9,1,3,378.07),(28,9,1,3,203.17),(29,9,1,3,273.25),(30,9,1,3,322.08),(31,9,1,3,336.84),(32,9,1,3,136.91),(33,9,1,3,263.04),(35,9,1,3,156.79),(36,9,1,3,345.15),(1,10,1,4,787.18),(2,10,1,4,825.68),(3,10,1,4,956.02),(4,10,1,4,575.21),(5,10,1,4,967.77),(6,10,1,4,520.04),(7,10,1,4,372.48),(8,10,1,4,536.77),(9,10,1,4,510.11),(10,10,1,4,786.46),(11,10,1,4,598.08),(13,10,1,4,641.68),(14,10,1,4,748.2),(15,10,1,4,687.12),(16,10,1,4,452.63),(17,10,1,4,498.51),(18,10,1,4,884.13),(19,10,1,4,944.66),(20,10,1,4,559.3),(21,10,1,4,710.75),(22,10,1,4,805.55),(23,10,1,4,937.64),(25,10,1,4,888.78),(26,10,1,4,651.69),(27,10,1,4,829.15),(28,10,1,4,912.62),(29,10,1,4,845.97),(31,10,1,4,1047.87),(32,10,1,4,438.21),(33,10,1,4,368.71),(34,10,1,4,854.83),(36,10,1,4,935.92),(1,11,1,7,87.83),(2,11,1,7,139.37),(4,11,1,7,136.82),(5,11,1,7,133.04),(6,11,1,7,84.19),(7,11,1,7,124.67),(8,11,1,7,149.06),(10,11,1,7,213.08),(11,11,1,7,168.2),(12,11,1,7,120.23),(14,11,1,7,90.94),(15,11,1,7,210.67),(16,11,1,7,156.42),(17,11,1,7,195.73),(18,11,1,7,84.44),(19,11,1,7,225.17),(20,11,1,7,220.55),(21,11,1,7,149.41),(22,11,1,7,200.69),(23,11,1,7,80.63),(24,11,1,7,176.8),(25,11,1,7,220.8),(26,11,1,7,142.13),(27,11,1,7,189.08),(28,11,1,7,126.97),(29,11,1,7,137.52),(30,11,1,7,219.02),(31,11,1,7,123.1),(32,11,1,7,172.43),(33,11,1,7,101.93),(34,11,1,7,103.99),(35,11,1,7,174.58),(36,11,1,7,112.96),(1,12,1,7,271.77),(2,12,1,7,548.08),(3,12,1,7,213.68),(4,12,1,7,532.74),(5,12,1,7,374.3),(6,12,1,7,501.36),(7,12,1,7,405.55),(8,12,1,7,347.89),(9,12,1,7,440.72),(10,12,1,7,373.14),(11,12,1,7,249.03),(12,12,1,7,516.62),(13,12,1,7,220.08),(14,12,1,7,440.99),(15,12,1,7,425.49),(16,12,1,7,505.23),(17,12,1,7,239.59),(18,12,1,7,305.54),(19,12,1,7,329.37),(20,12,1,7,382.82),(21,12,1,7,479.83),(22,12,1,7,514.85),(23,12,1,7,244.17),(24,12,1,7,383.7),(25,12,1,7,296.85),(26,12,1,7,448.49),(27,12,1,7,545.17),(28,12,1,7,565.74),(29,12,1,7,358.35),(30,12,1,7,517.43),(31,12,1,7,230.82),(32,12,1,7,564.56),(33,12,1,7,455.72),(34,12,1,7,239.85),(35,12,1,7,537.33),(36,12,1,7,211),(1,13,1,3,782.04),(2,13,1,3,809.98),(3,13,1,3,717.33),(5,13,1,3,656.76),(6,13,1,3,603),(7,13,1,3,716.23),(8,13,1,3,626.92),(9,13,1,3,656.23),(11,13,1,3,656),(12,13,1,3,280.1),(13,13,1,3,773.59),(14,13,1,3,629.04),(15,13,1,3,642.52),(16,13,1,3,672.42),(17,13,1,3,819.8),(18,13,1,3,694.17),(19,13,1,3,765.49),(21,13,1,3,732.37),(22,13,1,3,799.62),(23,13,1,3,491.9),(24,13,1,3,475.24),(25,13,1,3,412.4),(26,13,1,3,391.69),(27,13,1,3,552.38),(29,13,1,3,471.07),(30,13,1,3,465.88),(31,13,1,3,760.9),(32,13,1,3,634.42),(33,13,1,3,592.25),(35,13,1,3,560.66),(36,13,1,3,708.98),(1,14,1,9,588.41),(3,14,1,9,373.53),(4,14,1,9,585.63),(5,14,1,9,213.69),(6,14,1,9,390.99),(7,14,1,9,233.6),(8,14,1,9,584.66),(9,14,1,9,195.54),(10,14,1,9,351.47),(11,14,1,9,465.09),(12,14,1,9,539.8),(13,14,1,9,447.75),(15,14,1,9,548.52),(16,14,1,9,304.04),(17,14,1,9,223.45),(18,14,1,9,550.25),(20,14,1,9,280.22),(21,14,1,9,375.36),(22,14,1,9,344.53),(23,14,1,9,219.44),(24,14,1,9,425.73),(25,14,1,9,308.78),(27,14,1,9,323.86),(28,14,1,9,233.37),(29,14,1,9,342.18),(30,14,1,9,330.57),(31,14,1,9,585.51),(32,14,1,9,384.28),(33,14,1,9,434.67),(34,14,1,9,204.14),(35,14,1,9,423.48),(36,14,1,9,437.91),(1,15,1,10,255.99),(2,15,1,10,386.38),(3,15,1,10,182.59),(4,15,1,10,142.54),(5,15,1,10,245.46),(6,15,1,10,227.53),(7,15,1,10,271.9),(8,15,1,10,249.08),(10,15,1,10,211.61),(11,15,1,10,419.73),(12,15,1,10,236.06),(13,15,1,10,383.95),(14,15,1,10,245.2),(15,15,1,10,223.91),(17,15,1,10,352.48),(18,15,1,10,174.97),(19,15,1,10,188.88),(20,15,1,10,344.48),(21,15,1,10,210.35),(22,15,1,10,194.61),(24,15,1,10,298.7),(25,15,1,10,384.66),(26,15,1,10,428.44),(27,15,1,10,422.73),(28,15,1,10,346.43),(30,15,1,10,363.52),(31,15,1,10,142.96),(32,15,1,10,240.56),(33,15,1,10,280.32),(35,15,1,10,294.56),(36,15,1,10,306.96),(1,16,1,2,785.47),(2,16,1,2,1016.52),(3,16,1,2,415.21),(4,16,1,2,1046.91),(6,16,1,2,497.02),(7,16,1,2,536.98),(8,16,1,2,466.94),(9,16,1,2,486.35),(10,16,1,2,843.28),(11,16,1,2,597.89),(12,16,1,2,496.2),(14,16,1,2,819.91),(15,16,1,2,709.35),(16,16,1,2,967.04),(17,16,1,2,872.58),(18,16,1,2,959.18),(19,16,1,2,973.18),(20,16,1,2,416.42),(21,16,1,2,408.89),(22,16,1,2,574.71),(23,16,1,2,693.05),(24,16,1,2,786.64),(25,16,1,2,534.54),(26,16,1,2,690.79),(27,16,1,2,925.79),(28,16,1,2,952.99),(29,16,1,2,391.47),(30,16,1,2,881.09),(31,16,1,2,943.15),(32,16,1,2,1079.93),(33,16,1,2,797.65),(34,16,1,2,606.32),(36,16,1,2,564.66),(1,17,1,10,427.15),(2,17,1,10,701.4),(3,17,1,10,358.72),(4,17,1,10,449.59),(5,17,1,10,648.05),(6,17,1,10,472.44),(7,17,1,10,745.73),(8,17,1,10,562.79),(9,17,1,10,331.74),(10,17,1,10,309.8),(11,17,1,10,675.8),(12,17,1,10,529.97),(13,17,1,10,718.79),(14,17,1,10,324.69),(15,17,1,10,481.91),(16,17,1,10,578.05),(17,17,1,10,452.27),(18,17,1,10,749.91),(19,17,1,10,656.76),(20,17,1,10,585.57),(22,17,1,10,560.09),(23,17,1,10,465.53),(24,17,1,10,753.71),(25,17,1,10,649.45),(26,17,1,10,526.32),(27,17,1,10,727.47),(28,17,1,10,756.73),(29,17,1,10,486.16),(30,17,1,10,684.48),(31,17,1,10,324.1),(32,17,1,10,635.32),(33,17,1,10,829.01),(34,17,1,10,525.83),(35,17,1,10,402.54),(36,17,1,10,584.88),(1,18,1,3,372.5),(2,18,1,3,331.83),(3,18,1,3,358.32),(4,18,1,3,265.58),(5,18,1,3,356.49),(6,18,1,3,255.82),(7,18,1,3,322.71),(8,18,1,3,284.35),(9,18,1,3,409.09),(11,18,1,3,412.36),(12,18,1,3,232.95),(13,18,1,3,164.02),(14,18,1,3,396.59),(15,18,1,3,359.83),(17,18,1,3,155.12),(18,18,1,3,303.67),(19,18,1,3,334.12),(20,18,1,3,170.57),(21,18,1,3,201.83),(22,18,1,3,418.31),(23,18,1,3,369.04),(24,18,1,3,209.53),(25,18,1,3,327.6),(26,18,1,3,351.6),(27,18,1,3,362.58),(28,18,1,3,179.63),(29,18,1,3,281.57),(30,18,1,3,240.54),(31,18,1,3,354.14),(32,18,1,3,251.53),(33,18,1,3,195.48),(34,18,1,3,194.45),(35,18,1,3,352.91),(1,19,1,7,603.54),(2,19,1,7,606.08),(3,19,1,7,326.14),(4,19,1,7,234.66),(5,19,1,7,259.75),(6,19,1,7,232.91),(7,19,1,7,510.38),(9,19,1,7,494.94),(10,19,1,7,624.86),(12,19,1,7,521.06),(13,19,1,7,286.29),(14,19,1,7,616.5),(15,19,1,7,245.42),(16,19,1,7,346.35),(17,19,1,7,464.04),(18,19,1,7,216.76),(19,19,1,7,590.8),(21,19,1,7,569.56),(22,19,1,7,633.21),(23,19,1,7,568.03),(24,19,1,7,392.3),(25,19,1,7,592.44),(26,19,1,7,630.01),(27,19,1,7,625.06),(28,19,1,7,416.01),(29,19,1,7,635),(30,19,1,7,244.86),(31,19,1,7,384.27),(32,19,1,7,469.7),(33,19,1,7,243.64),(34,19,1,7,560.59),(35,19,1,7,371.19),(36,19,1,7,468.8),(1,20,1,6,-22.31),(2,20,1,6,-27.34),(3,20,1,6,-12.72),(4,20,1,6,-20.38),(6,20,1,6,-30.86),(7,20,1,6,-20.25),(8,20,1,6,-14.16),(10,20,1,6,-21.36),(11,20,1,6,-28.14),(12,20,1,6,-26.13),(13,20,1,6,-18.05),(14,20,1,6,-13.4),(15,20,1,6,-26.87),(17,20,1,6,-11.73),(18,20,1,6,-20.17),(19,20,1,6,-12.98),(20,20,1,6,-25.48),(21,20,1,6,-17.8),(22,20,1,6,-29.32),(23,20,1,6,-20.8),(24,20,1,6,-26.92),(25,20,1,6,-19.9),(26,20,1,6,-20.92),(27,20,1,6,-11.77),(28,20,1,6,-23.51),(29,20,1,6,-28.88),(30,20,1,6,-15.75),(31,20,1,6,-13),(33,20,1,6,-17.98),(34,20,1,6,-25.33),(35,20,1,6,-22.4),(36,20,1,6,-17.05),(1,21,1,5,61.2),(2,21,1,5,161.16),(3,21,1,5,93.6),(5,21,1,5,70.24),(6,21,1,5,73.87),(7,21,1,5,83.2),(8,21,1,5,73.75),(9,21,1,5,64.4),(11,21,1,5,128.75),(12,21,1,5,63.88),(14,21,1,5,134.1),(15,21,1,5,60.84),(16,21,1,5,76.05),(17,21,1,5,126.29),(18,21,1,5,81.74),(20,21,1,5,169.14),(21,21,1,5,66.93),(22,21,1,5,125.63),(23,21,1,5,72.81),(25,21,1,5,90),(26,21,1,5,135.73),(27,21,1,5,102.07),(28,21,1,5,130.32),(29,21,1,5,90.89),(30,21,1,5,69.3),(32,21,1,5,94.96),(33,21,1,5,164.56),(34,21,1,5,137.19),(35,21,1,5,122.1),(36,21,1,5,147.5),(1,22,1,6,608.14),(2,22,1,6,437.11),(3,22,1,6,653.5),(4,22,1,6,384.46),(5,22,1,6,423.57),(6,22,1,6,853.04),(7,22,1,6,461.93),(8,22,1,6,608.81),(9,22,1,6,827.31),(11,22,1,6,982.5),(12,22,1,6,696.76),(13,22,1,6,793.39),(14,22,1,6,891.27),(15,22,1,6,569.58),(16,22,1,6,978.14),(17,22,1,6,698.52),(18,22,1,6,328.01),(19,22,1,6,853.41),(20,22,1,6,976.69),(21,22,1,6,824.64),(22,22,1,6,556.53),(23,22,1,6,748.03),(25,22,1,6,977.67),(26,22,1,6,569.29),(27,22,1,6,899.35),(28,22,1,6,383.96),(29,22,1,6,926.59),(30,22,1,6,735.79),(32,22,1,6,558.99),(33,22,1,6,373.79),(34,22,1,6,338.44),(35,22,1,6,414.31),(36,22,1,6,934.06),(1,23,1,6,766.36),(2,23,1,6,414.47),(3,23,1,6,1035.14),(4,23,1,6,407.08),(6,23,1,6,885.4),(7,23,1,6,423.4),(8,23,1,6,760.83),(9,23,1,6,1069.87),(11,23,1,6,555.39),(12,23,1,6,843.19),(14,23,1,6,688.07),(15,23,1,6,705.84),(16,23,1,6,635.77),(17,23,1,6,981.64),(19,23,1,6,593.25),(20,23,1,6,1039.07),(22,23,1,6,917.24),(23,23,1,6,380.42),(24,23,1,6,623.74),(25,23,1,6,1012.05),(26,23,1,6,891.55),(27,23,1,6,528.08),(28,23,1,6,724.67),(29,23,1,6,654.91),(30,23,1,6,1006.94),(31,23,1,6,408.29),(33,23,1,6,1036.1),(34,23,1,6,798.26),(35,23,1,6,605.33),(36,23,1,6,1034.58),(1,24,1,9,953.7),(2,24,1,9,1146.25),(3,24,1,9,1221.32),(4,24,1,9,451.7),(5,24,1,9,687),(7,24,1,9,476.27),(8,24,1,9,716.41),(9,24,1,9,865.17),(10,24,1,9,706.48),(11,24,1,9,1209.8),(13,24,1,9,1106.19),(14,24,1,9,472.43),(16,24,1,9,590.16),(17,24,1,9,741.18),(18,24,1,9,593.75),(19,24,1,9,659.34),(21,24,1,9,724.62),(22,24,1,9,414.53),(23,24,1,9,1243.98),(24,24,1,9,754.28),(25,24,1,9,841.03),(26,24,1,9,1022.91),(28,24,1,9,700.82),(29,24,1,9,1056.88),(30,24,1,9,433.93),(31,24,1,9,578.68),(32,24,1,9,907.69),(33,24,1,9,1097.6),(34,24,1,9,896.87),(35,24,1,9,633.15),(36,24,1,9,1131.82),(1,25,1,3,537.61),(2,25,1,3,389.82),(3,25,1,3,695.86),(4,25,1,3,293.32),(5,25,1,3,711.7),(6,25,1,3,479.1),(7,25,1,3,702.81),(8,25,1,3,491.33),(10,25,1,3,720.73),(11,25,1,3,565.85),(12,25,1,3,575.85),(13,25,1,3,708.88),(14,25,1,3,397.72),(15,25,1,3,696.87),(16,25,1,3,749.74),(17,25,1,3,564.95),(18,25,1,3,708.66),(20,25,1,3,549.75),(21,25,1,3,742.26),(22,25,1,3,468.96),(23,25,1,3,298.97),(24,25,1,3,243.95),(25,25,1,3,264.78),(26,25,1,3,585.92),(27,25,1,3,295.65),(28,25,1,3,572.86),(29,25,1,3,579.85),(30,25,1,3,280.6),(31,25,1,3,299.32),(32,25,1,3,321.12),(33,25,1,3,675.36),(34,25,1,3,308.89),(35,25,1,3,299.52),(36,25,1,3,439.76),(1,26,1,3,432.12),(2,26,1,3,575.32),(3,26,1,3,356.3),(4,26,1,3,461.9),(5,26,1,3,516.86),(6,26,1,3,548.09),(7,26,1,3,609.26),(8,26,1,3,402.12),(10,26,1,3,475.29),(11,26,1,3,551.07),(12,26,1,3,602.65),(13,26,1,3,676),(14,26,1,3,427.21),(15,26,1,3,337.74),(16,26,1,3,293.44),(17,26,1,3,669.09),(18,26,1,3,271.29),(19,26,1,3,733.67),(20,26,1,3,435.7),(21,26,1,3,672.22),(22,26,1,3,720.68),(23,26,1,3,421.04),(24,26,1,3,456.6),(25,26,1,3,515.11),(26,26,1,3,310.98),(27,26,1,3,670.5),(28,26,1,3,524.05),(29,26,1,3,420.43),(30,26,1,3,397.49),(31,26,1,3,732.53),(32,26,1,3,637.41),(33,26,1,3,685.18),(34,26,1,3,328.92),(35,26,1,3,316.62),(36,26,1,3,339.94),(1,27,1,2,1142.06),(2,27,1,2,876.15),(3,27,1,2,503.33),(5,27,1,2,735.35),(6,27,1,2,1262.34),(7,27,1,2,848.08),(8,27,1,2,752.95),(9,27,1,2,521.75),(10,27,1,2,946.48),(11,27,1,2,1242.48),(12,27,1,2,454.25),(13,27,1,2,1135.93),(15,27,1,2,893.59),(16,27,1,2,861.16),(17,27,1,2,642.88),(18,27,1,2,554.06),(19,27,1,2,942.55),(20,27,1,2,849.32),(21,27,1,2,842.55),(23,27,1,2,710.08),(24,27,1,2,788.1),(25,27,1,2,1179.85),(26,27,1,2,503.06),(28,27,1,2,498.82),(29,27,1,2,1257.83),(30,27,1,2,1200.98),(31,27,1,2,855.45),(32,27,1,2,620.58),(33,27,1,2,431.57),(34,27,1,2,757.05),(35,27,1,2,684.73),(36,27,1,2,1229.65),(1,28,1,10,834.88),(2,28,1,10,504.56),(3,28,1,10,570.4),(4,28,1,10,709.84),(5,28,1,10,703.15),(6,28,1,10,304.15),(7,28,1,10,533.7),(8,28,1,10,293.2),(9,28,1,10,350.69),(10,28,1,10,294.69),(11,28,1,10,623.53),(13,28,1,10,561.17),(14,28,1,10,887.69),(15,28,1,10,805.75),(16,28,1,10,609.49),(17,28,1,10,575.17),(18,28,1,10,507.94),(19,28,1,10,700.25),(20,28,1,10,769.8),(21,28,1,10,534.26),(22,28,1,10,882.96),(23,28,1,10,472.02),(24,28,1,10,670.31),(25,28,1,10,871.84),(26,28,1,10,591.53),(28,28,1,10,628.44),(29,28,1,10,783.26),(30,28,1,10,666.94),(31,28,1,10,866.92),(32,28,1,10,874.09),(33,28,1,10,375.01),(34,28,1,10,876.18),(35,28,1,10,583.24),(36,28,1,10,399.62),(1,29,1,7,593.73),(2,29,1,7,325.38),(3,29,1,7,323.22),(4,29,1,7,409.77),(5,29,1,7,502.02),(6,29,1,7,219.55),(7,29,1,7,440.77),(8,29,1,7,502.34),(9,29,1,7,254.22),(11,29,1,7,253.37),(12,29,1,7,489.88),(13,29,1,7,298.57),(15,29,1,7,305.21),(16,29,1,7,368.35),(17,29,1,7,230.31),(18,29,1,7,470.89),(19,29,1,7,213.5),(20,29,1,7,225.15),(21,29,1,7,624.63),(22,29,1,7,216.93),(23,29,1,7,482.32),(24,29,1,7,335.41),(25,29,1,7,370.76),(26,29,1,7,554.44),(27,29,1,7,531.51),(29,29,1,7,610.44),(30,29,1,7,615.65),(31,29,1,7,547.63),(32,29,1,7,343.9),(33,29,1,7,380.19),(34,29,1,7,639.15),(35,29,1,7,539.98),(36,29,1,7,508.75),(1,30,1,9,530.38),(2,30,1,9,667.94),(3,30,1,9,754.42),(4,30,1,9,804.85),(5,30,1,9,357.36),(6,30,1,9,311.96),(7,30,1,9,318.69),(8,30,1,9,376.05),(9,30,1,9,797.6),(10,30,1,9,543.68),(11,30,1,9,689.34),(12,30,1,9,743.29),(13,30,1,9,775.15),(14,30,1,9,722.62),(15,30,1,9,420.67),(16,30,1,9,724.09),(17,30,1,9,676.96),(18,30,1,9,535.52),(19,30,1,9,609.96),(20,30,1,9,771.43),(22,30,1,9,610.51),(23,30,1,9,630.38),(24,30,1,9,617.84),(25,30,1,9,497.58),(26,30,1,9,384.12),(27,30,1,9,625.33),(28,30,1,9,795.41),(29,30,1,9,705.35),(30,30,1,9,398.66),(32,30,1,9,476.3),(33,30,1,9,488.48),(34,30,1,9,403.72),(35,30,1,9,545.11),(36,30,1,9,691.04),(1,31,1,10,903.34),(2,31,1,10,839.24),(3,31,1,10,455.67),(4,31,1,10,885.2),(5,31,1,10,531.46),(6,31,1,10,644.14),(7,31,1,10,766.59),(8,31,1,10,889.2),(9,31,1,10,863.84),(10,31,1,10,531.04),(12,31,1,10,423),(13,31,1,10,883.17),(14,31,1,10,379.78),(15,31,1,10,869.49),(16,31,1,10,885.02),(17,31,1,10,526.6),(19,31,1,10,991.63),(20,31,1,10,983.95),(22,31,1,10,521.7),(23,31,1,10,378.99),(24,31,1,10,411.24),(25,31,1,10,972.12),(26,31,1,10,827.34),(27,31,1,10,779.53),(28,31,1,10,880.11),(29,31,1,10,729.66),(30,31,1,10,759.04),(31,31,1,10,647.25),(32,31,1,10,457.54),(33,31,1,10,673.03),(34,31,1,10,585.02),(35,31,1,10,782.06),(36,31,1,10,735.07),(1,32,1,4,117.47),(2,32,1,4,218.84),(3,32,1,4,141.05),(5,32,1,4,117.07),(6,32,1,4,192.38),(7,32,1,4,106.81),(8,32,1,4,173.25),(9,32,1,4,178.01),(10,32,1,4,181.78),(11,32,1,4,120.71),(12,32,1,4,160.61),(13,32,1,4,231.92),(14,32,1,4,194.98),(15,32,1,4,158.57),(16,32,1,4,135.61),(18,32,1,4,174.35),(19,32,1,4,87.67),(20,32,1,4,168.32),(21,32,1,4,90.49),(22,32,1,4,137.8),(23,32,1,4,184.58),(25,32,1,4,111.82),(26,32,1,4,243.59),(27,32,1,4,225.36),(28,32,1,4,138.19),(29,32,1,4,182.4),(30,32,1,4,217.57),(31,32,1,4,117.66),(32,32,1,4,235.39),(33,32,1,4,164.39),(34,32,1,4,234.55),(35,32,1,4,141.73),(36,32,1,4,223.4),(1,33,1,9,72.82),(2,33,1,9,56.48),(3,33,1,9,116.11),(4,33,1,9,162.84),(5,33,1,9,132.77),(6,33,1,9,137.81),(8,33,1,9,57.47),(9,33,1,9,127.74),(10,33,1,9,97.74),(12,33,1,9,68.21),(13,33,1,9,134.57),(14,33,1,9,157.66),(15,33,1,9,163.68),(16,33,1,9,172.95),(17,33,1,9,74.35),(18,33,1,9,155.5),(19,33,1,9,78.23),(20,33,1,9,66.57),(21,33,1,9,151.96),(22,33,1,9,120.12),(23,33,1,9,86.54),(24,33,1,9,100.95),(25,33,1,9,118.59),(26,33,1,9,71.27),(28,33,1,9,166.1),(29,33,1,9,139.8),(30,33,1,9,86.66),(31,33,1,9,72.1),(32,33,1,9,83.44),(33,33,1,9,137.62),(34,33,1,9,58.54),(35,33,1,9,74.88),(36,33,1,9,80.02),(1,34,1,10,-13.51),(2,34,1,10,-13.06),(3,34,1,10,-9.13),(4,34,1,10,-8.92),(5,34,1,10,-8.14),(6,34,1,10,-18.47),(7,34,1,10,-16.6),(8,34,1,10,-14.61),(9,34,1,10,-18.31),(10,34,1,10,-13.6),(11,34,1,10,-12.52),(12,34,1,10,-10.03),(13,34,1,10,-17.33),(15,34,1,10,-9.58),(16,34,1,10,-15.85),(18,34,1,10,-20.1),(19,34,1,10,-18.28),(20,34,1,10,-11.71),(21,34,1,10,-17.05),(22,34,1,10,-18.84),(23,34,1,10,-10.28),(24,34,1,10,-19.1),(25,34,1,10,-10.68),(26,34,1,10,-12.01),(27,34,1,10,-14.27),(29,34,1,10,-15.77),(30,34,1,10,-20.16),(31,34,1,10,-9.28),(32,34,1,10,-18.65),(33,34,1,10,-10.39),(34,34,1,10,-12.84),(35,34,1,10,-13.22),(36,34,1,10,-20.31),(1,35,1,2,610.33),(3,35,1,2,375.28),(4,35,1,2,1079.15),(5,35,1,2,1035.24),(6,35,1,2,485.53),(7,35,1,2,769.49),(9,35,1,2,509.14),(10,35,1,2,477.42),(12,35,1,2,882.59),(13,35,1,2,470.01),(14,35,1,2,502.15),(15,35,1,2,495.75),(16,35,1,2,936.08),(17,35,1,2,850.63),(18,35,1,2,1006.37),(19,35,1,2,753.59),(20,35,1,2,1073.76),(21,35,1,2,862.38),(22,35,1,2,745.06),(23,35,1,2,624.87),(24,35,1,2,1143.71),(25,35,1,2,743.62),(26,35,1,2,569.21),(27,35,1,2,1046.72),(28,35,1,2,681.6),(30,35,1,2,534.83),(31,35,1,2,725.83),(33,35,1,2,953.05),(34,35,1,2,445.31),(35,35,1,2,891.41),(36,35,1,2,760.28),(1,36,1,10,599.52),(2,36,1,10,709.38),(4,36,1,10,1082.85),(5,36,1,10,960.71),(6,36,1,10,964.61),(7,36,1,10,891.1),(8,36,1,10,923.13),(9,36,1,10,831.49),(10,36,1,10,762.74),(11,36,1,10,640.85),(13,36,1,10,961.71),(14,36,1,10,979.78),(15,36,1,10,1103.56),(17,36,1,10,387.68),(18,36,1,10,954.11),(19,36,1,10,1034.73),(20,36,1,10,538.53),(21,36,1,10,794.62),(22,36,1,10,961.11),(23,36,1,10,933.55),(24,36,1,10,704.67),(25,36,1,10,795.67),(27,36,1,10,956.38),(28,36,1,10,897.01),(29,36,1,10,1080.68),(30,36,1,10,776.25),(31,36,1,10,695.17),(32,36,1,10,974.05),(33,36,1,10,495.44),(34,36,1,10,404.88),(35,36,1,10,752.11),(36,36,1,10,1029.1),(1,37,1,9,76.51),(3,37,1,9,32.8),(4,37,1,9,51.19),(5,37,1,9,87.31),(6,37,1,9,82.67),(7,37,1,9,63.55),(8,37,1,9,31),(9,37,1,9,71.61),(10,37,1,9,74.31),(11,37,1,9,83.81),(12,37,1,9,87.15),(13,37,1,9,80.04),(14,37,1,9,92.65),(15,37,1,9,60.61),(16,37,1,9,76.69),(17,37,1,9,38.15),(18,37,1,9,92.36),(20,37,1,9,57.29),(21,37,1,9,94.6),(22,37,1,9,38.92),(23,37,1,9,95.39),(24,37,1,9,63.65),(26,37,1,9,84.56),(27,37,1,9,78.87),(28,37,1,9,33.81),(29,37,1,9,50.57),(30,37,1,9,43.66),(31,37,1,9,82.17),(32,37,1,9,95.2),(33,37,1,9,82.87),(34,37,1,9,72.35),(35,37,1,9,53.64),(36,37,1,9,82.9),(1,38,1,4,-49.78),(2,38,1,4,-43.39),(3,38,1,4,-59.52),(4,38,1,4,-57.48),(5,38,1,4,-22.59),(6,38,1,4,-24.23),(7,38,1,4,-52.13),(9,38,1,4,-37.34),(10,38,1,4,-33.59),(11,38,1,4,-39.57),(12,38,1,4,-56.56),(13,38,1,4,-51.7),(15,38,1,4,-62.53),(16,38,1,4,-58.18),(17,38,1,4,-47.22),(18,38,1,4,-64.95),(20,38,1,4,-35.32),(21,38,1,4,-57.06),(22,38,1,4,-22.47),(23,38,1,4,-58.72),(24,38,1,4,-61.03),(25,38,1,4,-36.88),(26,38,1,4,-65.01),(27,38,1,4,-62.51),(28,38,1,4,-55.72),(29,38,1,4,-49.9),(30,38,1,4,-44.27),(32,38,1,4,-30.37),(33,38,1,4,-55.25),(34,38,1,4,-40.95),(35,38,1,4,-51.5),(36,38,1,4,-35.77),(1,39,1,7,810.44),(2,39,1,7,634.05),(3,39,1,7,507.79),(4,39,1,7,363.85),(5,39,1,7,437.81),(7,39,1,7,690.43),(8,39,1,7,464.52),(9,39,1,7,563.27),(10,39,1,7,792.08),(11,39,1,7,720.22),(12,39,1,7,310.82),(13,39,1,7,452.25),(15,39,1,7,455.93),(16,39,1,7,540.14),(17,39,1,7,755.41),(18,39,1,7,457.81),(19,39,1,7,330.4),(20,39,1,7,464.87),(21,39,1,7,682.05),(22,39,1,7,745.71),(24,39,1,7,768.97),(25,39,1,7,720.34),(27,39,1,7,813.71),(28,39,1,7,720.79),(29,39,1,7,499.8),(30,39,1,7,439.24),(32,39,1,7,304.38),(33,39,1,7,392.35),(35,39,1,7,753.36),(36,39,1,7,708.44),(1,40,1,7,543.71),(2,40,1,7,506.17),(3,40,1,7,439.62),(4,40,1,7,350.51),(5,40,1,7,290.72),(6,40,1,7,593.78),(7,40,1,7,288.45),(8,40,1,7,414.21),(9,40,1,7,339.33),(10,40,1,7,511.33),(11,40,1,7,514.71),(12,40,1,7,628.23),(13,40,1,7,294.38),(14,40,1,7,381.87),(15,40,1,7,440.82),(16,40,1,7,642.43),(17,40,1,7,499.95),(18,40,1,7,743.26),(19,40,1,7,728.47),(20,40,1,7,517.35),(21,40,1,7,659.85),(22,40,1,7,613.44),(23,40,1,7,758.24),(24,40,1,7,422.23),(25,40,1,7,678.37),(26,40,1,7,374.11),(28,40,1,7,260.23),(29,40,1,7,586.87),(31,40,1,7,327.16),(32,40,1,7,364.44),(33,40,1,7,601.12),(34,40,1,7,644.15),(35,40,1,7,703.48),(36,40,1,7,648.47),(1,41,1,6,183.45),(2,41,1,6,142.88),(3,41,1,6,86.64),(4,41,1,6,77.73),(6,41,1,6,99.36),(7,41,1,6,73.42),(8,41,1,6,70.88),(9,41,1,6,86.23),(11,41,1,6,107.96),(12,41,1,6,136.4),(13,41,1,6,145.27),(15,41,1,6,128.94),(16,41,1,6,97.98),(17,41,1,6,120.03),(18,41,1,6,176.57),(19,41,1,6,164.81),(21,41,1,6,80.77),(22,41,1,6,179.87),(23,41,1,6,104.17),(24,41,1,6,176.82),(25,41,1,6,77.83),(26,41,1,6,87.1),(27,41,1,6,192.56),(28,41,1,6,152.38),(29,41,1,6,182.64),(30,41,1,6,80.02),(31,41,1,6,72.73),(32,41,1,6,169.86),(33,41,1,6,145.8),(34,41,1,6,88.41),(36,41,1,6,131.83),(1,42,1,3,645.31),(2,42,1,3,705.14),(4,42,1,3,725.57),(5,42,1,3,786.34),(6,42,1,3,727.37),(7,42,1,3,536.11),(9,42,1,3,808.5),(10,42,1,3,637.43),(11,42,1,3,797.04),(12,42,1,3,630.67),(13,42,1,3,625.53),(14,42,1,3,577.41),(15,42,1,3,663.82),(16,42,1,3,431.14),(17,42,1,3,716.98),(18,42,1,3,561.25),(19,42,1,3,809.45),(20,42,1,3,411.39),(21,42,1,3,584.72),(22,42,1,3,543.73),(23,42,1,3,448.42),(24,42,1,3,622.48),(26,42,1,3,770.4),(27,42,1,3,386.76),(28,42,1,3,756.75),(29,42,1,3,829.18),(30,42,1,3,519),(32,42,1,3,453.67),(33,42,1,3,751.52),(34,42,1,3,413.84),(35,42,1,3,626.77),(36,42,1,3,857.28),(1,43,1,7,259.87),(2,43,1,7,482.92),(3,43,1,7,272.02),(4,43,1,7,300.57),(5,43,1,7,569.06),(6,43,1,7,523.29),(7,43,1,7,260.93),(8,43,1,7,411.3),(9,43,1,7,436.08),(10,43,1,7,346.7),(11,43,1,7,272.71),(12,43,1,7,256.36),(13,43,1,7,533.33),(14,43,1,7,299.25),(15,43,1,7,600.39),(16,43,1,7,387.28),(17,43,1,7,519.16),(18,43,1,7,342.01),(19,43,1,7,399.43),(20,43,1,7,460.01),(21,43,1,7,312.61),(22,43,1,7,231.25),(23,43,1,7,510.98),(24,43,1,7,322.78),(25,43,1,7,280.93),(27,43,1,7,543.91),(28,43,1,7,604.2),(29,43,1,7,314.28),(30,43,1,7,233.16),(32,43,1,7,288.06),(33,43,1,7,299.02),(34,43,1,7,572.04),(35,43,1,7,611.26),(36,43,1,7,462.92),(1,44,1,5,10.13),(2,44,1,5,12.04),(3,44,1,5,5.95),(4,44,1,5,6.02),(5,44,1,5,5.59),(6,44,1,5,11.9),(7,44,1,5,12.01),(8,44,1,5,11.57),(9,44,1,5,5.01),(10,44,1,5,11.74),(11,44,1,5,11.17),(12,44,1,5,7.4),(13,44,1,5,12.42),(14,44,1,5,10.35),(15,44,1,5,8.08),(16,44,1,5,4.96),(17,44,1,5,10.83),(18,44,1,5,11.04),(19,44,1,5,6.02),(20,44,1,5,9.71),(21,44,1,5,8.45),(22,44,1,5,9.72),(23,44,1,5,11.59),(24,44,1,5,6.12),(25,44,1,5,10.35),(26,44,1,5,10.76),(27,44,1,5,7.39),(28,44,1,5,4.33),(29,44,1,5,9.26),(30,44,1,5,10.88),(31,44,1,5,12.06),(32,44,1,5,12.36),(33,44,1,5,4.06),(34,44,1,5,10.74),(35,44,1,5,11.08),(1,45,1,4,439.6),(2,45,1,4,780.12),(3,45,1,4,600.33),(4,45,1,4,1018.27),(5,45,1,4,470.91),(6,45,1,4,722.06),(7,45,1,4,658.27),(8,45,1,4,910.75),(9,45,1,4,658.27),(10,45,1,4,534.14),(11,45,1,4,576.49),(12,45,1,4,1013.76),(13,45,1,4,838.72),(14,45,1,4,637.41),(15,45,1,4,478.79),(17,45,1,4,540.29),(18,45,1,4,993),(19,45,1,4,716.3),(21,45,1,4,671.39),(22,45,1,4,452.82),(23,45,1,4,868.16),(24,45,1,4,542.26),(25,45,1,4,896.11),(26,45,1,4,458.81),(27,45,1,4,654.33),(28,45,1,4,632.07),(29,45,1,4,652.36),(30,45,1,4,875.51),(31,45,1,4,732.1),(32,45,1,4,766.53),(33,45,1,4,925.72),(34,45,1,4,640.69),(35,45,1,4,1070.34),(36,45,1,4,875.37),(1,46,1,7,826.72),(2,46,1,7,921.26),(3,46,1,7,469.71),(4,46,1,7,385.42),(5,46,1,7,450.81),(6,46,1,7,762.02),(7,46,1,7,769.64),(8,46,1,7,733.84),(10,46,1,7,894.1),(11,46,1,7,592.52),(12,46,1,7,667.59),(13,46,1,7,535.36),(14,46,1,7,539.81),(15,46,1,7,949.84),(16,46,1,7,511.19),(17,46,1,7,523.21),(18,46,1,7,783.6),(19,46,1,7,646.67),(20,46,1,7,615.64),(21,46,1,7,442.97),(22,46,1,7,555.23),(23,46,1,7,929.9),(24,46,1,7,451.25),(25,46,1,7,532.23),(26,46,1,7,807.73),(28,46,1,7,854.43),(29,46,1,7,814.62),(30,46,1,7,656.96),(31,46,1,7,439.82),(32,46,1,7,344.7),(33,46,1,7,970.37),(34,46,1,7,692.52),(35,46,1,7,452.89),(36,46,1,7,715.09),(1,47,1,10,1101.65),(3,47,1,10,687.62),(4,47,1,10,649.84),(5,47,1,10,732.18),(6,47,1,10,911.63),(7,47,1,10,1147.61),(8,47,1,10,446.89),(9,47,1,10,528.05),(10,47,1,10,693.42),(11,47,1,10,954.67),(12,47,1,10,1167.01),(13,47,1,10,626.93),(14,47,1,10,679.77),(15,47,1,10,515.84),(16,47,1,10,1058.19),(17,47,1,10,1046.13),(18,47,1,10,453.22),(19,47,1,10,966.07),(20,47,1,10,1084.32),(21,47,1,10,1176.44),(22,47,1,10,533.35),(23,47,1,10,510.64),(24,47,1,10,618.45),(25,47,1,10,1018.01),(26,47,1,10,966.14),(27,47,1,10,855.98),(29,47,1,10,853.08),(30,47,1,10,704.44),(31,47,1,10,846.07),(33,47,1,10,993.44),(34,47,1,10,1003.43),(35,47,1,10,1170.77),(36,47,1,10,1085.52),(1,48,1,3,726.18),(2,48,1,3,510.08),(3,48,1,3,617.61),(4,48,1,3,709.94),(6,48,1,3,719.8),(7,48,1,3,685.46),(8,48,1,3,271.15),(9,48,1,3,757.7),(10,48,1,3,492.81),(11,48,1,3,493.67),(13,48,1,3,431.78),(14,48,1,3,548.51),(15,48,1,3,359.87),(16,48,1,3,686.97),(17,48,1,3,577.25),(18,48,1,3,686.58),(19,48,1,3,273.66),(20,48,1,3,348.24),(21,48,1,3,321.99),(22,48,1,3,636.28),(24,48,1,3,460.49),(25,48,1,3,328.02),(27,48,1,3,503.7),(28,48,1,3,471.08),(29,48,1,3,646.83),(30,48,1,3,706.7),(31,48,1,3,556.93),(32,48,1,3,547.02),(33,48,1,3,658.72),(34,48,1,3,535.59),(35,48,1,3,457.05),(36,48,1,3,323.51),(1,49,1,4,920.63),(2,49,1,4,967.31),(3,49,1,4,469.85),(4,49,1,4,316.14),(5,49,1,4,698.89),(6,49,1,4,507.1),(7,49,1,4,922.45),(8,49,1,4,505.51),(9,49,1,4,929.53),(10,49,1,4,536.9),(11,49,1,4,963.61),(12,49,1,4,961.19),(13,49,1,4,585.25),(14,49,1,4,786.46),(15,49,1,4,628.31),(16,49,1,4,946.49),(17,49,1,4,677.72),(18,49,1,4,371.61),(19,49,1,4,595.29),(20,49,1,4,931.23),(21,49,1,4,844.82),(22,49,1,4,978.75),(23,49,1,4,517.01),(24,49,1,4,548.26),(25,49,1,4,750.98),(26,49,1,4,921.07),(27,49,1,4,834.94),(28,49,1,4,699.2),(29,49,1,4,325.84),(30,49,1,4,646.69),(31,49,1,4,777.53),(32,49,1,4,515.09),(33,49,1,4,832.6),(34,49,1,4,446.16),(35,49,1,4,507.48),(36,49,1,4,457.99),(1,50,1,7,270.1),(2,50,1,7,200.64),(3,50,1,7,189.95),(4,50,1,7,247.55),(6,50,1,7,175.8),(7,50,1,7,140.02),(8,50,1,7,210.12),(9,50,1,7,137.55),(10,50,1,7,246.87),(12,50,1,7,183.51),(13,50,1,7,244.68),(14,50,1,7,164.18),(15,50,1,7,174.18),(16,50,1,7,131.93),(17,50,1,7,235.07),(18,50,1,7,137.73),(19,50,1,7,177.75),(20,50,1,7,124.34),(21,50,1,7,90.72),(22,50,1,7,275.21),(23,50,1,7,219.31),(24,50,1,7,99.11),(25,50,1,7,249.42),(26,50,1,7,149.71),(27,50,1,7,217.01),(28,50,1,7,230.66),(29,50,1,7,108.9),(30,50,1,7,176.1),(31,50,1,7,220.13),(32,50,1,7,200.28),(33,50,1,7,190.68),(34,50,1,7,143.67),(35,50,1,7,215.63),(36,50,1,7,228.91),(1,51,1,8,-54.39),(2,51,1,8,-63.94),(3,51,1,8,-87.03),(4,51,1,8,-115.51),(5,51,1,8,-79.86),(6,51,1,8,-65.42),(7,51,1,8,-122.15),(8,51,1,8,-44.5),(9,51,1,8,-108.49),(10,51,1,8,-114.36),(12,51,1,8,-49.33),(13,51,1,8,-86.56),(14,51,1,8,-91.01),(16,51,1,8,-129.82),(17,51,1,8,-117.21),(18,51,1,8,-101.77),(19,51,1,8,-45.57),(20,51,1,8,-60.72),(21,51,1,8,-113.51),(22,51,1,8,-134.34),(23,51,1,8,-48.68),(24,51,1,8,-58.89),(25,51,1,8,-125.42),(26,51,1,8,-68.57),(27,51,1,8,-117.96),(28,51,1,8,-51.89),(29,51,1,8,-120.42),(30,51,1,8,-100.84),(31,51,1,8,-68.02),(32,51,1,8,-87.04),(34,51,1,8,-64.5),(35,51,1,8,-52.99),(1,52,1,2,-13.4),(2,52,1,2,-31.4),(3,52,1,2,-12.56),(4,52,1,2,-29.55),(5,52,1,2,-17.97),(6,52,1,2,-18),(7,52,1,2,-25.32),(8,52,1,2,-20.53),(9,52,1,2,-25.21),(10,52,1,2,-19.99),(11,52,1,2,-14.47),(12,52,1,2,-17.92),(13,52,1,2,-33.49),(15,52,1,2,-18.8),(16,52,1,2,-12.49),(17,52,1,2,-27.09),(18,52,1,2,-31.76),(19,52,1,2,-16.28),(20,52,1,2,-20.99),(21,52,1,2,-33.94),(22,52,1,2,-13.76),(23,52,1,2,-28.4),(24,52,1,2,-15.55),(25,52,1,2,-12.69),(26,52,1,2,-13.52),(28,52,1,2,-29.86),(29,52,1,2,-15.21),(30,52,1,2,-16.49),(31,52,1,2,-31.52),(32,52,1,2,-19.46),(33,52,1,2,-23.35),(34,52,1,2,-13.15),(35,52,1,2,-21.39),(36,52,1,2,-34.58),(1,53,1,4,478.75),(2,53,1,4,604.79),(3,53,1,4,623.69),(4,53,1,4,568.65),(5,53,1,4,558.59),(6,53,1,4,337.51),(8,53,1,4,217.69),(9,53,1,4,421.99),(10,53,1,4,548.49),(11,53,1,4,466.39),(12,53,1,4,376.41),(13,53,1,4,411.46),(14,53,1,4,425.84),(15,53,1,4,599.14),(16,53,1,4,338.66),(17,53,1,4,472.2),(18,53,1,4,388.74),(19,53,1,4,380.54),(21,53,1,4,638.37),(22,53,1,4,568.82),(23,53,1,4,507.18),(24,53,1,4,405.32),(25,53,1,4,336.66),(26,53,1,4,222.09),(27,53,1,4,466.84),(28,53,1,4,384.89),(29,53,1,4,417.66),(30,53,1,4,525.75),(31,53,1,4,488.44),(32,53,1,4,516.81),(33,53,1,4,290.13),(34,53,1,4,333.64),(35,53,1,4,458.12),(36,53,1,4,606.88),(1,54,1,4,915.72),(2,54,1,4,814.97),(3,54,1,4,664.59),(4,54,1,4,783.41),(5,54,1,4,329.71),(6,54,1,4,882.44),(7,54,1,4,937.86),(8,54,1,4,598.99),(9,54,1,4,746.63),(10,54,1,4,803.1),(11,54,1,4,898.02),(12,54,1,4,347.01),(13,54,1,4,408.42),(14,54,1,4,626.38),(15,54,1,4,528.82),(16,54,1,4,666.43),(17,54,1,4,319.05),(18,54,1,4,930.33),(20,54,1,4,321.82),(21,54,1,4,319.63),(22,54,1,4,448.78),(23,54,1,4,388.19),(24,54,1,4,627.51),(25,54,1,4,436.63),(26,54,1,4,587.33),(27,54,1,4,767.12),(28,54,1,4,444.16),(29,54,1,4,472.48),(30,54,1,4,487.9),(31,54,1,4,937.6),(32,54,1,4,922.56),(33,54,1,4,394.98),(34,54,1,4,899.64),(35,54,1,4,526.98),(36,54,1,4,819.8),(1,55,1,9,284.65),(2,55,1,9,216.17),(3,55,1,9,181.94),(4,55,1,9,384.88),(5,55,1,9,390.95),(6,55,1,9,334.55),(7,55,1,9,143.06),(9,55,1,9,131.48),(10,55,1,9,232.21),(11,55,1,9,166.48),(12,55,1,9,374.86),(13,55,1,9,278.37),(14,55,1,9,181.9),(15,55,1,9,241.47),(16,55,1,9,238.82),(17,55,1,9,320.65),(18,55,1,9,262.97),(19,55,1,9,352.66),(20,55,1,9,192.14),(21,55,1,9,235.39),(22,55,1,9,239.92),(23,55,1,9,175.26),(24,55,1,9,244.42),(25,55,1,9,182.08),(26,55,1,9,311.96),(27,55,1,9,243.13),(28,55,1,9,268.4),(29,55,1,9,305.91),(31,55,1,9,370.82),(32,55,1,9,313.97),(34,55,1,9,180.12),(35,55,1,9,178.66),(1,56,1,8,1176.22),(2,56,1,8,569.79),(3,56,1,8,897.3),(4,56,1,8,806.02),(5,56,1,8,988.22),(6,56,1,8,666.95),(7,56,1,8,1004.22),(8,56,1,8,646.86),(9,56,1,8,444.85),(11,56,1,8,875.44),(12,56,1,8,923.8),(13,56,1,8,476.15),(14,56,1,8,945.95),(15,56,1,8,648.6),(16,56,1,8,794.98),(17,56,1,8,764.51),(18,56,1,8,551.11),(20,56,1,8,564.08),(21,56,1,8,738.17),(22,56,1,8,407.23),(23,56,1,8,927.25),(24,56,1,8,1175.43),(25,56,1,8,1003.06),(26,56,1,8,869.71),(27,56,1,8,464.27),(28,56,1,8,1032.23),(29,56,1,8,763.4),(30,56,1,8,1023.13),(31,56,1,8,502.28),(32,56,1,8,682.96),(33,56,1,8,588.74),(34,56,1,8,1069.72),(35,56,1,8,875.39),(36,56,1,8,421.62),(1,57,1,3,48.09),(3,57,1,3,19.5),(4,57,1,3,32.9),(5,57,1,3,25.05),(6,57,1,3,42.01),(7,57,1,3,51.81),(8,57,1,3,55.24),(9,57,1,3,34.79),(10,57,1,3,42.56),(11,57,1,3,57.86),(12,57,1,3,55.61),(13,57,1,3,48.61),(14,57,1,3,34.82),(15,57,1,3,26.53),(16,57,1,3,29.97),(17,57,1,3,45.71),(18,57,1,3,52.32),(19,57,1,3,45.19),(20,57,1,3,27.03),(22,57,1,3,33.94),(23,57,1,3,55.3),(24,57,1,3,24.56),(25,57,1,3,54.03),(26,57,1,3,24.41),(27,57,1,3,60.17),(28,57,1,3,58.49),(30,57,1,3,59.45),(31,57,1,3,33.84),(32,57,1,3,40.59),(33,57,1,3,27.51),(34,57,1,3,40.66),(35,57,1,3,43.48),(36,57,1,3,23.99),(1,58,1,4,-5.1),(2,58,1,4,-8.65),(3,58,1,4,-11.72),(5,58,1,4,-9.26),(6,58,1,4,-9.3),(7,58,1,4,-4.97),(8,58,1,4,-13.51),(10,58,1,4,-7.29),(11,58,1,4,-10.63),(12,58,1,4,-13.8),(13,58,1,4,-13.93),(14,58,1,4,-6.31),(16,58,1,4,-11.87),(17,58,1,4,-7.85),(18,58,1,4,-9.64),(19,58,1,4,-8.65),(21,58,1,4,-10.45),(22,58,1,4,-10.11),(23,58,1,4,-14.69),(24,58,1,4,-15.05),(25,58,1,4,-12.18),(26,58,1,4,-7.85),(27,58,1,4,-14.82),(29,58,1,4,-6.68),(30,58,1,4,-8.55),(31,58,1,4,-10.86),(32,58,1,4,-10.2),(33,58,1,4,-6.58),(34,58,1,4,-11.74),(35,58,1,4,-14.27),(36,58,1,4,-14.27),(1,59,1,6,1206.32),(2,59,1,6,993.81),(3,59,1,6,917.35),(5,59,1,6,492.85),(6,59,1,6,1202.49),(7,59,1,6,627.2),(8,59,1,6,580.02),(9,59,1,6,1103.56),(10,59,1,6,1095.41),(11,59,1,6,779.73),(12,59,1,6,422.83),(13,59,1,6,811.15),(15,59,1,6,925.32),(16,59,1,6,504.64),(17,59,1,6,951.54),(18,59,1,6,1170.98),(19,59,1,6,495.34),(20,59,1,6,483.48),(21,59,1,6,932.18),(22,59,1,6,638.4),(23,59,1,6,759.86),(24,59,1,6,667.35),(25,59,1,6,1072.79),(26,59,1,6,971.54),(27,59,1,6,533.96),(29,59,1,6,630.04),(30,59,1,6,1217.25),(31,59,1,6,826.09),(32,59,1,6,1049.46),(33,59,1,6,650.79),(34,59,1,6,1141.08),(35,59,1,6,1073.64),(36,59,1,6,602.08),(1,60,1,5,-9.45),(2,60,1,5,-24.83),(3,60,1,5,-14.64),(4,60,1,5,-11.97),(5,60,1,5,-19.31),(6,60,1,5,-9.91),(7,60,1,5,-17.51),(8,60,1,5,-11.89),(9,60,1,5,-11.52),(11,60,1,5,-20.05),(12,60,1,5,-25.51),(13,60,1,5,-15.68),(14,60,1,5,-10.83),(15,60,1,5,-9.5),(16,60,1,5,-16.29),(17,60,1,5,-25.55),(18,60,1,5,-20.89),(20,60,1,5,-18.81),(21,60,1,5,-20.13),(22,60,1,5,-15.62),(23,60,1,5,-19.09),(24,60,1,5,-11.61),(26,60,1,5,-17.81),(27,60,1,5,-11.96),(28,60,1,5,-10.46),(29,60,1,5,-21.8),(30,60,1,5,-25.05),(31,60,1,5,-24.77),(32,60,1,5,-25.41),(33,60,1,5,-12.75),(34,60,1,5,-19.74),(35,60,1,5,-25.12),(36,60,1,5,-9.16),(1,61,1,7,562.41),(2,61,1,7,316.64),(3,61,1,7,611.18),(4,61,1,7,623.62),(6,61,1,7,510.33),(7,61,1,7,363.53),(8,61,1,7,368.24),(10,61,1,7,472.1),(11,61,1,7,290.07),(12,61,1,7,646.74),(13,61,1,7,742.24),(14,61,1,7,284.36),(15,61,1,7,400.51),(16,61,1,7,464.5),(17,61,1,7,728.22),(18,61,1,7,688.05),(19,61,1,7,401.1),(20,61,1,7,269.31),(22,61,1,7,344.08),(23,61,1,7,417.44),(24,61,1,7,460.89),(25,61,1,7,556.59),(26,61,1,7,608.62),(27,61,1,7,727.5),(28,61,1,7,455.45),(29,61,1,7,378.91),(30,61,1,7,734.15),(31,61,1,7,389.19),(32,61,1,7,537.8),(33,61,1,7,764.4),(34,61,1,7,655.65),(35,61,1,7,259.54),(36,61,1,7,756.53),(1,62,1,1,-104.79),(2,62,1,1,-145.72),(3,62,1,1,-87.9),(4,62,1,1,-131.71),(5,62,1,1,-101.4),(6,62,1,1,-69.52),(8,62,1,1,-103.24),(9,62,1,1,-131.79),(10,62,1,1,-65.23),(11,62,1,1,-139.01),(12,62,1,1,-56.34),(13,62,1,1,-59.66),(14,62,1,1,-149.37),(15,62,1,1,-127.67),(16,62,1,1,-126.82),(17,62,1,1,-133.53),(18,62,1,1,-87.31),(19,62,1,1,-59.03),(20,62,1,1,-142.98),(22,62,1,1,-135.18),(23,62,1,1,-70.89),(24,62,1,1,-141.81),(25,62,1,1,-134.63),(26,62,1,1,-126.32),(27,62,1,1,-77.37),(28,62,1,1,-136.29),(30,62,1,1,-139.8),(31,62,1,1,-138.89),(32,62,1,1,-136.38),(33,62,1,1,-53.04),(34,62,1,1,-143.66),(35,62,1,1,-149.42),(36,62,1,1,-76.4),(1,63,1,4,357.58),(2,63,1,4,672.64),(4,63,1,4,568.1),(5,63,1,4,546.02),(6,63,1,4,241.85),(7,63,1,4,357.35),(8,63,1,4,637.13),(9,63,1,4,412.44),(10,63,1,4,254.6),(11,63,1,4,480.23),(12,63,1,4,490.16),(13,63,1,4,671.91),(14,63,1,4,284.18),(16,63,1,4,604.3),(17,63,1,4,345),(18,63,1,4,519.15),(19,63,1,4,718.27),(20,63,1,4,368.34),(21,63,1,4,652.17),(22,63,1,4,724.24),(23,63,1,4,728.45),(24,63,1,4,314.97),(25,63,1,4,462.47),(26,63,1,4,532.2),(27,63,1,4,623.45),(28,63,1,4,697.59),(29,63,1,4,546.68),(30,63,1,4,290.85),(31,63,1,4,364.52),(32,63,1,4,604.93),(33,63,1,4,310.92),(34,63,1,4,406.72),(35,63,1,4,315.36),(36,63,1,4,687.5),(1,64,1,1,413.21),(2,64,1,1,559.87),(3,64,1,1,603.96),(4,64,1,1,407.28),(5,64,1,1,656),(6,64,1,1,348.24),(7,64,1,1,512.58),(8,64,1,1,609.5),(9,64,1,1,462.96),(11,64,1,1,286.44),(12,64,1,1,544.05),(13,64,1,1,426.4),(14,64,1,1,406.19),(15,64,1,1,744.57),(16,64,1,1,337.91),(17,64,1,1,384.37),(18,64,1,1,668.07),(19,64,1,1,546.44),(20,64,1,1,617.08),(21,64,1,1,757.57),(22,64,1,1,447.65),(23,64,1,1,575.68),(24,64,1,1,714.51),(25,64,1,1,439.64),(26,64,1,1,278.98),(27,64,1,1,431.11),(29,64,1,1,402.93),(30,64,1,1,464.12),(31,64,1,1,749.65),(32,64,1,1,268.05),(33,64,1,1,455.87),(34,64,1,1,644.61),(35,64,1,1,412.16),(36,64,1,1,646.69),(1,65,1,6,61.1),(2,65,1,6,59.75),(3,65,1,6,87.04),(4,65,1,6,73.73),(5,65,1,6,105.27),(6,65,1,6,126.08),(7,65,1,6,120.55),(8,65,1,6,163.32),(9,65,1,6,147.35),(10,65,1,6,121.61),(12,65,1,6,170.61),(13,65,1,6,155.77),(14,65,1,6,68.51),(15,65,1,6,75.96),(16,65,1,6,114.22),(17,65,1,6,108.35),(18,65,1,6,168.11),(19,65,1,6,130.48),(20,65,1,6,136.29),(21,65,1,6,79.15),(22,65,1,6,62.05),(23,65,1,6,73.08),(25,65,1,6,118.25),(26,65,1,6,144.28),(27,65,1,6,156.87),(28,65,1,6,59.27),(29,65,1,6,121.54),(30,65,1,6,96.35),(31,65,1,6,79.54),(32,65,1,6,99.8),(33,65,1,6,88.38),(34,65,1,6,111.51),(35,65,1,6,60.64),(1,66,1,7,614.04),(2,66,1,7,1353.25),(3,66,1,7,1349.56),(4,66,1,7,718.59),(5,66,1,7,918.87),(6,66,1,7,1044.39),(7,66,1,7,1011.05),(8,66,1,7,721.1),(9,66,1,7,440.91),(10,66,1,7,837.44),(11,66,1,7,1113.1),(12,66,1,7,1217.96),(13,66,1,7,1236.66),(14,66,1,7,1306.27),(16,66,1,7,719.85),(17,66,1,7,1147.91),(18,66,1,7,481.4),(19,66,1,7,841.64),(20,66,1,7,502.41),(21,66,1,7,844.66),(22,66,1,7,1024.13),(23,66,1,7,882.83),(25,66,1,7,867.43),(26,66,1,7,1209.59),(27,66,1,7,684.79),(28,66,1,7,1200.37),(29,66,1,7,1073.99),(31,66,1,7,1284.45),(32,66,1,7,914.62),(33,66,1,7,891.68),(34,66,1,7,1187.82),(35,66,1,7,595.34),(36,66,1,7,770.65),(1,67,1,7,76.83),(2,67,1,7,46.72),(3,67,1,7,61.13),(4,67,1,7,86.88),(6,67,1,7,71.1),(7,67,1,7,90.33),(8,67,1,7,40.59),(9,67,1,7,79.35),(10,67,1,7,35.02),(11,67,1,7,73.99),(12,67,1,7,85.7),(13,67,1,7,82.74),(14,67,1,7,49.99),(15,67,1,7,78.69),(16,67,1,7,36.08),(17,67,1,7,71.39),(18,67,1,7,51.27),(19,67,1,7,52.46),(20,67,1,7,69.54),(21,67,1,7,69.82),(22,67,1,7,49.74),(23,67,1,7,78.56),(24,67,1,7,73.56),(25,67,1,7,40.88),(26,67,1,7,83.2),(28,67,1,7,62.54),(29,67,1,7,63.64),(31,67,1,7,58),(32,67,1,7,88.16),(33,67,1,7,74.84),(34,67,1,7,61.58),(36,67,1,7,48.84),(1,68,1,5,649.48),(2,68,1,5,642.34),(3,68,1,5,412.48),(4,68,1,5,715.47),(5,68,1,5,787.96),(7,68,1,5,389.58),(8,68,1,5,542.27),(9,68,1,5,375.37),(10,68,1,5,407.13),(12,68,1,5,538.53),(13,68,1,5,372.22),(14,68,1,5,426.71),(15,68,1,5,408.98),(16,68,1,5,541.39),(17,68,1,5,703.36),(18,68,1,5,768.77),(19,68,1,5,767.97),(20,68,1,5,638.91),(21,68,1,5,418.19),(22,68,1,5,349.88),(23,68,1,5,362.37),(24,68,1,5,701.3),(25,68,1,5,499.46),(26,68,1,5,373.85),(27,68,1,5,479.86),(28,68,1,5,422.78),(29,68,1,5,589.65),(31,68,1,5,418.22),(32,68,1,5,523.56),(34,68,1,5,344.83),(35,68,1,5,354.31),(36,68,1,5,284.94),(1,69,1,9,32.31),(2,69,1,9,56.67),(3,69,1,9,36.37),(5,69,1,9,92.14),(6,69,1,9,49.11),(8,69,1,9,43.72),(9,69,1,9,90.3),(11,69,1,9,45.85),(12,69,1,9,79.33),(13,69,1,9,53.62),(14,69,1,9,65.81),(15,69,1,9,73.83),(16,69,1,9,90.31),(17,69,1,9,45.2),(18,69,1,9,92.2),(19,69,1,9,33.31),(20,69,1,9,44.24),(21,69,1,9,52.6),(22,69,1,9,47.68),(23,69,1,9,60.48),(24,69,1,9,78.69),(25,69,1,9,66.41),(26,69,1,9,48.36),(27,69,1,9,61.32),(28,69,1,9,32.02),(29,69,1,9,57.99),(30,69,1,9,33.2),(31,69,1,9,42.69),(32,69,1,9,55.26),(33,69,1,9,33.86),(34,69,1,9,67.51),(35,69,1,9,79.7),(36,69,1,9,37.24),(1,70,1,3,767.17),(2,70,1,3,891.79),(3,70,1,3,908.69),(4,70,1,3,690.95),(5,70,1,3,575.86),(6,70,1,3,1041.22),(7,70,1,3,1112.72),(8,70,1,3,417.12),(9,70,1,3,595.73),(10,70,1,3,918.8),(11,70,1,3,975.32),(12,70,1,3,824.33),(13,70,1,3,769.18),(14,70,1,3,938.86),(15,70,1,3,1068.8),(16,70,1,3,800),(17,70,1,3,422.23),(18,70,1,3,618),(20,70,1,3,1004.58),(21,70,1,3,639.44),(22,70,1,3,639.64),(23,70,1,3,1110.04),(24,70,1,3,620.18),(25,70,1,3,761.33),(26,70,1,3,706.06),(28,70,1,3,633.34),(29,70,1,3,486.95),(30,70,1,3,501.71),(31,70,1,3,491.8),(32,70,1,3,434.7),(33,70,1,3,472.38),(34,70,1,3,619.11),(35,70,1,3,600.85),(36,70,1,3,853.79),(1,71,1,9,356.72),(2,71,1,9,360.31),(3,71,1,9,287.01),(4,71,1,9,395.49),(5,71,1,9,252.1),(6,71,1,9,156.84),(7,71,1,9,173.18),(8,71,1,9,163.29),(9,71,1,9,374.31),(10,71,1,9,152.59),(12,71,1,9,380.9),(13,71,1,9,161.51),(14,71,1,9,321.31),(15,71,1,9,187.84),(16,71,1,9,321.85),(17,71,1,9,330.1),(18,71,1,9,390.04),(19,71,1,9,161.86),(20,71,1,9,328.06),(22,71,1,9,136.2),(23,71,1,9,255.76),(24,71,1,9,322.47),(25,71,1,9,272.85),(26,71,1,9,403.02),(28,71,1,9,171.15),(29,71,1,9,131.99),(30,71,1,9,146.29),(31,71,1,9,224.84),(32,71,1,9,332.61),(33,71,1,9,315.31),(34,71,1,9,232.44),(35,71,1,9,158.99),(36,71,1,9,323.52),(1,72,1,8,461.55),(2,72,1,8,427.38),(3,72,1,8,202.66),(4,72,1,8,238.16),(5,72,1,8,429.4),(6,72,1,8,197.28),(7,72,1,8,473.52),(8,72,1,8,497.32),(9,72,1,8,191.84),(11,72,1,8,305.78),(12,72,1,8,201.63),(13,72,1,8,230.07),(14,72,1,8,228.62),(15,72,1,8,174.53),(17,72,1,8,382.6),(18,72,1,8,400.01),(19,72,1,8,259.67),(20,72,1,8,192.33),(21,72,1,8,283.28),(23,72,1,8,238.87),(24,72,1,8,413.08),(25,72,1,8,378.18),(26,72,1,8,269.63),(27,72,1,8,306.06),(28,72,1,8,391.83),(29,72,1,8,510.8),(30,72,1,8,262.86),(31,72,1,8,368.93),(32,72,1,8,401.8),(33,72,1,8,314.31),(34,72,1,8,281.72),(35,72,1,8,341.39),(1,73,1,7,0.22),(3,73,1,7,0.21),(4,73,1,7,0.22),(5,73,1,7,0.19),(6,73,1,7,0.15),(8,73,1,7,0.12),(9,73,1,7,0.22),(11,73,1,7,0.17),(12,73,1,7,0.18),(13,73,1,7,0.16),(15,73,1,7,0.16),(16,73,1,7,0.15),(18,73,1,7,0.24),(19,73,1,7,0.09),(20,73,1,7,0.09),(21,73,1,7,0.21),(22,73,1,7,0.13),(23,73,1,7,0.14),(25,73,1,7,0.08),(26,73,1,7,0.17),(27,73,1,7,0.19),(28,73,1,7,0.22),(29,73,1,7,0.21),(30,73,1,7,0.23),(31,73,1,7,0.08),(32,73,1,7,0.21),(33,73,1,7,0.11),(34,73,1,7,0.21),(35,73,1,7,0.09),(36,73,1,7,0.2),(1,74,1,7,335.82),(2,74,1,7,492.8),(3,74,1,7,462.04),(4,74,1,7,638.88),(5,74,1,7,618.79),(6,74,1,7,301.59),(7,74,1,7,286.4),(8,74,1,7,430.12),(9,74,1,7,403.54),(10,74,1,7,251.65),(11,74,1,7,380.01),(12,74,1,7,394.76),(13,74,1,7,418.36),(14,74,1,7,361.11),(15,74,1,7,498.31),(16,74,1,7,539.25),(17,74,1,7,516.45),(18,74,1,7,385.5),(19,74,1,7,536.31),(20,74,1,7,576.91),(21,74,1,7,212.11),(22,74,1,7,566.11),(24,74,1,7,346.09),(25,74,1,7,384.14),(26,74,1,7,252.44),(27,74,1,7,505.5),(28,74,1,7,452.7),(29,74,1,7,626.33),(30,74,1,7,453.85),(32,74,1,7,462.84),(33,74,1,7,397.51),(34,74,1,7,558.37),(35,74,1,7,539.46),(36,74,1,7,510.34),(1,75,1,6,347.85),(2,75,1,6,661.99),(3,75,1,6,905.76),(4,75,1,6,419.3),(5,75,1,6,548.82),(6,75,1,6,700.68),(7,75,1,6,853.2),(8,75,1,6,777.22),(9,75,1,6,780.57),(10,75,1,6,600.24),(11,75,1,6,467.65),(12,75,1,6,383.52),(13,75,1,6,890.09),(14,75,1,6,717.04),(15,75,1,6,458.61),(16,75,1,6,536.21),(17,75,1,6,393.05),(18,75,1,6,394.14),(19,75,1,6,348.59),(20,75,1,6,726.48),(21,75,1,6,455.04),(22,75,1,6,896.81),(23,75,1,6,869.14),(24,75,1,6,329.52),(25,75,1,6,727.89),(26,75,1,6,547.72),(27,75,1,6,548.26),(28,75,1,6,461.15),(29,75,1,6,335.07),(30,75,1,6,649.74),(31,75,1,6,430),(32,75,1,6,689.74),(33,75,1,6,350.76),(34,75,1,6,953.06),(35,75,1,6,329.87),(36,75,1,6,560.94),(1,76,1,9,441.99),(2,76,1,9,239.05),(3,76,1,9,519.48),(4,76,1,9,308.28),(5,76,1,9,343.13),(7,76,1,9,668.5),(8,76,1,9,585.78),(9,76,1,9,438.18),(10,76,1,9,534.19),(11,76,1,9,257.28),(12,76,1,9,463.53),(13,76,1,9,686.35),(14,76,1,9,594.29),(15,76,1,9,257.18),(16,76,1,9,320.68),(17,76,1,9,654.32),(18,76,1,9,489.35),(19,76,1,9,328.79),(21,76,1,9,243.51),(22,76,1,9,316.03),(23,76,1,9,376.19),(24,76,1,9,611.62),(26,76,1,9,391.25),(27,76,1,9,492.27),(28,76,1,9,496.46),(29,76,1,9,514.09),(30,76,1,9,264.75),(31,76,1,9,428.42),(32,76,1,9,292.2),(33,76,1,9,233.47),(34,76,1,9,615.98),(35,76,1,9,673.03),(36,76,1,9,358.02),(1,77,1,3,439.69),(2,77,1,3,471.38),(3,77,1,3,314.68),(4,77,1,3,683.63),(5,77,1,3,435.69),(6,77,1,3,257.01),(7,77,1,3,667.78),(8,77,1,3,450.99),(10,77,1,3,641.06),(11,77,1,3,383.19),(12,77,1,3,632.47),(13,77,1,3,519.96),(14,77,1,3,659.04),(15,77,1,3,301.25),(16,77,1,3,575.79),(18,77,1,3,272.89),(19,77,1,3,687.66),(20,77,1,3,605.29),(21,77,1,3,600.11),(22,77,1,3,443.05),(23,77,1,3,645.5),(24,77,1,3,477.33),(25,77,1,3,437.27),(26,77,1,3,443.07),(27,77,1,3,371.15),(28,77,1,3,294.09),(30,77,1,3,268),(31,77,1,3,569.19),(32,77,1,3,698.1),(33,77,1,3,691.83),(34,77,1,3,337.29),(35,77,1,3,527.15),(36,77,1,3,646.37),(1,78,1,7,72.28),(2,78,1,7,70.31),(3,78,1,7,95.17),(4,78,1,7,119.32),(5,78,1,7,82.04),(6,78,1,7,133.77),(7,78,1,7,133.96),(8,78,1,7,115.18),(9,78,1,7,56.06),(10,78,1,7,68.4),(11,78,1,7,77.39),(12,78,1,7,145.05),(13,78,1,7,101.18),(14,78,1,7,118.2),(15,78,1,7,59.86),(16,78,1,7,56.26),(17,78,1,7,107.88),(18,78,1,7,123.76),(19,78,1,7,103.93),(20,78,1,7,137.68),(21,78,1,7,139.06),(22,78,1,7,107.9),(24,78,1,7,77.68),(25,78,1,7,110.47),(26,78,1,7,62.25),(27,78,1,7,106.97),(28,78,1,7,89.22),(29,78,1,7,50.48),(30,78,1,7,119.8),(31,78,1,7,63.03),(32,78,1,7,137.68),(33,78,1,7,99.31),(34,78,1,7,102.9),(35,78,1,7,52.16),(36,78,1,7,113.25),(1,79,1,1,12.98),(2,79,1,1,29.96),(3,79,1,1,11.5),(4,79,1,1,16.55),(5,79,1,1,18.7),(7,79,1,1,21.58),(8,79,1,1,30.96),(9,79,1,1,22.66),(10,79,1,1,16.51),(11,79,1,1,12.49),(12,79,1,1,24.14),(13,79,1,1,14.66),(14,79,1,1,20.78),(15,79,1,1,30.84),(16,79,1,1,28.8),(17,79,1,1,21.92),(18,79,1,1,20.32),(19,79,1,1,31.88),(20,79,1,1,22.92),(21,79,1,1,18.04),(22,79,1,1,20.61),(23,79,1,1,25.98),(24,79,1,1,29.94),(25,79,1,1,28.66),(26,79,1,1,16.44),(27,79,1,1,33.26),(28,79,1,1,19.56),(29,79,1,1,19.25),(30,79,1,1,23.51),(31,79,1,1,20.74),(32,79,1,1,23.59),(33,79,1,1,21.13),(34,79,1,1,22.85),(35,79,1,1,31.28),(36,79,1,1,25.21),(1,80,1,3,147.32),(2,80,1,3,279.16),(3,80,1,3,178.93),(5,80,1,3,120),(6,80,1,3,182.81),(8,80,1,3,173.5),(9,80,1,3,112.72),(10,80,1,3,284.82),(11,80,1,3,130.23),(12,80,1,3,103.76),(13,80,1,3,292.58),(14,80,1,3,188.16),(15,80,1,3,167.39),(16,80,1,3,293.73),(17,80,1,3,174.84),(18,80,1,3,139.7),(19,80,1,3,272.38),(20,80,1,3,197.8),(21,80,1,3,266.33),(22,80,1,3,142.07),(23,80,1,3,181.89),(24,80,1,3,228.42),(25,80,1,3,198.63),(26,80,1,3,270.95),(27,80,1,3,119.39),(28,80,1,3,160.91),(30,80,1,3,222.1),(31,80,1,3,172.11),(32,80,1,3,202.49),(33,80,1,3,191.14),(34,80,1,3,228.26),(35,80,1,3,262.84),(36,80,1,3,182.68),(1,81,1,10,954.63),(2,81,1,10,948.65),(4,81,1,10,644.56),(5,81,1,10,602.82),(6,81,1,10,450.02),(7,81,1,10,350.5),(8,81,1,10,536),(9,81,1,10,530.97),(11,81,1,10,842.22),(12,81,1,10,796.04),(13,81,1,10,716.76),(14,81,1,10,532.57),(15,81,1,10,424.87),(16,81,1,10,700.98),(17,81,1,10,671.56),(18,81,1,10,646.36),(19,81,1,10,424.16),(20,81,1,10,785.21),(21,81,1,10,381.37),(22,81,1,10,875.44),(23,81,1,10,627.95),(24,81,1,10,644.23),(25,81,1,10,900.82),(26,81,1,10,722.95),(27,81,1,10,360.34),(28,81,1,10,701.5),(29,81,1,10,419.83),(30,81,1,10,372.86),(31,81,1,10,756.16),(33,81,1,10,571.93),(34,81,1,10,314.16),(35,81,1,10,400.04),(36,81,1,10,498.15),(1,82,1,10,66.84),(2,82,1,10,70.16),(3,82,1,10,66.71),(4,82,1,10,23.86),(5,82,1,10,61.57),(6,82,1,10,50.92),(8,82,1,10,46.04),(9,82,1,10,38.53),(10,82,1,10,45.13),(11,82,1,10,63.67),(12,82,1,10,59.01),(13,82,1,10,52.51),(14,82,1,10,67.71),(15,82,1,10,24.69),(16,82,1,10,32.47),(17,82,1,10,71.62),(18,82,1,10,44.12),(19,82,1,10,23.73),(20,82,1,10,64.98),(21,82,1,10,36.75),(22,82,1,10,45.17),(23,82,1,10,34.87),(25,82,1,10,68.04),(26,82,1,10,31.07),(27,82,1,10,38.41),(28,82,1,10,28.72),(29,82,1,10,44.46),(30,82,1,10,31.53),(31,82,1,10,40.33),(32,82,1,10,69.84),(33,82,1,10,59.3),(34,82,1,10,44.08),(35,82,1,10,65.31),(36,82,1,10,58.8),(1,83,1,9,-70.78),(2,83,1,9,-46.18),(3,83,1,9,-59.99),(4,83,1,9,-47.45),(5,83,1,9,-47.75),(6,83,1,9,-87.53),(7,83,1,9,-61.33),(8,83,1,9,-84.73),(9,83,1,9,-48.85),(10,83,1,9,-38.3),(11,83,1,9,-87.42),(12,83,1,9,-79.37),(13,83,1,9,-43.25),(14,83,1,9,-92.15),(15,83,1,9,-52.5),(16,83,1,9,-47.34),(17,83,1,9,-74.14),(18,83,1,9,-74.35),(19,83,1,9,-40.31),(20,83,1,9,-86.71),(22,83,1,9,-74.79),(23,83,1,9,-81.32),(24,83,1,9,-54.8),(25,83,1,9,-57.34),(26,83,1,9,-31.22),(27,83,1,9,-65.56),(28,83,1,9,-63.34),(29,83,1,9,-50.14),(31,83,1,9,-31.28),(32,83,1,9,-75.65),(33,83,1,9,-35.62),(34,83,1,9,-32.29),(35,83,1,9,-48),(36,83,1,9,-63.48),(1,84,1,6,374.85),(2,84,1,6,384.76),(3,84,1,6,529.35),(4,84,1,6,575.03),(5,84,1,6,637.93),(6,84,1,6,642.55),(7,84,1,6,271.98),(8,84,1,6,333.3),(9,84,1,6,552.54),(10,84,1,6,330.37),(11,84,1,6,346.07),(12,84,1,6,406.58),(13,84,1,6,529.94),(15,84,1,6,629.99),(16,84,1,6,316.49),(17,84,1,6,645.18),(18,84,1,6,224.17),(19,84,1,6,300.63),(20,84,1,6,243.52),(21,84,1,6,227.26),(22,84,1,6,524.58),(23,84,1,6,585.37),(24,84,1,6,295.39),(25,84,1,6,651.69),(26,84,1,6,318.49),(27,84,1,6,491.25),(28,84,1,6,332.96),(29,84,1,6,241.24),(30,84,1,6,581.67),(32,84,1,6,534.02),(33,84,1,6,312.46),(34,84,1,6,654.4),(35,84,1,6,489.42),(36,84,1,6,490.89),(1,85,1,8,977.58),(2,85,1,8,553.82),(3,85,1,8,895.17),(4,85,1,8,512.92),(6,85,1,8,623.19),(7,85,1,8,1156.92),(9,85,1,8,1046.57),(10,85,1,8,1186.12),(11,85,1,8,981.53),(12,85,1,8,568.18),(14,85,1,8,1124.06),(15,85,1,8,488.65),(16,85,1,8,880),(17,85,1,8,549.99),(18,85,1,8,640.45),(19,85,1,8,1036.6),(20,85,1,8,410.14),(22,85,1,8,756.69),(23,85,1,8,877.22),(24,85,1,8,588.2),(25,85,1,8,1124.7),(27,85,1,8,1054.67),(28,85,1,8,762.67),(29,85,1,8,710.61),(30,85,1,8,402.61),(31,85,1,8,1205.83),(33,85,1,8,776.6),(34,85,1,8,518.21),(35,85,1,8,533.13),(36,85,1,8,948.53),(1,86,1,9,470.66),(2,86,1,9,1034.72),(3,86,1,9,874.95),(4,86,1,9,598.36),(5,86,1,9,908.64),(6,86,1,9,880.47),(7,86,1,9,705.07),(8,86,1,9,895.94),(9,86,1,9,449.17),(10,86,1,9,875.16),(11,86,1,9,1011.68),(12,86,1,9,1020.06),(14,86,1,9,951.85),(15,86,1,9,1052.52),(16,86,1,9,530.76),(17,86,1,9,1196.7),(18,86,1,9,483.53),(19,86,1,9,840.17),(20,86,1,9,463.59),(21,86,1,9,650.49),(22,86,1,9,995.61),(23,86,1,9,432.28),(24,86,1,9,417.64),(26,86,1,9,687.67),(27,86,1,9,782.88),(28,86,1,9,666.75),(29,86,1,9,807.26),(30,86,1,9,588.79),(31,86,1,9,644.45),(32,86,1,9,637.81),(33,86,1,9,779.94),(34,86,1,9,857.42),(35,86,1,9,938.03),(36,86,1,9,1054.64),(1,87,1,8,393.02),(2,87,1,8,749.39),(3,87,1,8,365.54),(5,87,1,8,662.55),(6,87,1,8,339.4),(7,87,1,8,610.71),(8,87,1,8,421.47),(9,87,1,8,905.49),(10,87,1,8,786.46),(11,87,1,8,397.03),(12,87,1,8,554.07),(13,87,1,8,924.45),(14,87,1,8,558.3),(15,87,1,8,713.71),(16,87,1,8,526.74),(17,87,1,8,940.49),(18,87,1,8,323.59),(19,87,1,8,336.31),(21,87,1,8,537.65),(22,87,1,8,702.43),(23,87,1,8,776.02),(25,87,1,8,612.49),(26,87,1,8,696.44),(27,87,1,8,751.03),(28,87,1,8,834.33),(30,87,1,8,565.91),(31,87,1,8,380.44),(32,87,1,8,566.68),(33,87,1,8,920.51),(34,87,1,8,443.99),(35,87,1,8,644.75),(36,87,1,8,468.27),(1,88,1,3,-49.84),(2,88,1,3,-117.44),(3,88,1,3,-102.66),(4,88,1,3,-94.48),(5,88,1,3,-116.04),(6,88,1,3,-76.63),(7,88,1,3,-53.81),(8,88,1,3,-96.06),(9,88,1,3,-76.91),(10,88,1,3,-42.03),(11,88,1,3,-46.85),(13,88,1,3,-73.2),(14,88,1,3,-58.57),(15,88,1,3,-78.63),(16,88,1,3,-89.56),(17,88,1,3,-49.38),(18,88,1,3,-92.24),(19,88,1,3,-71.25),(20,88,1,3,-81.33),(21,88,1,3,-77.57),(22,88,1,3,-75.99),(23,88,1,3,-60.42),(24,88,1,3,-49.05),(25,88,1,3,-97.94),(26,88,1,3,-44.4),(27,88,1,3,-73.08),(28,88,1,3,-83.72),(29,88,1,3,-118.4),(30,88,1,3,-73.46),(31,88,1,3,-49.93),(33,88,1,3,-102.78),(34,88,1,3,-67.46),(35,88,1,3,-60.28),(36,88,1,3,-53.59),(1,89,1,5,939.15),(2,89,1,5,1190.93),(3,89,1,5,1174.91),(4,89,1,5,781.2),(5,89,1,5,1176.86),(6,89,1,5,823.4),(7,89,1,5,759.58),(8,89,1,5,536.16),(9,89,1,5,1183.13),(10,89,1,5,1118.77),(11,89,1,5,1187.4),(12,89,1,5,646.12),(13,89,1,5,636.1),(14,89,1,5,1084.43),(15,89,1,5,1161.31),(16,89,1,5,626.53),(17,89,1,5,972.93),(19,89,1,5,1192.23),(20,89,1,5,849.79),(21,89,1,5,559.87),(22,89,1,5,917.65),(23,89,1,5,1029.02),(24,89,1,5,508.6),(25,89,1,5,603.12),(26,89,1,5,728.04),(27,89,1,5,688.72),(28,89,1,5,1122.31),(29,89,1,5,1132.66),(30,89,1,5,1176.43),(31,89,1,5,845.11),(32,89,1,5,849.42),(33,89,1,5,1034.13),(35,89,1,5,740.95),(36,89,1,5,1119.99),(1,90,1,6,-3.19),(2,90,1,6,-7.84),(3,90,1,6,-3.7),(4,90,1,6,-3.2),(5,90,1,6,-8.19),(6,90,1,6,-7.8),(7,90,1,6,-7.5),(8,90,1,6,-7.35),(10,90,1,6,-4.72),(11,90,1,6,-4.92),(13,90,1,6,-3.25),(14,90,1,6,-7.06),(15,90,1,6,-8.11),(17,90,1,6,-5),(18,90,1,6,-5.33),(19,90,1,6,-7.33),(20,90,1,6,-8.05),(21,90,1,6,-4.87),(22,90,1,6,-4.99),(23,90,1,6,-6.57),(24,90,1,6,-5.29),(25,90,1,6,-8.21),(26,90,1,6,-4.06),(27,90,1,6,-8.45),(28,90,1,6,-7.82),(29,90,1,6,-4.07),(30,90,1,6,-4.37),(31,90,1,6,-6.04),(32,90,1,6,-7.57),(34,90,1,6,-4.64),(35,90,1,6,-7.01),(36,90,1,6,-4.87),(1,91,1,4,469.38),(2,91,1,4,569.62),(3,91,1,4,219.51),(4,91,1,4,472.69),(5,91,1,4,458.63),(6,91,1,4,571.26),(7,91,1,4,608.73),(8,91,1,4,340.93),(9,91,1,4,205.41),(10,91,1,4,515.84),(12,91,1,4,327.44),(13,91,1,4,300.76),(15,91,1,4,286.76),(16,91,1,4,264.11),(17,91,1,4,294.87),(18,91,1,4,456.89),(19,91,1,4,409.56),(21,91,1,4,615.13),(22,91,1,4,213.27),(23,91,1,4,438.02),(24,91,1,4,216.57),(25,91,1,4,461.47),(26,91,1,4,544.54),(27,91,1,4,589.95),(28,91,1,4,433.01),(29,91,1,4,366.39),(30,91,1,4,532.6),(31,91,1,4,467),(32,91,1,4,605.98),(34,91,1,4,218.88),(35,91,1,4,282.68),(36,91,1,4,488.8),(1,92,1,3,690.98),(2,92,1,3,933.17),(3,92,1,3,663.5),(4,92,1,3,1015.73),(5,92,1,3,584.12),(6,92,1,3,457.86),(8,92,1,3,1012.64),(9,92,1,3,509.79),(10,92,1,3,1000.62),(11,92,1,3,698.21),(13,92,1,3,994.69),(14,92,1,3,351.88),(15,92,1,3,373.53),(16,92,1,3,686.29),(17,92,1,3,860.51),(19,92,1,3,852.21),(20,92,1,3,411.54),(21,92,1,3,971.06),(22,92,1,3,493.19),(23,92,1,3,499.07),(24,92,1,3,635.33),(25,92,1,3,768.55),(27,92,1,3,556.54),(28,92,1,3,603.75),(29,92,1,3,620.72),(30,92,1,3,626.26),(31,92,1,3,887.59),(33,92,1,3,430.16),(34,92,1,3,581.14),(35,92,1,3,834.79),(36,92,1,3,833.22),(1,93,1,10,184.71),(2,93,1,10,101.46),(3,93,1,10,190.25),(4,93,1,10,163.28),(5,93,1,10,113.39),(6,93,1,10,185.37),(7,93,1,10,174.59),(8,93,1,10,72.85),(9,93,1,10,178.22),(10,93,1,10,124.05),(12,93,1,10,142.82),(13,93,1,10,180.97),(14,93,1,10,117.91),(15,93,1,10,151.83),(16,93,1,10,69.02),(17,93,1,10,174.1),(18,93,1,10,78.78),(19,93,1,10,115.82),(20,93,1,10,175.22),(21,93,1,10,177.27),(22,93,1,10,91.96),(23,93,1,10,171.94),(24,93,1,10,82.01),(25,93,1,10,171.01),(26,93,1,10,172.74),(27,93,1,10,76.99),(28,93,1,10,77.4),(29,93,1,10,138.64),(31,93,1,10,154.03),(32,93,1,10,158.91),(34,93,1,10,68.26),(35,93,1,10,156.68),(1,94,1,6,1061.26),(2,94,1,6,546.52),(3,94,1,6,1303.59),(4,94,1,6,1251.03),(5,94,1,6,1134.83),(6,94,1,6,988.68),(7,94,1,6,875.62),(8,94,1,6,1028.9),(9,94,1,6,1104.45),(10,94,1,6,536.29),(12,94,1,6,1319.04),(13,94,1,6,697.15),(14,94,1,6,968.75),(15,94,1,6,1330.86),(16,94,1,6,529.74),(17,94,1,6,1271.74),(19,94,1,6,628.73),(20,94,1,6,850.87),(21,94,1,6,441.93),(22,94,1,6,710.21),(23,94,1,6,853.67),(24,94,1,6,1216.79),(26,94,1,6,1049.4),(27,94,1,6,549.79),(28,94,1,6,1305.29),(29,94,1,6,992.56),(30,94,1,6,1111.13),(32,94,1,6,1283.05),(33,94,1,6,1032.52),(34,94,1,6,846.27),(35,94,1,6,554.99),(36,94,1,6,1141.8),(1,95,1,7,292.18),(2,95,1,7,255.72),(3,95,1,7,265.75),(4,95,1,7,282.08),(5,95,1,7,350.14),(6,95,1,7,191.84),(7,95,1,7,272.61),(8,95,1,7,214.62),(9,95,1,7,153.34),(10,95,1,7,286.34),(11,95,1,7,203.91),(12,95,1,7,242.03),(13,95,1,7,289.43),(14,95,1,7,273.08),(15,95,1,7,171.37),(16,95,1,7,358.03),(17,95,1,7,332.12),(18,95,1,7,125.84),(19,95,1,7,164.7),(20,95,1,7,183.2),(21,95,1,7,151.4),(22,95,1,7,130.92),(23,95,1,7,292.27),(24,95,1,7,290.42),(25,95,1,7,250.58),(27,95,1,7,338.05),(28,95,1,7,168.97),(30,95,1,7,246.85),(31,95,1,7,149.25),(32,95,1,7,235.22),(33,95,1,7,319.01),(34,95,1,7,250.37),(35,95,1,7,122.05),(1,96,1,2,407.74),(2,96,1,2,713.38),(3,96,1,2,659.77),(4,96,1,2,737.56),(5,96,1,2,576),(6,96,1,2,568.8),(7,96,1,2,528.85),(8,96,1,2,382.08),(9,96,1,2,758.51),(10,96,1,2,502.83),(11,96,1,2,389.62),(12,96,1,2,596.06),(13,96,1,2,631.97),(14,96,1,2,745.46),(15,96,1,2,296.8),(16,96,1,2,504.75),(18,96,1,2,706.05),(19,96,1,2,379.58),(20,96,1,2,659.98),(21,96,1,2,345.24),(23,96,1,2,260.88),(24,96,1,2,443.82),(25,96,1,2,376.39),(26,96,1,2,717.11),(27,96,1,2,762.03),(28,96,1,2,770.66),(30,96,1,2,475.31),(31,96,1,2,368.62),(32,96,1,2,491.11),(33,96,1,2,710.97),(34,96,1,2,490.81),(35,96,1,2,312.67),(36,96,1,2,745.99),(1,97,1,1,584.59),(2,97,1,1,636.9),(3,97,1,1,395.69),(4,97,1,1,435.28),(5,97,1,1,304.64),(6,97,1,1,395.45),(7,97,1,1,827.54),(9,97,1,1,421.09),(10,97,1,1,725.3),(11,97,1,1,653.77),(12,97,1,1,685.96),(13,97,1,1,482.3),(15,97,1,1,864.1),(16,97,1,1,851.12),(18,97,1,1,373.15),(19,97,1,1,522.64),(20,97,1,1,568.3),(21,97,1,1,546.33),(22,97,1,1,833.87),(23,97,1,1,842.87),(25,97,1,1,603.02),(26,97,1,1,718.59),(27,97,1,1,426.02),(28,97,1,1,847.73),(29,97,1,1,389.33),(30,97,1,1,795.53),(31,97,1,1,627.11),(32,97,1,1,527.11),(33,97,1,1,368.41),(34,97,1,1,328.33),(35,97,1,1,781.82),(36,97,1,1,523.88),(1,98,1,6,559.5),(2,98,1,6,857.31),(3,98,1,6,303.51),(4,98,1,6,682),(5,98,1,6,787.83),(6,98,1,6,495.85),(7,98,1,6,529.28),(8,98,1,6,416.18),(9,98,1,6,671.69),(10,98,1,6,438.65),(11,98,1,6,579.77),(12,98,1,6,785.8),(13,98,1,6,553.06),(14,98,1,6,511.05),(15,98,1,6,770.67),(16,98,1,6,846.93),(17,98,1,6,515.68),(18,98,1,6,697.23),(20,98,1,6,359.46),(21,98,1,6,511.42),(22,98,1,6,642.62),(23,98,1,6,538.9),(24,98,1,6,604.28),(25,98,1,6,846.4),(26,98,1,6,690.06),(28,98,1,6,541.63),(29,98,1,6,649.54),(30,98,1,6,772.13),(31,98,1,6,866.6),(32,98,1,6,794.07),(33,98,1,6,807.3),(34,98,1,6,352.8),(35,98,1,6,640.62),(36,98,1,6,843.91),(1,99,1,8,666.64),(2,99,1,8,889.25),(3,99,1,8,1257.75),(4,99,1,8,834.13),(5,99,1,8,1347.98),(6,99,1,8,620.15),(7,99,1,8,587.14),(8,99,1,8,974.35),(9,99,1,8,696.1),(10,99,1,8,456.57),(11,99,1,8,820.23),(12,99,1,8,1184.34),(13,99,1,8,893.87),(14,99,1,8,453.72),(15,99,1,8,1141.38),(17,99,1,8,703.73),(18,99,1,8,773.29),(19,99,1,8,982.71),(20,99,1,8,519.47),(21,99,1,8,810.8),(22,99,1,8,911.8),(23,99,1,8,939.28),(24,99,1,8,1356.54),(25,99,1,8,1013.02),(26,99,1,8,1025.48),(27,99,1,8,893.04),(28,99,1,8,882.79),(29,99,1,8,1371.29),(30,99,1,8,734.48),(32,99,1,8,1368.81),(33,99,1,8,1159.68),(34,99,1,8,992.95),(35,99,1,8,1317.94),(36,99,1,8,779.72),(1,100,1,8,823.47),(2,100,1,8,1130.25),(3,100,1,8,848.67),(4,100,1,8,391.93),(5,100,1,8,1040.47),(6,100,1,8,781.37),(7,100,1,8,826.97),(9,100,1,8,575.53),(10,100,1,8,536.25),(11,100,1,8,884.45),(12,100,1,8,556.14),(13,100,1,8,1087.85),(14,100,1,8,887.6),(15,100,1,8,928.59),(16,100,1,8,1017.6),(17,100,1,8,1133.65),(18,100,1,8,701.06),(20,100,1,8,484.94),(21,100,1,8,528.82),(22,100,1,8,910.47),(23,100,1,8,783.87),(24,100,1,8,404.84),(25,100,1,8,1102.56),(26,100,1,8,637.5),(27,100,1,8,765.19),(28,100,1,8,724.52),(29,100,1,8,402),(30,100,1,8,786.91),(31,100,1,8,555.46),(32,100,1,8,1106.65),(33,100,1,8,515.6),(34,100,1,8,978.81),(35,100,1,8,643.59),(36,100,1,8,769.82),(1,101,3,3,-41.1),(2,101,3,3,-40.52),(3,101,3,3,-108.46),(4,101,3,3,-44.73),(5,101,3,3,-108.27),(6,101,3,3,-109.41),(7,101,3,3,-66.6),(8,101,3,3,-61.9),(9,101,3,3,-95.98),(10,101,3,3,-84.13),(11,101,3,3,-54.57),(12,101,3,3,-93.98),(13,101,3,3,-84.58),(14,101,3,3,-73.95),(15,101,3,3,-107.22),(16,101,3,3,-64.58),(17,101,3,3,-39.24),(18,101,3,3,-87.63),(19,101,3,3,-59.41),(21,101,3,3,-40.91),(22,101,3,3,-46.57),(23,101,3,3,-78.11),(24,101,3,3,-46.57),(25,101,3,3,-90.81),(26,101,3,3,-75.38),(27,101,3,3,-45.12),(28,101,3,3,-71.76),(29,101,3,3,-73.22),(31,101,3,3,-81.74),(32,101,3,3,-69.45),(33,101,3,3,-91.95),(35,101,3,3,-65.54),(36,101,3,3,-60.11),(1,103,2,9,104.97),(2,103,2,9,178.8),(3,103,2,9,160.52),(4,103,2,9,193.82),(5,103,2,9,117.13),(6,103,2,9,193.13),(7,103,2,9,140.49),(9,103,2,9,232.78),(10,103,2,9,194.68),(11,103,2,9,106.24),(12,103,2,9,95.26),(13,103,2,9,215.19),(14,103,2,9,77.97),(15,103,2,9,192.42),(16,103,2,9,158.03),(17,103,2,9,231.98),(18,103,2,9,157.5),(19,103,2,9,224.23),(20,103,2,9,143.71),(21,103,2,9,134.07),(22,103,2,9,197.13),(23,103,2,9,120.33),(24,103,2,9,142.46),(25,103,2,9,211.65),(26,103,2,9,76.25),(27,103,2,9,192.53),(28,103,2,9,169.11),(29,103,2,9,233.6),(30,103,2,9,176.57),(31,103,2,9,125.26),(32,103,2,9,90.85),(33,103,2,9,123.68),(34,103,2,9,211.89),(35,103,2,9,230.63),(36,103,2,9,224.21),(1,104,3,10,-50.5),(2,104,3,10,-20.2),(3,104,3,10,-43.52),(4,104,3,10,-51.24),(6,104,3,10,-25.67),(7,104,3,10,-36.82),(8,104,3,10,-23.24),(10,104,3,10,-35.81),(11,104,3,10,-33.91),(12,104,3,10,-22.15),(13,104,3,10,-17.8),(14,104,3,10,-25.99),(15,104,3,10,-47.72),(16,104,3,10,-27.21),(17,104,3,10,-20.75),(18,104,3,10,-26.71),(19,104,3,10,-41.91),(20,104,3,10,-18.24),(21,104,3,10,-36.48),(22,104,3,10,-49.23),(23,104,3,10,-32.78),(24,104,3,10,-25.03),(25,104,3,10,-23.16),(26,104,3,10,-50.58),(27,104,3,10,-51.61),(28,104,3,10,-27.27),(29,104,3,10,-18.76),(30,104,3,10,-23.6),(31,104,3,10,-46.87),(32,104,3,10,-49.01),(33,104,3,10,-27.22),(35,104,3,10,-42.71),(36,104,3,10,-49.85),(1,106,5,8,-0.58),(2,106,5,8,-0.66),(3,106,5,8,-0.64),(4,106,5,8,-0.31),(5,106,5,8,-0.56),(6,106,5,8,-0.27),(7,106,5,8,-0.44),(9,106,5,8,-0.51),(10,106,5,8,-0.44),(11,106,5,8,-0.45),(12,106,5,8,-0.64),(13,106,5,8,-0.64),(15,106,5,8,-0.71),(16,106,5,8,-0.26),(17,106,5,8,-0.59),(18,106,5,8,-0.66),(19,106,5,8,-0.38),(20,106,5,8,-0.39),(21,106,5,8,-0.47),(22,106,5,8,-0.54),(23,106,5,8,-0.6),(24,106,5,8,-0.3),(25,106,5,8,-0.29),(26,106,5,8,-0.5),(27,106,5,8,-0.51),(28,106,5,8,-0.44),(29,106,5,8,-0.26),(31,106,5,8,-0.59),(32,106,5,8,-0.6),(33,106,5,8,-0.66),(34,106,5,8,-0.35),(36,106,5,8,-0.67),(1,107,3,7,25.98),(2,107,3,7,24.29),(3,107,3,7,37.37),(4,107,3,7,23.95),(5,107,3,7,45.28),(6,107,3,7,39.31),(7,107,3,7,49.03),(8,107,3,7,46.96),(9,107,3,7,57.06),(11,107,3,7,19.25),(12,107,3,7,37.4),(13,107,3,7,45.47),(14,107,3,7,50.74),(15,107,3,7,50.7),(16,107,3,7,19.56),(17,107,3,7,50.12),(18,107,3,7,59.26),(20,107,3,7,31.92),(21,107,3,7,42.38),(22,107,3,7,43.56),(24,107,3,7,37.79),(25,107,3,7,31.36),(26,107,3,7,51.81),(27,107,3,7,22.62),(28,107,3,7,36.76),(29,107,3,7,46.4),(30,107,3,7,57.79),(31,107,3,7,51.19),(32,107,3,7,30.78),(33,107,3,7,26.16),(34,107,3,7,35.78),(35,107,3,7,34.94),(36,107,3,7,39.2),(1,108,5,4,-97.42),(2,108,5,4,-66.02),(3,108,5,4,-93.57),(4,108,5,4,-85.05),(5,108,5,4,-89.75),(6,108,5,4,-45.66),(7,108,5,4,-90.66),(9,108,5,4,-56.54),(10,108,5,4,-86.86),(11,108,5,4,-72.73),(12,108,5,4,-38.58),(13,108,5,4,-56.04),(14,108,5,4,-89.33),(15,108,5,4,-47.69),(16,108,5,4,-109.25),(17,108,5,4,-107.67),(18,108,5,4,-74.81),(19,108,5,4,-103.47),(20,108,5,4,-79.4),(22,108,5,4,-43.88),(23,108,5,4,-66.15),(24,108,5,4,-58.68),(25,108,5,4,-59.92),(27,108,5,4,-77.17),(28,108,5,4,-72.45),(29,108,5,4,-46.55),(30,108,5,4,-81.83),(31,108,5,4,-65.11),(32,108,5,4,-68.69),(33,108,5,4,-56),(34,108,5,4,-49.37),(35,108,5,4,-80.42),(36,108,5,4,-71.24),(1,109,5,7,43.87),(2,109,5,7,42.13),(3,109,5,7,49.26),(4,109,5,7,31.72),(5,109,5,7,39.95),(6,109,5,7,38.18),(8,109,5,7,40.18),(9,109,5,7,30.85),(10,109,5,7,58.08),(11,109,5,7,37.78),(12,109,5,7,33.45),(13,109,5,7,87.59),(14,109,5,7,44.77),(15,109,5,7,45.18),(16,109,5,7,46.73),(17,109,5,7,64.24),(18,109,5,7,55.84),(19,109,5,7,59.16),(21,109,5,7,55.77),(22,109,5,7,61.63),(23,109,5,7,43.7),(24,109,5,7,67.17),(25,109,5,7,87.63),(26,109,5,7,34.83),(27,109,5,7,38.53),(29,109,5,7,41.1),(30,109,5,7,83.05),(32,109,5,7,32.76),(33,109,5,7,57.73),(34,109,5,7,73.64),(35,109,5,7,45.28),(36,109,5,7,68.34),(1,110,3,8,80.93),(2,110,3,8,111.71),(4,110,3,8,162.23),(5,110,3,8,167.86),(6,110,3,8,159.46),(7,110,3,8,133.2),(8,110,3,8,156.25),(9,110,3,8,103.68),(10,110,3,8,199.48),(11,110,3,8,127.75),(12,110,3,8,210.02),(13,110,3,8,133.37),(14,110,3,8,90.81),(15,110,3,8,94),(16,110,3,8,191.7),(17,110,3,8,119.5),(19,110,3,8,98.64),(20,110,3,8,79.97),(22,110,3,8,133.81),(23,110,3,8,166.73),(24,110,3,8,176.87),(25,110,3,8,203.4),(27,110,3,8,193.72),(28,110,3,8,96.31),(29,110,3,8,83.75),(30,110,3,8,186.37),(31,110,3,8,85.48),(32,110,3,8,174.16),(33,110,3,8,178.02),(34,110,3,8,119),(35,110,3,8,69.15),(36,110,3,8,82.49),(1,111,2,7,243.5),(2,111,2,7,117.58),(3,111,2,7,242.75),(4,111,2,7,217.36),(5,111,2,7,160.6),(6,111,2,7,261.24),(7,111,2,7,210.96),(8,111,2,7,179.05),(9,111,2,7,170.01),(10,111,2,7,155.39),(11,111,2,7,258.22),(12,111,2,7,229.97),(13,111,2,7,280.53),(15,111,2,7,114.03),(16,111,2,7,193.68),(17,111,2,7,210.47),(18,111,2,7,105.47),(19,111,2,7,206.5),(20,111,2,7,180.13),(21,111,2,7,293.62),(22,111,2,7,237.4),(23,111,2,7,267.15),(24,111,2,7,166.13),(25,111,2,7,280.62),(26,111,2,7,265.29),(27,111,2,7,277.34),(28,111,2,7,252.3),(29,111,2,7,226.08),(30,111,2,7,288.63),(31,111,2,7,217.77),(32,111,2,7,300.77),(34,111,2,7,253.98),(35,111,2,7,106.67),(36,111,2,7,188.04),(1,112,2,10,-46.87),(2,112,2,10,-61.52),(3,112,2,10,-82.91),(4,112,2,10,-44.85),(5,112,2,10,-30.08),(6,112,2,10,-45.72),(7,112,2,10,-43.97),(8,112,2,10,-35.14),(9,112,2,10,-45.17),(10,112,2,10,-40.58),(11,112,2,10,-36.09),(12,112,2,10,-83.28),(13,112,2,10,-45.42),(14,112,2,10,-54.51),(15,112,2,10,-66),(16,112,2,10,-64.42),(18,112,2,10,-35.47),(19,112,2,10,-79.04),(20,112,2,10,-80.81),(22,112,2,10,-30.72),(23,112,2,10,-87.87),(25,112,2,10,-45.43),(26,112,2,10,-68.87),(27,112,2,10,-59.76),(28,112,2,10,-67.16),(29,112,2,10,-60.83),(30,112,2,10,-52.16),(31,112,2,10,-83.59),(32,112,2,10,-56.19),(34,112,2,10,-56.87),(35,112,2,10,-54.29),(36,112,2,10,-54.34),(1,113,3,7,55.66),(2,113,3,7,79.64),(3,113,3,7,74.41),(4,113,3,7,32.8),(5,113,3,7,71.33),(6,113,3,7,80.64),(7,113,3,7,64),(8,113,3,7,77.87),(9,113,3,7,34.91),(10,113,3,7,34.83),(11,113,3,7,81.43),(12,113,3,7,37.78),(13,113,3,7,63.68),(14,113,3,7,44.45),(15,113,3,7,29.37),(16,113,3,7,38.7),(17,113,3,7,62.74),(18,113,3,7,28.87),(19,113,3,7,76.43),(20,113,3,7,63.88),(21,113,3,7,79.56),(22,113,3,7,61.41),(23,113,3,7,66.1),(25,113,3,7,53.23),(26,113,3,7,44.8),(27,113,3,7,38.81),(28,113,3,7,75.89),(29,113,3,7,28.24),(30,113,3,7,76.27),(31,113,3,7,47.29),(32,113,3,7,31.7),(33,113,3,7,44.52),(34,113,3,7,38.41),(35,113,3,7,64.98),(36,113,3,7,32.43),(1,114,3,9,9.41),(2,114,3,9,20.41),(3,114,3,9,16.07),(5,114,3,9,10.94),(6,114,3,9,14.85),(7,114,3,9,18.09),(8,114,3,9,27.69),(10,114,3,9,24.02),(11,114,3,9,13.48),(12,114,3,9,13.93),(13,114,3,9,11.35),(14,114,3,9,15.08),(15,114,3,9,21.15),(16,114,3,9,26.91),(17,114,3,9,26.7),(18,114,3,9,14.05),(19,114,3,9,25.77),(20,114,3,9,22.01),(21,114,3,9,16.54),(22,114,3,9,10.43),(23,114,3,9,16.71),(25,114,3,9,20.11),(26,114,3,9,10.51),(27,114,3,9,12.79),(28,114,3,9,25.55),(30,114,3,9,19.61),(31,114,3,9,12.52),(32,114,3,9,11.61),(33,114,3,9,17.45),(34,114,3,9,22.15),(36,114,3,9,14.64),(1,115,5,6,-47.18),(2,115,5,6,-22.11),(3,115,5,6,-46.85),(4,115,5,6,-48.55),(5,115,5,6,-30.65),(6,115,5,6,-50.02),(7,115,5,6,-52.87),(9,115,5,6,-25.64),(10,115,5,6,-27.31),(11,115,5,6,-21.88),(12,115,5,6,-30.77),(13,115,5,6,-40.85),(14,115,5,6,-41.36),(16,115,5,6,-30.43),(17,115,5,6,-21.62),(18,115,5,6,-18.5),(19,115,5,6,-50.93),(21,115,5,6,-49.54),(22,115,5,6,-33.85),(23,115,5,6,-23.69),(24,115,5,6,-51.73),(25,115,5,6,-24.87),(26,115,5,6,-34.05),(27,115,5,6,-25.83),(28,115,5,6,-29.84),(29,115,5,6,-34.24),(31,115,5,6,-32.88),(32,115,5,6,-19.89),(33,115,5,6,-27.85),(34,115,5,6,-22.55),(35,115,5,6,-44.38),(1,116,5,4,87.69),(2,116,5,4,126.93),(3,116,5,4,154.14),(4,116,5,4,155.41),(5,116,5,4,59.77),(6,116,5,4,132.27),(7,116,5,4,55.95),(8,116,5,4,100.12),(9,116,5,4,140.86),(10,116,5,4,70.69),(11,116,5,4,59.2),(13,116,5,4,90.45),(14,116,5,4,135.92),(15,116,5,4,118.73),(16,116,5,4,75.08),(17,116,5,4,148.34),(18,116,5,4,56.76),(19,116,5,4,117.46),(20,116,5,4,74.18),(21,116,5,4,99.3),(22,116,5,4,149.03),(24,116,5,4,137.22),(25,116,5,4,135.8),(27,116,5,4,133.36),(28,116,5,4,89.73),(29,116,5,4,152.78),(30,116,5,4,97.4),(31,116,5,4,65.17),(32,116,5,4,54.76),(33,116,5,4,55.26),(34,116,5,4,75.26),(35,116,5,4,75.65),(36,116,5,4,115.15),(1,117,3,8,34.58),(2,117,3,8,44.01),(4,117,3,8,40.37),(5,117,3,8,39.16),(6,117,3,8,70.86),(7,117,3,8,74.94),(8,117,3,8,88.2),(9,117,3,8,52.9),(10,117,3,8,41.28),(11,117,3,8,90.11),(12,117,3,8,36.41),(13,117,3,8,72.83),(15,117,3,8,71.52),(16,117,3,8,65.89),(17,117,3,8,69.46),(18,117,3,8,48.17),(19,117,3,8,78.61),(20,117,3,8,69.39),(21,117,3,8,40.36),(22,117,3,8,68.07),(23,117,3,8,52.02),(24,117,3,8,74.98),(25,117,3,8,35.96),(26,117,3,8,89.24),(27,117,3,8,66.43),(28,117,3,8,56.89),(29,117,3,8,54.77),(31,117,3,8,84.09),(32,117,3,8,71.73),(33,117,3,8,48.09),(34,117,3,8,59.58),(35,117,3,8,59.37),(36,117,3,8,69.71),(1,118,3,8,193.34),(2,118,3,8,106.95),(3,118,3,8,203.05),(4,118,3,8,161.69),(5,118,3,8,170.88),(6,118,3,8,119.93),(7,118,3,8,84.77),(8,118,3,8,92.63),(9,118,3,8,124.09),(10,118,3,8,160.92),(11,118,3,8,160),(12,118,3,8,116.83),(13,118,3,8,189.08),(14,118,3,8,122.5),(15,118,3,8,158.67),(16,118,3,8,106.43),(17,118,3,8,164.12),(18,118,3,8,173.27),(19,118,3,8,98.05),(20,118,3,8,180.9),(22,118,3,8,149.4),(23,118,3,8,107.83),(25,118,3,8,108.82),(26,118,3,8,122.74),(27,118,3,8,71.11),(28,118,3,8,182.99),(29,118,3,8,171.82),(30,118,3,8,143.02),(31,118,3,8,143.05),(32,118,3,8,186.49),(34,118,3,8,185.18),(35,118,3,8,151.7),(36,118,3,8,146.11),(1,120,3,7,28),(2,120,3,7,45.14),(3,120,3,7,29.42),(4,120,3,7,25.35),(5,120,3,7,56.64),(6,120,3,7,37.82),(7,120,3,7,51.11),(8,120,3,7,24.25),(9,120,3,7,45.08),(10,120,3,7,36.68),(11,120,3,7,47.54),(12,120,3,7,26.14),(13,120,3,7,35.63),(14,120,3,7,52.99),(15,120,3,7,30.26),(16,120,3,7,44.4),(17,120,3,7,42.39),(18,120,3,7,51.66),(19,120,3,7,50.48),(20,120,3,7,31.92),(21,120,3,7,58.21),(22,120,3,7,46.56),(23,120,3,7,49.49),(24,120,3,7,41.94),(25,120,3,7,31.34),(26,120,3,7,44.32),(27,120,3,7,42.27),(28,120,3,7,35.59),(29,120,3,7,54.09),(30,120,3,7,38.69),(31,120,3,7,28.55),(32,120,3,7,22.67),(33,120,3,7,36.6),(34,120,3,7,55.33),(35,120,3,7,35.1),(36,120,3,7,50.85),(1,121,3,10,56.12),(2,121,3,10,106.61),(3,121,3,10,108.19),(4,121,3,10,57.6),(5,121,3,10,96.51),(6,121,3,10,51.23),(7,121,3,10,55.93),(9,121,3,10,58.98),(10,121,3,10,113),(11,121,3,10,78.11),(12,121,3,10,63.04),(13,121,3,10,62.63),(14,121,3,10,64.11),(15,121,3,10,39.78),(16,121,3,10,68.72),(18,121,3,10,39.37),(19,121,3,10,46.14),(21,121,3,10,106.87),(22,121,3,10,98.42),(23,121,3,10,41.21),(24,121,3,10,59.08),(25,121,3,10,68.45),(26,121,3,10,58.35),(27,121,3,10,55.9),(28,121,3,10,101.35),(29,121,3,10,37.19),(30,121,3,10,78.17),(32,121,3,10,98.74),(33,121,3,10,106.56),(34,121,3,10,44.12),(35,121,3,10,74.49),(36,121,3,10,50.24),(1,122,4,8,190.05),(2,122,4,8,84.04),(3,122,4,8,76.62),(4,122,4,8,110.85),(5,122,4,8,104.43),(6,122,4,8,133.21),(7,122,4,8,80.4),(8,122,4,8,188.08),(10,122,4,8,99.42),(11,122,4,8,100.2),(12,122,4,8,104.02),(13,122,4,8,109.75),(14,122,4,8,143.44),(15,122,4,8,81.36),(16,122,4,8,86.24),(17,122,4,8,140.53),(18,122,4,8,167.3),(19,122,4,8,170.95),(20,122,4,8,137.26),(21,122,4,8,75.94),(22,122,4,8,104.51),(24,122,4,8,91.15),(25,122,4,8,136.64),(26,122,4,8,153.98),(27,122,4,8,197.36),(28,122,4,8,158.27),(29,122,4,8,88.59),(30,122,4,8,112.03),(31,122,4,8,206.57),(32,122,4,8,188.41),(33,122,4,8,172.56),(34,122,4,8,196.56),(35,122,4,8,114.27),(36,122,4,8,152.13),(1,124,4,8,34.37),(2,124,4,8,43.56),(3,124,4,8,64.75),(4,124,4,8,50.04),(5,124,4,8,44.09),(6,124,4,8,45.52),(7,124,4,8,78.54),(8,124,4,8,55.1),(9,124,4,8,46.65),(10,124,4,8,100.12),(11,124,4,8,65.41),(12,124,4,8,45.96),(13,124,4,8,102.18),(14,124,4,8,57.74),(15,124,4,8,102.57),(16,124,4,8,75.59),(18,124,4,8,34),(19,124,4,8,104.32),(20,124,4,8,38.35),(21,124,4,8,79.37),(22,124,4,8,79.29),(23,124,4,8,42.89),(24,124,4,8,64.89),(25,124,4,8,60.59),(26,124,4,8,74.61),(27,124,4,8,81.15),(28,124,4,8,49.29),(29,124,4,8,55.99),(30,124,4,8,67.24),(32,124,4,8,46.25),(33,124,4,8,79.88),(35,124,4,8,66.6),(36,124,4,8,92.47),(1,126,3,4,176.32),(2,126,3,4,92.12),(4,126,3,4,98.48),(5,126,3,4,82.53),(6,126,3,4,134.91),(7,126,3,4,200.24),(8,126,3,4,223.82),(9,126,3,4,239.92),(10,126,3,4,226.38),(11,126,3,4,184.14),(12,126,3,4,248.75),(13,126,3,4,224.03),(14,126,3,4,136.78),(16,126,3,4,136.27),(17,126,3,4,207.7),(18,126,3,4,219),(19,126,3,4,140.04),(20,126,3,4,84.77),(21,126,3,4,235.19),(22,126,3,4,237.97),(23,126,3,4,93.72),(24,126,3,4,87.56),(25,126,3,4,186.31),(26,126,3,4,118.55),(27,126,3,4,191.06),(28,126,3,4,172.04),(29,126,3,4,181.11),(30,126,3,4,238.43),(31,126,3,4,178.43),(32,126,3,4,192.65),(33,126,3,4,85.11),(34,126,3,4,206.7),(35,126,3,4,177.77),(36,126,3,4,220.88),(1,127,4,3,149.71),(2,127,4,3,188.79),(3,127,4,3,149.24),(4,127,4,3,192.92),(5,127,4,3,184.53),(6,127,4,3,109.56),(7,127,4,3,67.86),(8,127,4,3,116.59),(9,127,4,3,153.24),(10,127,4,3,197.75),(11,127,4,3,71.5),(12,127,4,3,149.04),(13,127,4,3,149.79),(14,127,4,3,107.34),(15,127,4,3,91.55),(16,127,4,3,107.73),(17,127,4,3,193.59),(18,127,4,3,119.61),(19,127,4,3,161.3),(20,127,4,3,107.33),(21,127,4,3,175.38),(22,127,4,3,110.67),(23,127,4,3,187.9),(25,127,4,3,96.49),(26,127,4,3,86.83),(27,127,4,3,104.99),(28,127,4,3,179.5),(29,127,4,3,103.64),(30,127,4,3,73.8),(31,127,4,3,127.52),(32,127,4,3,118.05),(33,127,4,3,123.74),(34,127,4,3,117.69),(35,127,4,3,108.34),(36,127,4,3,156.37),(1,129,5,8,123.23),(2,129,5,8,138.98),(4,129,5,8,141.86),(5,129,5,8,132.96),(6,129,5,8,164.51),(7,129,5,8,151.59),(8,129,5,8,158.22),(9,129,5,8,204.23),(10,129,5,8,180.09),(11,129,5,8,128.12),(12,129,5,8,90.97),(13,129,5,8,205.1),(14,129,5,8,163.56),(15,129,5,8,201.23),(16,129,5,8,165.65),(17,129,5,8,82.59),(18,129,5,8,75.64),(19,129,5,8,146.98),(20,129,5,8,151.5),(21,129,5,8,123.03),(22,129,5,8,182.23),(23,129,5,8,79.59),(24,129,5,8,154.18),(25,129,5,8,108.46),(26,129,5,8,165.93),(28,129,5,8,183.71),(29,129,5,8,175.77),(30,129,5,8,104.36),(31,129,5,8,178.67),(32,129,5,8,82.65),(33,129,5,8,178.53),(34,129,5,8,73.09),(35,129,5,8,114.94),(36,129,5,8,108.37),(1,130,2,4,99.17),(2,130,2,4,107.43),(3,130,2,4,193.96),(4,130,2,4,184.58),(5,130,2,4,125.17),(6,130,2,4,150.14),(7,130,2,4,107.44),(8,130,2,4,88.75),(9,130,2,4,96.91),(10,130,2,4,95.11),(11,130,2,4,130.07),(12,130,2,4,140.34),(13,130,2,4,108.77),(14,130,2,4,180.11),(15,130,2,4,126.66),(16,130,2,4,170.05),(18,130,2,4,152.49),(19,130,2,4,186.3),(20,130,2,4,137.76),(22,130,2,4,184.57),(23,130,2,4,163.78),(24,130,2,4,129.61),(25,130,2,4,79.15),(26,130,2,4,168.63),(27,130,2,4,142.75),(28,130,2,4,152.73),(29,130,2,4,133.9),(30,130,2,4,90.75),(31,130,2,4,179.74),(32,130,2,4,75.99),(33,130,2,4,210.58),(34,130,2,4,206.65),(35,130,2,4,159.51),(36,130,2,4,170.99),(1,131,3,1,-17.31),(2,131,3,1,-14.64),(4,131,3,1,-12.78),(5,131,3,1,-17.61),(6,131,3,1,-12.94),(8,131,3,1,-8.18),(9,131,3,1,-14.88),(11,131,3,1,-17.51),(12,131,3,1,-13.84),(13,131,3,1,-20.12),(14,131,3,1,-9.17),(16,131,3,1,-18.21),(17,131,3,1,-17.79),(18,131,3,1,-11.57),(19,131,3,1,-14.42),(20,131,3,1,-19.36),(21,131,3,1,-16.56),(22,131,3,1,-11.12),(24,131,3,1,-13.63),(25,131,3,1,-9.88),(26,131,3,1,-19.29),(27,131,3,1,-14.43),(28,131,3,1,-13.72),(29,131,3,1,-14.6),(30,131,3,1,-11.89),(31,131,3,1,-10.39),(33,131,3,1,-11.04),(34,131,3,1,-14.88),(35,131,3,1,-10.42),(36,131,3,1,-17.56),(1,132,2,1,226.36),(2,132,2,1,112.58),(3,132,2,1,172.7),(4,132,2,1,180.26),(5,132,2,1,101.19),(6,132,2,1,214.6),(7,132,2,1,189.47),(8,132,2,1,118.62),(9,132,2,1,125.54),(10,132,2,1,137.51),(11,132,2,1,116.14),(13,132,2,1,151.34),(14,132,2,1,142.8),(15,132,2,1,168.18),(16,132,2,1,104.31),(17,132,2,1,210.75),(18,132,2,1,186.73),(19,132,2,1,216.72),(20,132,2,1,114.39),(21,132,2,1,238.74),(22,132,2,1,80.62),(23,132,2,1,159.31),(24,132,2,1,220.42),(25,132,2,1,162.17),(26,132,2,1,90.83),(28,132,2,1,185.06),(29,132,2,1,82.19),(30,132,2,1,157.63),(31,132,2,1,170.73),(33,132,2,1,94.14),(34,132,2,1,101.83),(35,132,2,1,116.15),(36,132,2,1,137.84),(1,133,4,1,80.87),(2,133,4,1,131.75),(3,133,4,1,58.68),(4,133,4,1,69.29),(5,133,4,1,81.66),(6,133,4,1,119.06),(8,133,4,1,101.35),(9,133,4,1,73.08),(11,133,4,1,57.18),(12,133,4,1,78.64),(13,133,4,1,89.91),(15,133,4,1,76.87),(16,133,4,1,50.15),(17,133,4,1,69.21),(18,133,4,1,82.52),(19,133,4,1,136.87),(20,133,4,1,141.32),(21,133,4,1,99.57),(23,133,4,1,103.57),(24,133,4,1,133.41),(25,133,4,1,65.47),(26,133,4,1,133.33),(27,133,4,1,68.25),(28,133,4,1,129.31),(29,133,4,1,55.17),(30,133,4,1,141.1),(31,133,4,1,107.04),(32,133,4,1,55.52),(33,133,4,1,130.12),(34,133,4,1,98.73),(35,133,4,1,133.04),(36,133,4,1,142.42),(1,134,3,2,78.09),(2,134,3,2,111.46),(3,134,3,2,104.58),(5,134,3,2,46.87),(6,134,3,2,99.06),(7,134,3,2,121.12),(8,134,3,2,120.7),(10,134,3,2,60.44),(11,134,3,2,134.77),(12,134,3,2,109.4),(13,134,3,2,130.91),(15,134,3,2,126.83),(16,134,3,2,111.43),(18,134,3,2,88.75),(19,134,3,2,123.17),(20,134,3,2,98.11),(21,134,3,2,133.25),(22,134,3,2,79.69),(23,134,3,2,96.05),(24,134,3,2,101.72),(25,134,3,2,61.86),(26,134,3,2,101.1),(27,134,3,2,137.73),(28,134,3,2,70.01),(29,134,3,2,109.77),(30,134,3,2,100.27),(31,134,3,2,59.13),(32,134,3,2,86.35),(33,134,3,2,92.35),(34,134,3,2,89.34),(35,134,3,2,78.25),(36,134,3,2,132.66),(1,135,4,5,26.55),(2,135,4,5,16.57),(3,135,4,5,17.49),(4,135,4,5,14.95),(6,135,4,5,14.52),(7,135,4,5,13.14),(9,135,4,5,17.4),(10,135,4,5,10.46),(11,135,4,5,8.83),(12,135,4,5,19.65),(13,135,4,5,25.97),(14,135,4,5,23.1),(15,135,4,5,12.72),(16,135,4,5,21.21),(17,135,4,5,16.28),(18,135,4,5,25.24),(19,135,4,5,16.3),(20,135,4,5,22.05),(22,135,4,5,26.27),(23,135,4,5,9.57),(24,135,4,5,25.59),(25,135,4,5,14.97),(26,135,4,5,14.66),(27,135,4,5,15.7),(28,135,4,5,20.02),(30,135,4,5,15.34),(31,135,4,5,23.71),(32,135,4,5,16.38),(33,135,4,5,22.72),(34,135,4,5,13.57),(36,135,4,5,22.38),(1,136,5,1,-34.79),(2,136,5,1,-28.05),(3,136,5,1,-36.64),(4,136,5,1,-18.24),(5,136,5,1,-22.2),(6,136,5,1,-39.77),(7,136,5,1,-23.73),(9,136,5,1,-29.45),(10,136,5,1,-14.1),(11,136,5,1,-21.34),(12,136,5,1,-26.6),(13,136,5,1,-38.46),(14,136,5,1,-40.33),(15,136,5,1,-30.3),(17,136,5,1,-32.66),(18,136,5,1,-19.79),(19,136,5,1,-22.18),(20,136,5,1,-27.13),(21,136,5,1,-13.83),(22,136,5,1,-19.89),(23,136,5,1,-15.91),(24,136,5,1,-22.58),(25,136,5,1,-36.98),(27,136,5,1,-23.5),(28,136,5,1,-34.42),(29,136,5,1,-31.19),(30,136,5,1,-32.22),(31,136,5,1,-17.6),(32,136,5,1,-27.81),(33,136,5,1,-30.81),(34,136,5,1,-39.73),(35,136,5,1,-21.04),(36,136,5,1,-18.36),(1,138,2,5,225.6),(2,138,2,5,81.07),(3,138,2,5,103.61),(4,138,2,5,88.61),(5,138,2,5,124.17),(6,138,2,5,139.67),(7,138,2,5,148.78),(8,138,2,5,136.34),(9,138,2,5,157.97),(10,138,2,5,131.07),(11,138,2,5,164.96),(12,138,2,5,127.41),(13,138,2,5,151.51),(14,138,2,5,202.48),(15,138,2,5,212.77),(16,138,2,5,150.69),(18,138,2,5,110.67),(19,138,2,5,159.46),(20,138,2,5,186.19),(21,138,2,5,145.07),(22,138,2,5,101.41),(23,138,2,5,165.38),(24,138,2,5,140.96),(25,138,2,5,223.17),(26,138,2,5,140.23),(27,138,2,5,135.25),(28,138,2,5,115.11),(29,138,2,5,86.51),(30,138,2,5,151.55),(32,138,2,5,108.47),(33,138,2,5,223.47),(35,138,2,5,222.47),(36,138,2,5,209.97),(1,139,4,1,55.05),(2,139,4,1,27.41),(3,139,4,1,30.67),(4,139,4,1,24.61),(5,139,4,1,28.87),(7,139,4,1,51.98),(8,139,4,1,46.45),(9,139,4,1,38.49),(10,139,4,1,60.84),(11,139,4,1,60.74),(12,139,4,1,52.82),(13,139,4,1,21.19),(14,139,4,1,54.36),(15,139,4,1,59.21),(16,139,4,1,28.88),(17,139,4,1,28.59),(18,139,4,1,58.83),(19,139,4,1,21.15),(20,139,4,1,46.23),(21,139,4,1,58.48),(22,139,4,1,53.98),(23,139,4,1,53.93),(24,139,4,1,33.76),(25,139,4,1,43.44),(26,139,4,1,47.87),(27,139,4,1,33.84),(29,139,4,1,39.69),(30,139,4,1,35.13),(32,139,4,1,51.12),(33,139,4,1,29.36),(34,139,4,1,53.86),(35,139,4,1,35.33),(36,139,4,1,54.46),(1,140,5,10,-24.13),(3,140,5,10,-18.13),(4,140,5,10,-24.16),(6,140,5,10,-31.39),(7,140,5,10,-32.9),(9,140,5,10,-24.43),(10,140,5,10,-30.85),(11,140,5,10,-26.43),(12,140,5,10,-25.12),(13,140,5,10,-16.14),(14,140,5,10,-16.74),(15,140,5,10,-34.72),(16,140,5,10,-33.44),(17,140,5,10,-14.44),(18,140,5,10,-33.21),(19,140,5,10,-13.2),(20,140,5,10,-33.64),(21,140,5,10,-36.33),(22,140,5,10,-35.52),(23,140,5,10,-18.16),(24,140,5,10,-34.44),(25,140,5,10,-18.36),(26,140,5,10,-28.03),(27,140,5,10,-12.93),(28,140,5,10,-37.71),(29,140,5,10,-29.21),(30,140,5,10,-12.91),(31,140,5,10,-18.22),(32,140,5,10,-16.8),(33,140,5,10,-19),(35,140,5,10,-31.4),(36,140,5,10,-26.48),(1,141,3,10,80.84),(2,141,3,10,78.81),(3,141,3,10,150.06),(4,141,3,10,90.57),(5,141,3,10,123.49),(6,141,3,10,118.11),(7,141,3,10,97.61),(8,141,3,10,108.2),(9,141,3,10,149.42),(10,141,3,10,201.79),(11,141,3,10,206.94),(12,141,3,10,133.76),(13,141,3,10,86.49),(14,141,3,10,167.02),(15,141,3,10,69.43),(16,141,3,10,107.2),(17,141,3,10,127.66),(18,141,3,10,166.02),(19,141,3,10,110.8),(20,141,3,10,189.98),(22,141,3,10,100.64),(23,141,3,10,185.36),(24,141,3,10,202.97),(25,141,3,10,89.12),(26,141,3,10,127.66),(27,141,3,10,140.1),(28,141,3,10,160.86),(29,141,3,10,113.66),(30,141,3,10,148.66),(31,141,3,10,123.32),(33,141,3,10,205.96),(34,141,3,10,158.36),(35,141,3,10,181.68),(36,141,3,10,181.83),(1,142,2,9,108.65),(2,142,2,9,131.26),(3,142,2,9,111.56),(4,142,2,9,110.83),(6,142,2,9,168.1),(7,142,2,9,76.43),(8,142,2,9,176.39),(9,142,2,9,83.38),(10,142,2,9,92.11),(11,142,2,9,92.02),(12,142,2,9,153.77),(13,142,2,9,102.97),(14,142,2,9,124.27),(16,142,2,9,127.18),(17,142,2,9,146.02),(18,142,2,9,163.61),(19,142,2,9,171.09),(20,142,2,9,113.47),(22,142,2,9,59.62),(23,142,2,9,151.4),(25,142,2,9,105.42),(26,142,2,9,94.12),(27,142,2,9,61.27),(29,142,2,9,159.07),(30,142,2,9,130.35),(31,142,2,9,80.39),(32,142,2,9,141.33),(33,142,2,9,133.65),(34,142,2,9,92.23),(35,142,2,9,145.47),(36,142,2,9,173.92),(1,143,5,4,146.19),(2,143,5,4,93.01),(3,143,5,4,150.4),(4,143,5,4,95.08),(5,143,5,4,157.57),(6,143,5,4,53.42),(7,143,5,4,141.23),(9,143,5,4,98.57),(10,143,5,4,80.11),(11,143,5,4,78.06),(12,143,5,4,76),(13,143,5,4,114.77),(14,143,5,4,117.07),(15,143,5,4,138.95),(16,143,5,4,70.28),(17,143,5,4,152.65),(18,143,5,4,74.66),(19,143,5,4,127.6),(20,143,5,4,145.82),(21,143,5,4,154.03),(22,143,5,4,59.85),(23,143,5,4,102.19),(24,143,5,4,101.07),(25,143,5,4,116.01),(26,143,5,4,78.25),(27,143,5,4,78.43),(28,143,5,4,133.33),(29,143,5,4,91.5),(31,143,5,4,132.65),(32,143,5,4,139.57),(33,143,5,4,76.07),(34,143,5,4,151.01),(35,143,5,4,73.83),(36,143,5,4,97.28),(1,144,4,2,62.52),(2,144,4,2,24.78),(3,144,4,2,70.44),(4,144,4,2,59.01),(5,144,4,2,32.81),(6,144,4,2,24.74),(8,144,4,2,60.91),(9,144,4,2,67.82),(11,144,4,2,64.37),(12,144,4,2,27.04),(13,144,4,2,64.55),(15,144,4,2,59.97),(16,144,4,2,39.44),(17,144,4,2,49.18),(18,144,4,2,41.14),(19,144,4,2,37.86),(20,144,4,2,38.2),(21,144,4,2,29.22),(22,144,4,2,29.51),(23,144,4,2,30.47),(24,144,4,2,28.9),(26,144,4,2,53.4),(27,144,4,2,27.09),(28,144,4,2,44.72),(29,144,4,2,34.59),(30,144,4,2,51.67),(31,144,4,2,33.75),(32,144,4,2,64.06),(33,144,4,2,44.48),(34,144,4,2,47.85),(35,144,4,2,48.15),(36,144,4,2,55.55),(1,145,2,7,150.72),(2,145,2,7,74.01),(3,145,2,7,218.66),(4,145,2,7,169.92),(5,145,2,7,139.27),(6,145,2,7,214.21),(7,145,2,7,193.77),(8,145,2,7,179.62),(9,145,2,7,190.02),(10,145,2,7,120.25),(11,145,2,7,93.29),(12,145,2,7,136.28),(13,145,2,7,138.46),(14,145,2,7,165.57),(15,145,2,7,132.97),(16,145,2,7,130.58),(17,145,2,7,137.02),(18,145,2,7,93.18),(19,145,2,7,172.66),(20,145,2,7,107.47),(21,145,2,7,157.27),(22,145,2,7,108.93),(23,145,2,7,75.91),(24,145,2,7,216.28),(25,145,2,7,139.93),(26,145,2,7,183.58),(27,145,2,7,107.77),(28,145,2,7,131.94),(29,145,2,7,183.11),(30,145,2,7,155.28),(31,145,2,7,151.14),(32,145,2,7,91.01),(33,145,2,7,158.77),(34,145,2,7,174.93),(35,145,2,7,212.63),(1,146,5,5,78.22),(2,146,5,5,66.2),(3,146,5,5,50.21),(4,146,5,5,79.84),(5,146,5,5,123.55),(6,146,5,5,51.57),(7,146,5,5,81.12),(8,146,5,5,60.1),(9,146,5,5,115.49),(10,146,5,5,96.05),(11,146,5,5,128.2),(12,146,5,5,79.37),(13,146,5,5,90.7),(14,146,5,5,110.26),(15,146,5,5,121.92),(16,146,5,5,77.98),(17,146,5,5,94.11),(18,146,5,5,43.45),(19,146,5,5,84.91),(20,146,5,5,126.97),(21,146,5,5,84.7),(23,146,5,5,63.53),(24,146,5,5,82.38),(25,146,5,5,59.07),(26,146,5,5,43.77),(27,146,5,5,63.74),(28,146,5,5,121.83),(29,146,5,5,113.48),(30,146,5,5,108.3),(31,146,5,5,102.43),(32,146,5,5,125.9),(33,146,5,5,127.99),(34,146,5,5,85.22),(35,146,5,5,95.55),(36,146,5,5,99.47),(1,147,4,1,237.58),(2,147,4,1,122.32),(3,147,4,1,135.29),(4,147,4,1,145.31),(5,147,4,1,90.2),(6,147,4,1,128.86),(8,147,4,1,181.26),(9,147,4,1,192.78),(10,147,4,1,212.25),(11,147,4,1,140.26),(12,147,4,1,217.9),(13,147,4,1,83.83),(14,147,4,1,96.61),(15,147,4,1,169.32),(16,147,4,1,228.54),(18,147,4,1,207.24),(19,147,4,1,90.59),(20,147,4,1,159.5),(21,147,4,1,183.45),(22,147,4,1,181.78),(23,147,4,1,168.03),(24,147,4,1,230.65),(25,147,4,1,154.72),(26,147,4,1,78.15),(27,147,4,1,78.29),(28,147,4,1,174.56),(29,147,4,1,153.77),(30,147,4,1,120.59),(31,147,4,1,220.98),(32,147,4,1,235.52),(33,147,4,1,120.55),(34,147,4,1,238.4),(35,147,4,1,204.93),(36,147,4,1,123.46),(1,148,3,6,-60.5),(2,148,3,6,-101.61),(3,148,3,6,-105.77),(5,148,3,6,-63.97),(6,148,3,6,-91.93),(7,148,3,6,-96.7),(8,148,3,6,-77.08),(9,148,3,6,-79.52),(10,148,3,6,-76.06),(11,148,3,6,-65.32),(12,148,3,6,-76.57),(13,148,3,6,-57.7),(14,148,3,6,-76.22),(15,148,3,6,-61.76),(16,148,3,6,-63.55),(17,148,3,6,-49.49),(18,148,3,6,-38.08),(19,148,3,6,-38.67),(20,148,3,6,-39.92),(21,148,3,6,-63.33),(22,148,3,6,-104.08),(23,148,3,6,-51.99),(24,148,3,6,-73.39),(25,148,3,6,-104.04),(27,148,3,6,-68.41),(28,148,3,6,-79.28),(29,148,3,6,-80.24),(30,148,3,6,-46.01),(31,148,3,6,-85.76),(32,148,3,6,-68.52),(33,148,3,6,-71.89),(34,148,3,6,-56.68),(35,148,3,6,-92.35),(36,148,3,6,-106.66),(1,149,3,3,-30.67),(2,149,3,3,-30.82),(4,149,3,3,-44.27),(5,149,3,3,-32.29),(6,149,3,3,-34.35),(7,149,3,3,-25.58),(8,149,3,3,-58.74),(9,149,3,3,-54.99),(11,149,3,3,-38.06),(12,149,3,3,-35.7),(13,149,3,3,-28),(14,149,3,3,-59.89),(15,149,3,3,-50.87),(16,149,3,3,-24.73),(17,149,3,3,-49.89),(18,149,3,3,-25.84),(19,149,3,3,-57.18),(20,149,3,3,-54.44),(21,149,3,3,-56.45),(22,149,3,3,-56.09),(23,149,3,3,-24.91),(24,149,3,3,-55.95),(25,149,3,3,-34.68),(26,149,3,3,-40.07),(27,149,3,3,-56.63),(28,149,3,3,-34.63),(29,149,3,3,-27.35),(30,149,3,3,-51.94),(31,149,3,3,-48.83),(32,149,3,3,-36.01),(33,149,3,3,-24.13),(34,149,3,3,-33.06),(35,149,3,3,-27.93),(1,151,4,9,173.03),(2,151,4,9,182.67),(3,151,4,9,139.5),(4,151,4,9,168.86),(5,151,4,9,171.49),(6,151,4,9,136.23),(7,151,4,9,132.8),(8,151,4,9,223.63),(9,151,4,9,193.97),(11,151,4,9,144.19),(12,151,4,9,186.98),(13,151,4,9,96.16),(14,151,4,9,210.98),(15,151,4,9,125.02),(16,151,4,9,159.75),(17,151,4,9,232.84),(18,151,4,9,248.24),(19,151,4,9,232.84),(20,151,4,9,167.78),(21,151,4,9,151.59),(22,151,4,9,168.09),(23,151,4,9,188.51),(24,151,4,9,263.28),(25,151,4,9,160.03),(26,151,4,9,202.61),(28,151,4,9,125.39),(29,151,4,9,262.21),(30,151,4,9,243.85),(31,151,4,9,161.86),(32,151,4,9,163.87),(33,151,4,9,231.72),(34,151,4,9,188.49),(35,151,4,9,208.3),(1,152,3,5,47.54),(2,152,3,5,89.76),(3,152,3,5,73.9),(4,152,3,5,88.16),(5,152,3,5,64.25),(7,152,3,5,39.06),(8,152,3,5,81.55),(9,152,3,5,30.28),(10,152,3,5,89.05),(11,152,3,5,53.2),(12,152,3,5,76.52),(13,152,3,5,69.93),(14,152,3,5,44.78),(16,152,3,5,51.27),(17,152,3,5,93.57),(18,152,3,5,77.69),(19,152,3,5,43.61),(20,152,3,5,69.77),(21,152,3,5,36.73),(22,152,3,5,49.37),(23,152,3,5,84.19),(24,152,3,5,38.27),(25,152,3,5,68.32),(26,152,3,5,91.88),(27,152,3,5,70.65),(28,152,3,5,40.58),(29,152,3,5,87.36),(30,152,3,5,31.71),(31,152,3,5,90.11),(32,152,3,5,61.15),(33,152,3,5,73.26),(34,152,3,5,63.58),(35,152,3,5,75.65),(1,154,4,2,24.87),(2,154,4,2,26.27),(3,154,4,2,16.83),(5,154,4,2,42.36),(6,154,4,2,30.88),(7,154,4,2,35.62),(8,154,4,2,33.72),(9,154,4,2,18.62),(10,154,4,2,20.37),(12,154,4,2,42.69),(13,154,4,2,32.92),(14,154,4,2,26.83),(15,154,4,2,22.78),(16,154,4,2,17.53),(17,154,4,2,26.97),(18,154,4,2,31.54),(19,154,4,2,46.34),(20,154,4,2,48.06),(21,154,4,2,15.87),(22,154,4,2,38.85),(23,154,4,2,34.98),(24,154,4,2,39.6),(25,154,4,2,19.18),(26,154,4,2,45.49),(27,154,4,2,45.8),(28,154,4,2,20.53),(29,154,4,2,19.4),(30,154,4,2,19.56),(31,154,4,2,45.72),(32,154,4,2,31.84),(33,154,4,2,23.72),(34,154,4,2,26.58),(35,154,4,2,27.08),(36,154,4,2,24.98),(1,155,4,6,-145.37),(2,155,4,6,-111.71),(3,155,4,6,-59.5),(4,155,4,6,-93.15),(5,155,4,6,-77.39),(6,155,4,6,-128.51),(7,155,4,6,-78.41),(8,155,4,6,-151.12),(9,155,4,6,-132.61),(10,155,4,6,-128.37),(11,155,4,6,-53.35),(13,155,4,6,-142.88),(14,155,4,6,-82.03),(16,155,4,6,-149.58),(17,155,4,6,-60.79),(18,155,4,6,-107.25),(19,155,4,6,-93.56),(20,155,4,6,-86.79),(21,155,4,6,-84.82),(22,155,4,6,-129.07),(23,155,4,6,-135.27),(25,155,4,6,-138.65),(26,155,4,6,-114.9),(27,155,4,6,-57.1),(28,155,4,6,-135.14),(29,155,4,6,-99.25),(30,155,4,6,-144.04),(31,155,4,6,-66.62),(32,155,4,6,-152.53),(33,155,4,6,-120.99),(34,155,4,6,-77.82),(36,155,4,6,-59.61),(1,158,5,9,164.6),(2,158,5,9,227.16),(3,158,5,9,169.54),(5,158,5,9,204.74),(6,158,5,9,197.27),(7,158,5,9,233.23),(8,158,5,9,200.83),(9,158,5,9,126.41),(10,158,5,9,122.39),(11,158,5,9,228.35),(12,158,5,9,185.78),(13,158,5,9,104.53),(14,158,5,9,142.69),(15,158,5,9,207.94),(16,158,5,9,79.06),(18,158,5,9,110.81),(19,158,5,9,122.59),(20,158,5,9,83.4),(21,158,5,9,149.69),(22,158,5,9,119.52),(23,158,5,9,188.9),(24,158,5,9,106.96),(25,158,5,9,157.39),(26,158,5,9,222.68),(27,158,5,9,95.25),(28,158,5,9,216.33),(29,158,5,9,117.6),(31,158,5,9,145.92),(32,158,5,9,189.47),(33,158,5,9,117.17),(34,158,5,9,178.99),(35,158,5,9,98.41),(36,158,5,9,105.83),(1,160,5,2,47.91),(2,160,5,2,57.41),(4,160,5,2,90.35),(5,160,5,2,87.05),(6,160,5,2,53.02),(7,160,5,2,81.81),(8,160,5,2,46.99),(9,160,5,2,77.97),(10,160,5,2,34.49),(11,160,5,2,77.91),(12,160,5,2,62.96),(13,160,5,2,80.03),(14,160,5,2,53.39),(15,160,5,2,56.77),(16,160,5,2,55.81),(17,160,5,2,82.53),(18,160,5,2,80.29),(19,160,5,2,80.02),(20,160,5,2,38.36),(21,160,5,2,81.06),(22,160,5,2,38.62),(23,160,5,2,71.23),(24,160,5,2,67.83),(25,160,5,2,38.18),(26,160,5,2,68.33),(27,160,5,2,60.47),(28,160,5,2,87.61),(29,160,5,2,43.6),(30,160,5,2,68.5),(31,160,5,2,75.98),(32,160,5,2,29.9),(33,160,5,2,59.99),(34,160,5,2,53.11),(35,160,5,2,41.81),(1,161,4,4,-51.55),(2,161,4,4,-27.82),(4,161,4,4,-25.64),(5,161,4,4,-57.46),(6,161,4,4,-31.65),(7,161,4,4,-27.82),(8,161,4,4,-32.2),(9,161,4,4,-50.34),(10,161,4,4,-55.8),(11,161,4,4,-41.82),(12,161,4,4,-37.81),(13,161,4,4,-22.48),(14,161,4,4,-25.27),(16,161,4,4,-50.59),(17,161,4,4,-51.48),(18,161,4,4,-24.98),(19,161,4,4,-39.92),(20,161,4,4,-22.2),(21,161,4,4,-41.61),(23,161,4,4,-27.73),(24,161,4,4,-41.55),(25,161,4,4,-37.87),(26,161,4,4,-43.3),(27,161,4,4,-52.33),(28,161,4,4,-57.73),(29,161,4,4,-43.75),(30,161,4,4,-22.62),(32,161,4,4,-25.27),(33,161,4,4,-28.67),(34,161,4,4,-32.52),(35,161,4,4,-55.84),(36,161,4,4,-46.88),(1,163,5,6,117.35),(2,163,5,6,137.7),(3,163,5,6,118.01),(4,163,5,6,111.59),(5,163,5,6,89.81),(6,163,5,6,172.91),(7,163,5,6,167.43),(8,163,5,6,133.85),(9,163,5,6,142.3),(10,163,5,6,176.96),(11,163,5,6,99.84),(12,163,5,6,171.99),(13,163,5,6,83.46),(14,163,5,6,141.52),(15,163,5,6,147.73),(16,163,5,6,144.14),(17,163,5,6,97.21),(19,163,5,6,140.63),(20,163,5,6,67.87),(21,163,5,6,131.01),(22,163,5,6,179.18),(23,163,5,6,107.16),(25,163,5,6,114.12),(26,163,5,6,66.92),(27,163,5,6,60.77),(28,163,5,6,136.07),(29,163,5,6,104.47),(31,163,5,6,177.01),(32,163,5,6,122.51),(33,163,5,6,126.53),(35,163,5,6,174.7),(36,163,5,6,139.27),(1,164,3,1,-94.9),(2,164,3,1,-60.26),(3,164,3,1,-77.9),(4,164,3,1,-72.78),(5,164,3,1,-103.18),(7,164,3,1,-120.29),(8,164,3,1,-84.94),(9,164,3,1,-41.39),(10,164,3,1,-91.15),(11,164,3,1,-115.16),(12,164,3,1,-39.45),(13,164,3,1,-97.16),(14,164,3,1,-67.43),(15,164,3,1,-47.74),(16,164,3,1,-51.63),(17,164,3,1,-68.3),(18,164,3,1,-76.94),(19,164,3,1,-62.43),(20,164,3,1,-69.73),(21,164,3,1,-97.64),(22,164,3,1,-69.09),(23,164,3,1,-63.9),(24,164,3,1,-69.81),(25,164,3,1,-72.15),(26,164,3,1,-43.72),(27,164,3,1,-82.48),(28,164,3,1,-106.13),(29,164,3,1,-81.25),(30,164,3,1,-70.46),(31,164,3,1,-81.74),(32,164,3,1,-51.65),(33,164,3,1,-83.13),(35,164,3,1,-51.3),(36,164,3,1,-108.28),(1,165,5,5,144.49),(2,165,5,5,100.6),(3,165,5,5,184.45),(4,165,5,5,125.57),(5,165,5,5,112.2),(7,165,5,5,192.94),(8,165,5,5,97.49),(9,165,5,5,126.95),(10,165,5,5,144.22),(11,165,5,5,68.01),(12,165,5,5,73.92),(13,165,5,5,84.17),(14,165,5,5,159.25),(15,165,5,5,136.15),(16,165,5,5,125.06),(17,165,5,5,136.42),(19,165,5,5,80.43),(20,165,5,5,109.62),(22,165,5,5,113.52),(23,165,5,5,68.08),(25,165,5,5,141.95),(26,165,5,5,130.08),(27,165,5,5,204.84),(28,165,5,5,71.91),(29,165,5,5,112.49),(30,165,5,5,157.33),(31,165,5,5,175.58),(32,165,5,5,83.74),(33,165,5,5,76.19),(34,165,5,5,125.51),(35,165,5,5,124.09),(36,165,5,5,196.17),(1,167,4,1,147.46),(2,167,4,1,258.55),(3,167,4,1,115.1),(4,167,4,1,148.53),(5,167,4,1,102.16),(6,167,4,1,118.28),(7,167,4,1,211.19),(8,167,4,1,194.67),(9,167,4,1,99.14),(10,167,4,1,278.09),(11,167,4,1,116.33),(12,167,4,1,263.29),(13,167,4,1,268.56),(14,167,4,1,285.1),(15,167,4,1,262.81),(16,167,4,1,163.24),(17,167,4,1,267.39),(18,167,4,1,266.56),(19,167,4,1,130.41),(20,167,4,1,257.76),(21,167,4,1,268.5),(22,167,4,1,164.68),(23,167,4,1,130.64),(24,167,4,1,142.83),(25,167,4,1,255.89),(26,167,4,1,181.17),(27,167,4,1,248.75),(28,167,4,1,277.37),(29,167,4,1,142.71),(30,167,4,1,108.9),(31,167,4,1,282.64),(32,167,4,1,177.59),(33,167,4,1,131.11),(34,167,4,1,260.36),(35,167,4,1,130.24),(36,167,4,1,143.99),(1,168,3,9,92.23),(2,168,3,9,94.35),(3,168,3,9,49.94),(4,168,3,9,49.68),(5,168,3,9,80.23),(6,168,3,9,96.16),(7,168,3,9,88.07),(8,168,3,9,86.87),(9,168,3,9,59.03),(10,168,3,9,40.39),(11,168,3,9,53.51),(12,168,3,9,45.95),(13,168,3,9,82.57),(14,168,3,9,69.21),(15,168,3,9,87.1),(16,168,3,9,50.41),(17,168,3,9,44.79),(18,168,3,9,59.92),(19,168,3,9,104.25),(20,168,3,9,79.13),(21,168,3,9,90.42),(22,168,3,9,66.98),(23,168,3,9,35.5),(24,168,3,9,59.3),(25,168,3,9,40.8),(26,168,3,9,65.75),(27,168,3,9,85.17),(28,168,3,9,48.85),(29,168,3,9,55.34),(30,168,3,9,72.22),(31,168,3,9,76.49),(32,168,3,9,78.65),(33,168,3,9,93.19),(34,168,3,9,65.81),(35,168,3,9,104.24),(36,168,3,9,84.22),(1,169,2,3,187.77),(2,169,2,3,165.47),(3,169,2,3,203.44),(4,169,2,3,184.64),(6,169,2,3,232.07),(7,169,2,3,236.68),(8,169,2,3,176.66),(9,169,2,3,92.95),(11,169,2,3,108.73),(12,169,2,3,111.26),(13,169,2,3,149.54),(14,169,2,3,233.97),(15,169,2,3,104.88),(17,169,2,3,143.39),(18,169,2,3,128.61),(19,169,2,3,92.66),(20,169,2,3,100.43),(21,169,2,3,123.02),(23,169,2,3,157.08),(24,169,2,3,122.1),(25,169,2,3,205.96),(26,169,2,3,113.97),(27,169,2,3,109.16),(28,169,2,3,133.27),(29,169,2,3,231.79),(30,169,2,3,174.01),(32,169,2,3,166.63),(33,169,2,3,109.43),(34,169,2,3,224.31),(35,169,2,3,152.68),(36,169,2,3,95.65),(1,170,5,9,25.41),(2,170,5,9,21.26),(3,170,5,9,15.77),(4,170,5,9,19.14),(5,170,5,9,19.9),(6,170,5,9,34.67),(7,170,5,9,22.93),(8,170,5,9,26.32),(9,170,5,9,15.91),(10,170,5,9,31.9),(11,170,5,9,34.18),(12,170,5,9,16.36),(14,170,5,9,13.12),(15,170,5,9,13.15),(16,170,5,9,17.27),(17,170,5,9,22.2),(18,170,5,9,25.97),(19,170,5,9,16.51),(20,170,5,9,28.57),(21,170,5,9,15.48),(23,170,5,9,37.45),(24,170,5,9,31.85),(26,170,5,9,33.34),(27,170,5,9,29.56),(28,170,5,9,14.75),(29,170,5,9,26.79),(30,170,5,9,13.07),(31,170,5,9,16.15),(32,170,5,9,32.43),(33,170,5,9,33.08),(34,170,5,9,20.12),(36,170,5,9,27.97),(1,172,2,5,-6.1),(2,172,2,5,-4.5),(3,172,2,5,-2.81),(4,172,2,5,-4.43),(6,172,2,5,-4.3),(7,172,2,5,-6.54),(8,172,2,5,-6.3),(9,172,2,5,-2.59),(10,172,2,5,-4.22),(12,172,2,5,-5.02),(13,172,2,5,-4.14),(14,172,2,5,-4.94),(15,172,2,5,-6.84),(16,172,2,5,-2.29),(17,172,2,5,-4.92),(18,172,2,5,-5.06),(19,172,2,5,-5.14),(20,172,2,5,-4.38),(21,172,2,5,-5.73),(22,172,2,5,-5.53),(24,172,2,5,-3.8),(25,172,2,5,-2.64),(27,172,2,5,-5.85),(28,172,2,5,-5.05),(29,172,2,5,-4.99),(30,172,2,5,-2.34),(31,172,2,5,-4.3),(32,172,2,5,-4.86),(33,172,2,5,-6.97),(34,172,2,5,-4.78),(35,172,2,5,-3.58),(36,172,2,5,-5.86),(1,173,2,3,-31.59),(3,173,2,3,-38.39),(4,173,2,3,-68.59),(5,173,2,3,-31.61),(6,173,2,3,-62.43),(7,173,2,3,-31.4),(8,173,2,3,-42.51),(9,173,2,3,-38.46),(10,173,2,3,-49.47),(11,173,2,3,-23.24),(12,173,2,3,-29.84),(14,173,2,3,-59.79),(15,173,2,3,-58.33),(16,173,2,3,-62.84),(17,173,2,3,-43.7),(18,173,2,3,-39.3),(19,173,2,3,-47.93),(21,173,2,3,-45.08),(22,173,2,3,-24.24),(23,173,2,3,-55.43),(24,173,2,3,-31.67),(25,173,2,3,-53.8),(26,173,2,3,-43.42),(27,173,2,3,-61.25),(28,173,2,3,-69.38),(29,173,2,3,-55.45),(30,173,2,3,-67.53),(31,173,2,3,-33.59),(32,173,2,3,-27.34),(33,173,2,3,-30.45),(34,173,2,3,-42.63),(35,173,2,3,-29.15),(36,173,2,3,-61.39),(1,174,4,2,-56.77),(2,174,4,2,-50.88),(3,174,4,2,-28.47),(4,174,4,2,-62.24),(5,174,4,2,-21.39),(6,174,4,2,-26.6),(7,174,4,2,-57.89),(8,174,4,2,-27.53),(9,174,4,2,-57.84),(10,174,4,2,-34.46),(12,174,4,2,-54.97),(13,174,4,2,-21.57),(14,174,4,2,-57.77),(15,174,4,2,-60.45),(16,174,4,2,-58.66),(17,174,4,2,-40.9),(18,174,4,2,-53.15),(19,174,4,2,-27.9),(20,174,4,2,-42.67),(21,174,4,2,-56.56),(22,174,4,2,-63.18),(23,174,4,2,-52.6),(24,174,4,2,-36.18),(25,174,4,2,-41.42),(26,174,4,2,-31.71),(27,174,4,2,-25.69),(28,174,4,2,-27.82),(29,174,4,2,-37.36),(30,174,4,2,-45.65),(31,174,4,2,-33.74),(32,174,4,2,-34.68),(33,174,4,2,-31.98),(34,174,4,2,-52.77),(35,174,4,2,-40.41),(36,174,4,2,-48.61),(1,175,2,3,31.52),(2,175,2,3,35.81),(3,175,2,3,32.4),(4,175,2,3,32.41),(5,175,2,3,35.64),(6,175,2,3,19.49),(7,175,2,3,37.88),(8,175,2,3,30.41),(9,175,2,3,30.89),(11,175,2,3,36.3),(12,175,2,3,14.95),(13,175,2,3,31.39),(14,175,2,3,20),(15,175,2,3,40.63),(16,175,2,3,41.32),(17,175,2,3,27.48),(18,175,2,3,25.37),(19,175,2,3,28.71),(20,175,2,3,34.22),(21,175,2,3,32.45),(22,175,2,3,33.86),(23,175,2,3,23.06),(24,175,2,3,20.36),(25,175,2,3,22.98),(26,175,2,3,29.08),(27,175,2,3,25.24),(28,175,2,3,29.8),(29,175,2,3,26.71),(30,175,2,3,26.75),(31,175,2,3,13.64),(32,175,2,3,14.57),(33,175,2,3,39.09),(34,175,2,3,39.09),(35,175,2,3,32.75),(36,175,2,3,27.65),(1,178,4,9,69.79),(2,178,4,9,67.81),(3,178,4,9,127.84),(4,178,4,9,53.48),(5,178,4,9,53.04),(6,178,4,9,76.22),(7,178,4,9,105.12),(9,178,4,9,89.22),(10,178,4,9,52.58),(11,178,4,9,99.62),(12,178,4,9,133.25),(13,178,4,9,127.16),(14,178,4,9,122.82),(15,178,4,9,105.07),(16,178,4,9,119.98),(18,178,4,9,99.2),(19,178,4,9,100.53),(20,178,4,9,106.72),(21,178,4,9,50.14),(22,178,4,9,44.28),(23,178,4,9,131.59),(24,178,4,9,86.68),(25,178,4,9,128.48),(26,178,4,9,98.59),(28,178,4,9,66.3),(29,178,4,9,71.24),(30,178,4,9,45.27),(31,178,4,9,112.44),(33,178,4,9,62.85),(34,178,4,9,118.04),(35,178,4,9,61.92),(36,178,4,9,104.31),(1,179,4,5,-46.7),(2,179,4,5,-19.67),(4,179,4,5,-24.13),(5,179,4,5,-23.66),(6,179,4,5,-45.14),(7,179,4,5,-46.15),(8,179,4,5,-32.32),(9,179,4,5,-35.33),(10,179,4,5,-41.97),(11,179,4,5,-27.55),(12,179,4,5,-30.27),(13,179,4,5,-22.94),(14,179,4,5,-30.78),(15,179,4,5,-35.27),(16,179,4,5,-29.3),(18,179,4,5,-21.32),(19,179,4,5,-35.52),(20,179,4,5,-16.62),(21,179,4,5,-20.11),(22,179,4,5,-42.07),(23,179,4,5,-43.46),(25,179,4,5,-41.33),(26,179,4,5,-15.78),(27,179,4,5,-41.85),(28,179,4,5,-28.8),(29,179,4,5,-46.29),(30,179,4,5,-46.53),(31,179,4,5,-37.78),(32,179,4,5,-47.51),(33,179,4,5,-46.53),(34,179,4,5,-24.04),(35,179,4,5,-36.64),(36,179,4,5,-15.8),(1,180,4,7,37.41),(3,180,4,7,81.36),(4,180,4,7,48.28),(5,180,4,7,79.32),(6,180,4,7,34.6),(7,180,4,7,38.15),(8,180,4,7,51.5),(9,180,4,7,55.65),(10,180,4,7,45.19),(12,180,4,7,67.47),(13,180,4,7,29.25),(15,180,4,7,45.06),(16,180,4,7,81.17),(17,180,4,7,66.33),(19,180,4,7,68.14),(20,180,4,7,56.19),(21,180,4,7,57.72),(22,180,4,7,40.75),(23,180,4,7,45.71),(24,180,4,7,67.22),(25,180,4,7,44.5),(26,180,4,7,80.5),(28,180,4,7,42.85),(29,180,4,7,41.32),(30,180,4,7,27.63),(31,180,4,7,30.21),(32,180,4,7,38.98),(33,180,4,7,49.53),(34,180,4,7,49.56),(35,180,4,7,53.56),(36,180,4,7,43.99),(1,181,4,6,-132.48),(2,181,4,6,-106.89),(3,181,4,6,-101.41),(4,181,4,6,-92.87),(5,181,4,6,-69.19),(7,181,4,6,-54.83),(8,181,4,6,-101.25),(9,181,4,6,-54.7),(10,181,4,6,-85.51),(11,181,4,6,-77.23),(12,181,4,6,-88.38),(13,181,4,6,-65),(14,181,4,6,-58.33),(15,181,4,6,-117.7),(16,181,4,6,-113.69),(17,181,4,6,-47),(18,181,4,6,-128.64),(19,181,4,6,-125.78),(20,181,4,6,-133.57),(21,181,4,6,-68.78),(22,181,4,6,-103.95),(23,181,4,6,-44.36),(24,181,4,6,-102.33),(25,181,4,6,-71.46),(26,181,4,6,-122.03),(27,181,4,6,-98.5),(28,181,4,6,-109.5),(30,181,4,6,-124.55),(31,181,4,6,-57.92),(32,181,4,6,-46.34),(33,181,4,6,-89.74),(34,181,4,6,-43.52),(35,181,4,6,-121.26),(36,181,4,6,-116.77),(1,182,4,3,-90.03),(2,182,4,3,-82.93),(3,182,4,3,-85.08),(4,182,4,3,-93.66),(5,182,4,3,-57.77),(6,182,4,3,-71.94),(7,182,4,3,-33.98),(8,182,4,3,-97.03),(9,182,4,3,-88.37),(10,182,4,3,-55.01),(11,182,4,3,-50.97),(12,182,4,3,-96.75),(13,182,4,3,-44.37),(14,182,4,3,-32.71),(15,182,4,3,-74.79),(16,182,4,3,-58.83),(17,182,4,3,-34.83),(18,182,4,3,-50.25),(19,182,4,3,-33.13),(20,182,4,3,-49.37),(21,182,4,3,-53.52),(22,182,4,3,-80.37),(23,182,4,3,-86.17),(24,182,4,3,-64.33),(26,182,4,3,-89.28),(27,182,4,3,-65),(28,182,4,3,-84.77),(29,182,4,3,-41),(31,182,4,3,-82.61),(32,182,4,3,-70.43),(33,182,4,3,-36.5),(34,182,4,3,-50.82),(35,182,4,3,-71.49),(36,182,4,3,-76.84),(1,184,3,10,121.88),(2,184,3,10,133.2),(3,184,3,10,86.04),(5,184,3,10,66.24),(6,184,3,10,134.26),(7,184,3,10,104.45),(8,184,3,10,52.88),(9,184,3,10,74),(10,184,3,10,67.87),(11,184,3,10,71.51),(12,184,3,10,71.56),(13,184,3,10,53.32),(14,184,3,10,125.46),(15,184,3,10,118.99),(16,184,3,10,128.53),(17,184,3,10,82.57),(18,184,3,10,140.77),(20,184,3,10,113.76),(21,184,3,10,135.16),(22,184,3,10,82.97),(23,184,3,10,136.74),(24,184,3,10,74.06),(25,184,3,10,144.2),(26,184,3,10,105.12),(27,184,3,10,94.41),(28,184,3,10,47.67),(29,184,3,10,65.32),(30,184,3,10,86.11),(31,184,3,10,110.84),(32,184,3,10,114.6),(33,184,3,10,79.11),(34,184,3,10,71.25),(35,184,3,10,74.84),(36,184,3,10,88.46),(1,186,4,3,74.9),(2,186,4,3,68.79),(3,186,4,3,85.57),(4,186,4,3,54.54),(5,186,4,3,81.66),(6,186,4,3,44.04),(7,186,4,3,47.8),(8,186,4,3,72.61),(10,186,4,3,36.82),(11,186,4,3,45.31),(12,186,4,3,87.41),(13,186,4,3,34.46),(14,186,4,3,77.79),(15,186,4,3,36.99),(16,186,4,3,63.51),(17,186,4,3,49.56),(18,186,4,3,44.23),(20,186,4,3,66.21),(21,186,4,3,34.81),(22,186,4,3,65.79),(23,186,4,3,43.82),(25,186,4,3,82.45),(26,186,4,3,92.02),(27,186,4,3,31.34),(28,186,4,3,85.39),(29,186,4,3,69.72),(31,186,4,3,76.55),(32,186,4,3,58.65),(33,186,4,3,91.72),(34,186,4,3,77.82),(35,186,4,3,63.14),(36,186,4,3,61.68),(1,187,3,6,42.62),(2,187,3,6,31.28),(3,187,3,6,42.84),(4,187,3,6,52.3),(5,187,3,6,20.42),(6,187,3,6,41.56),(7,187,3,6,30.8),(8,187,3,6,49.03),(9,187,3,6,26.44),(10,187,3,6,39.27),(11,187,3,6,47.87),(12,187,3,6,53.99),(13,187,3,6,33.34),(14,187,3,6,30.11),(15,187,3,6,29.54),(16,187,3,6,50.9),(17,187,3,6,47.51),(18,187,3,6,37.35),(19,187,3,6,55.99),(20,187,3,6,25.04),(21,187,3,6,33.51),(22,187,3,6,52.88),(23,187,3,6,49.16),(24,187,3,6,54.54),(25,187,3,6,41.65),(26,187,3,6,36.55),(27,187,3,6,21.29),(28,187,3,6,24.39),(29,187,3,6,35.65),(30,187,3,6,41.39),(31,187,3,6,23.5),(32,187,3,6,46.65),(33,187,3,6,39.59),(34,187,3,6,38.82),(35,187,3,6,44.84),(1,188,5,4,87.89),(2,188,5,4,116.44),(3,188,5,4,133.19),(4,188,5,4,118.43),(5,188,5,4,149.12),(6,188,5,4,151.58),(7,188,5,4,57),(8,188,5,4,95.24),(9,188,5,4,151.1),(10,188,5,4,68.72),(12,188,5,4,56.8),(13,188,5,4,137.14),(14,188,5,4,130.27),(15,188,5,4,94.43),(16,188,5,4,70.76),(17,188,5,4,75.69),(18,188,5,4,72.88),(19,188,5,4,119.65),(20,188,5,4,122.08),(21,188,5,4,79.5),(22,188,5,4,90.85),(23,188,5,4,123.11),(24,188,5,4,136.26),(25,188,5,4,125.36),(26,188,5,4,56.83),(27,188,5,4,87.17),(28,188,5,4,97.46),(29,188,5,4,69.65),(30,188,5,4,51.37),(31,188,5,4,151.67),(32,188,5,4,100.56),(34,188,5,4,79.32),(35,188,5,4,87.72),(36,188,5,4,90.48),(1,190,5,7,240.45),(2,190,5,7,169.83),(3,190,5,7,124.18),(4,190,5,7,229.32),(5,190,5,7,123.54),(6,190,5,7,108.79),(7,190,5,7,84.49),(8,190,5,7,94.03),(9,190,5,7,108.02),(11,190,5,7,149.86),(12,190,5,7,94.64),(13,190,5,7,118.46),(14,190,5,7,212.91),(15,190,5,7,137.21),(16,190,5,7,116.59),(18,190,5,7,222.96),(19,190,5,7,240.69),(21,190,5,7,172.03),(22,190,5,7,124.73),(23,190,5,7,101.26),(24,190,5,7,172.4),(25,190,5,7,144.61),(26,190,5,7,148.74),(27,190,5,7,156.06),(28,190,5,7,133.47),(29,190,5,7,115.81),(30,190,5,7,198.85),(31,190,5,7,244.33),(33,190,5,7,150.6),(34,190,5,7,223.02),(35,190,5,7,145.11),(36,190,5,7,180.46),(1,191,4,10,-122.64),(2,191,4,10,-110.81),(3,191,4,10,-104.22),(4,191,4,10,-106.53),(5,191,4,10,-116.87),(6,191,4,10,-69.43),(7,191,4,10,-43.74),(8,191,4,10,-116.34),(9,191,4,10,-127.62),(10,191,4,10,-67.94),(11,191,4,10,-115),(12,191,4,10,-68.96),(13,191,4,10,-77.04),(14,191,4,10,-92.28),(15,191,4,10,-64.67),(16,191,4,10,-80.81),(17,191,4,10,-66.31),(18,191,4,10,-130.96),(19,191,4,10,-117.1),(20,191,4,10,-53.49),(21,191,4,10,-66.25),(22,191,4,10,-133.74),(23,191,4,10,-83.3),(24,191,4,10,-100.06),(25,191,4,10,-86.95),(26,191,4,10,-84.34),(27,191,4,10,-43.82),(28,191,4,10,-81.65),(29,191,4,10,-96.57),(30,191,4,10,-95.94),(31,191,4,10,-50.77),(32,191,4,10,-79.41),(33,191,4,10,-68.86),(35,191,4,10,-53.03),(36,191,4,10,-95.51),(1,192,2,7,-42.34),(2,192,2,7,-31.2),(3,192,2,7,-63.25),(4,192,2,7,-73.63),(5,192,2,7,-30.04),(6,192,2,7,-74.04),(7,192,2,7,-75.99),(8,192,2,7,-33.79),(9,192,2,7,-76.29),(10,192,2,7,-35.38),(11,192,2,7,-48.81),(12,192,2,7,-44.68),(13,192,2,7,-83.25),(14,192,2,7,-39.16),(15,192,2,7,-80.62),(17,192,2,7,-69.38),(18,192,2,7,-37.95),(19,192,2,7,-46.68),(20,192,2,7,-29.29),(21,192,2,7,-62.96),(23,192,2,7,-27.47),(24,192,2,7,-57.36),(25,192,2,7,-45.46),(26,192,2,7,-32.92),(27,192,2,7,-53.53),(28,192,2,7,-69.44),(29,192,2,7,-38.14),(30,192,2,7,-54.01),(32,192,2,7,-29.37),(33,192,2,7,-70.86),(34,192,2,7,-58.85),(35,192,2,7,-65.06),(36,192,2,7,-28.62),(1,193,3,4,6.45),(2,193,3,4,11.17),(3,193,3,4,6.64),(4,193,3,4,13.4),(5,193,3,4,6.71),(6,193,3,4,10.46),(7,193,3,4,6.27),(8,193,3,4,14.83),(9,193,3,4,7.31),(10,193,3,4,9.93),(11,193,3,4,7.78),(12,193,3,4,5.07),(13,193,3,4,10.56),(14,193,3,4,5.27),(15,193,3,4,11.25),(16,193,3,4,13.97),(17,193,3,4,13.76),(18,193,3,4,12.39),(19,193,3,4,13.58),(21,193,3,4,5.68),(22,193,3,4,9.46),(23,193,3,4,12.72),(24,193,3,4,15.06),(25,193,3,4,14.84),(26,193,3,4,12.77),(28,193,3,4,9.63),(29,193,3,4,7.23),(30,193,3,4,6.79),(31,193,3,4,11.82),(32,193,3,4,10.71),(33,193,3,4,11.93),(34,193,3,4,13.28),(35,193,3,4,4.97),(36,193,3,4,12.23),(1,194,4,1,-42.77),(2,194,4,1,-80.66),(3,194,4,1,-92.53),(4,194,4,1,-87.75),(5,194,4,1,-70.75),(6,194,4,1,-70.5),(7,194,4,1,-50.92),(8,194,4,1,-45.39),(9,194,4,1,-50.12),(10,194,4,1,-44.29),(11,194,4,1,-93.5),(12,194,4,1,-52.58),(13,194,4,1,-52.15),(14,194,4,1,-53.61),(15,194,4,1,-42.34),(16,194,4,1,-60.04),(17,194,4,1,-85.98),(18,194,4,1,-110.18),(19,194,4,1,-93.36),(20,194,4,1,-70.66),(21,194,4,1,-77.9),(22,194,4,1,-43.15),(23,194,4,1,-63.88),(24,194,4,1,-84.69),(25,194,4,1,-57.24),(27,194,4,1,-111.98),(28,194,4,1,-93.94),(29,194,4,1,-63.47),(30,194,4,1,-92.74),(31,194,4,1,-46.96),(32,194,4,1,-91.31),(33,194,4,1,-40.62),(35,194,4,1,-38.19),(36,194,4,1,-39.94),(1,195,5,10,72),(2,195,5,10,211.07),(3,195,5,10,192.37),(4,195,5,10,168.76),(5,195,5,10,79.45),(6,195,5,10,159.72),(7,195,5,10,149.21),(9,195,5,10,157.4),(10,195,5,10,158.11),(11,195,5,10,101.32),(12,195,5,10,180.59),(13,195,5,10,198.11),(14,195,5,10,104.86),(15,195,5,10,208.48),(16,195,5,10,110.82),(17,195,5,10,105.66),(18,195,5,10,129.79),(19,195,5,10,84.22),(20,195,5,10,118.06),(21,195,5,10,91.3),(22,195,5,10,110.37),(23,195,5,10,205.32),(24,195,5,10,121.38),(25,195,5,10,200.72),(27,195,5,10,163.99),(28,195,5,10,154.92),(29,195,5,10,78.65),(30,195,5,10,147.77),(31,195,5,10,165.78),(32,195,5,10,128.27),(33,195,5,10,177.17),(34,195,5,10,93.87),(35,195,5,10,127.88),(36,195,5,10,207.64),(1,196,4,5,64.85),(2,196,4,5,64.09),(3,196,4,5,94.39),(4,196,4,5,61.5),(5,196,4,5,102.21),(6,196,4,5,76.96),(7,196,4,5,57.84),(8,196,4,5,46.36),(9,196,4,5,117.75),(10,196,4,5,40.56),(11,196,4,5,63.04),(12,196,4,5,90.16),(13,196,4,5,118.08),(14,196,4,5,111),(15,196,4,5,121.14),(16,196,4,5,102.77),(17,196,4,5,50.36),(18,196,4,5,72.57),(19,196,4,5,66.69),(21,196,4,5,73.78),(22,196,4,5,74.48),(23,196,4,5,45.4),(24,196,4,5,120.59),(25,196,4,5,71.96),(26,196,4,5,68.32),(27,196,4,5,117.68),(28,196,4,5,112.24),(29,196,4,5,111.07),(30,196,4,5,67.47),(31,196,4,5,48.98),(32,196,4,5,61),(33,196,4,5,67.48),(34,196,4,5,58.78),(35,196,4,5,75.55),(36,196,4,5,78.92),(1,197,2,3,168.94),(2,197,2,3,90.1),(3,197,2,3,118.81),(4,197,2,3,136.04),(5,197,2,3,89.7),(6,197,2,3,186.11),(7,197,2,3,105),(8,197,2,3,165.2),(9,197,2,3,172.54),(10,197,2,3,119.88),(11,197,2,3,145.81),(12,197,2,3,140.26),(13,197,2,3,174.53),(14,197,2,3,106.32),(15,197,2,3,132.04),(17,197,2,3,211.04),(18,197,2,3,71.65),(19,197,2,3,174.14),(20,197,2,3,196.97),(21,197,2,3,76.63),(22,197,2,3,84.42),(23,197,2,3,104.44),(24,197,2,3,108.24),(25,197,2,3,178.37),(27,197,2,3,139.48),(28,197,2,3,173.28),(29,197,2,3,130.83),(30,197,2,3,101.41),(31,197,2,3,119.45),(32,197,2,3,182.75),(34,197,2,3,188.01),(35,197,2,3,170.91),(36,197,2,3,151.77),(1,198,4,3,213.49),(3,198,4,3,204.56),(4,198,4,3,180.74),(5,198,4,3,197.97),(6,198,4,3,218.15),(7,198,4,3,212.61),(8,198,4,3,76.33),(9,198,4,3,75.34),(10,198,4,3,149.92),(11,198,4,3,86.74),(12,198,4,3,106.93),(13,198,4,3,201.44),(15,198,4,3,107.74),(16,198,4,3,126.61),(17,198,4,3,131.56),(19,198,4,3,185.41),(20,198,4,3,126.25),(21,198,4,3,205.38),(22,198,4,3,101.55),(23,198,4,3,182.81),(24,198,4,3,212.19),(25,198,4,3,98.46),(26,198,4,3,100.61),(27,198,4,3,134.5),(28,198,4,3,203.46),(29,198,4,3,83.54),(30,198,4,3,114.58),(32,198,4,3,151.04),(33,198,4,3,72.28),(34,198,4,3,74.29),(35,198,4,3,217.72),(36,198,4,3,157.66),(1,199,4,10,-21.83),(2,199,4,10,-17.3),(3,199,4,10,-17.97),(4,199,4,10,-10.47),(5,199,4,10,-13.58),(6,199,4,10,-16.01),(7,199,4,10,-21.37),(8,199,4,10,-8.7),(9,199,4,10,-14.17),(10,199,4,10,-16.11),(11,199,4,10,-18.41),(12,199,4,10,-8.96),(14,199,4,10,-7.55),(15,199,4,10,-18.02),(16,199,4,10,-12.5),(17,199,4,10,-17.19),(19,199,4,10,-17.15),(20,199,4,10,-14.03),(21,199,4,10,-11.66),(23,199,4,10,-21.9),(24,199,4,10,-17.48),(26,199,4,10,-15.4),(27,199,4,10,-19.08),(28,199,4,10,-9.8),(29,199,4,10,-8.73),(30,199,4,10,-18.62),(31,199,4,10,-18.84),(33,199,4,10,-20.03),(34,199,4,10,-12.23),(35,199,4,10,-7.45),(36,199,4,10,-9.43),(1,200,4,4,48.39),(2,200,4,4,23.5),(3,200,4,4,53.42),(4,200,4,4,21.9),(5,200,4,4,20.11),(6,200,4,4,41.67),(7,200,4,4,30.24),(8,200,4,4,37.77),(9,200,4,4,21.48),(11,200,4,4,30.8),(12,200,4,4,54.4),(13,200,4,4,53.02),(14,200,4,4,31.79),(15,200,4,4,28.38),(16,200,4,4,30.47),(17,200,4,4,48.04),(18,200,4,4,25.47),(19,200,4,4,46.14),(20,200,4,4,24.43),(21,200,4,4,33.49),(22,200,4,4,27.32),(23,200,4,4,48.32),(24,200,4,4,36.41),(25,200,4,4,18.12),(26,200,4,4,45.39),(27,200,4,4,33.96),(28,200,4,4,20.6),(29,200,4,4,21.91),(30,200,4,4,45.03),(31,200,4,4,38.59),(32,200,4,4,47.1),(34,200,4,4,41.5),(35,200,4,4,35.9),(36,200,4,4,31.85),(1,201,8,2,2489.9),(2,201,8,2,2632.77),(3,201,8,2,2124.2),(4,201,8,2,1625.04),(5,201,8,2,1626.06),(6,201,8,2,2291.39),(7,201,8,2,1275.04),(8,201,8,2,1772.82),(10,201,8,2,1281.05),(11,201,8,2,2357.07),(13,201,8,2,2477.99),(14,201,8,2,1944.62),(15,201,8,2,2182.98),(16,201,8,2,2955.11),(17,201,8,2,1293.39),(18,201,8,2,2652.11),(19,201,8,2,2385.91),(20,201,8,2,2162.13),(21,201,8,2,1769.62),(22,201,8,2,2075.71),(23,201,8,2,2092.83),(24,201,8,2,1336.2),(25,201,8,2,1313.65),(26,201,8,2,1797.13),(27,201,8,2,2757.93),(28,201,8,2,1872.36),(29,201,8,2,1415.82),(30,201,8,2,1234.23),(31,201,8,2,2209.42),(32,201,8,2,2986.18),(33,201,8,2,2364.32),(34,201,8,2,2238.5),(35,201,8,2,2624.7),(36,201,8,2,2558.14),(1,202,9,5,1540.9),(2,202,9,5,2580.45),(3,202,9,5,2174.73),(4,202,9,5,1436.71),(5,202,9,5,3034.77),(6,202,9,5,3147.45),(7,202,9,5,2055.99),(8,202,9,5,3051.63),(9,202,9,5,1843.62),(10,202,9,5,3154.35),(11,202,9,5,3173.21),(12,202,9,5,2768.49),(13,202,9,5,2806.21),(14,202,9,5,1709.64),(15,202,9,5,2389.01),(16,202,9,5,1756.3),(17,202,9,5,2935.76),(18,202,9,5,1384.83),(19,202,9,5,1507.42),(20,202,9,5,3399.45),(21,202,9,5,2870.91),(22,202,9,5,3121.38),(23,202,9,5,2590.95),(24,202,9,5,1915.2),(25,202,9,5,1372.44),(26,202,9,5,1684.54),(27,202,9,5,1637),(28,202,9,5,2541.66),(30,202,9,5,1352.77),(31,202,9,5,2489.82),(32,202,9,5,2442.62),(34,202,9,5,2518.13),(35,202,9,5,1313.32),(36,202,9,5,1639),(1,203,8,9,1900.47),(2,203,8,9,4701.63),(3,203,8,9,3857.24),(4,203,8,9,3990.48),(5,203,8,9,3261.67),(6,203,8,9,4773.79),(7,203,8,9,3438.3),(8,203,8,9,1961.13),(9,203,8,9,2206.17),(10,203,8,9,3954.26),(11,203,8,9,1828.07),(12,203,8,9,1988.56),(13,203,8,9,4697.98),(14,203,8,9,1923.9),(15,203,8,9,3051.89),(16,203,8,9,3393.34),(17,203,8,9,3727.7),(18,203,8,9,3669.58),(19,203,8,9,1926.05),(21,203,8,9,2683.81),(22,203,8,9,3158.61),(23,203,8,9,3440.28),(24,203,8,9,4050.4),(25,203,8,9,3930.23),(26,203,8,9,2652.25),(27,203,8,9,2947.62),(28,203,8,9,2904.17),(29,203,8,9,4176.87),(31,203,8,9,3681.2),(32,203,8,9,2446.65),(33,203,8,9,4539.83),(34,203,8,9,2724.84),(35,203,8,9,3621.96),(36,203,8,9,2415.6),(1,204,9,9,623.94),(2,204,9,9,659.52),(3,204,9,9,1297.48),(5,204,9,9,666.26),(6,204,9,9,1272.63),(7,204,9,9,622.32),(8,204,9,9,1254.73),(9,204,9,9,1307.32),(10,204,9,9,1250.4),(11,204,9,9,612.03),(12,204,9,9,621.14),(13,204,9,9,1073.21),(15,204,9,9,876.46),(16,204,9,9,926.62),(17,204,9,9,716.37),(19,204,9,9,537.61),(20,204,9,9,989.15),(21,204,9,9,1023.01),(22,204,9,9,933.03),(23,204,9,9,486.87),(24,204,9,9,693.66),(25,204,9,9,506.34),(26,204,9,9,984.52),(27,204,9,9,557.08),(28,204,9,9,1235.52),(29,204,9,9,579.21),(30,204,9,9,669.89),(32,204,9,9,579.62),(33,204,9,9,1064.8),(34,204,9,9,1147),(35,204,9,9,758.19),(36,204,9,9,1180.3),(1,207,9,3,3292.98),(2,207,9,3,3417.63),(3,207,9,3,1548.58),(5,207,9,3,1569.71),(6,207,9,3,2233.5),(7,207,9,3,2269),(8,207,9,3,1551.03),(9,207,9,3,2156.24),(10,207,9,3,1544.6),(11,207,9,3,1809.37),(12,207,9,3,3668.5),(13,207,9,3,2039.45),(14,207,9,3,2263.99),(15,207,9,3,2880.78),(16,207,9,3,2651.07),(17,207,9,3,3983.84),(18,207,9,3,3965.93),(19,207,9,3,2724.84),(20,207,9,3,1709.28),(21,207,9,3,2728.74),(22,207,9,3,2715.12),(23,207,9,3,1596.08),(24,207,9,3,3964.08),(25,207,9,3,3296.43),(26,207,9,3,2657.74),(27,207,9,3,1738.05),(28,207,9,3,3395.18),(29,207,9,3,3257.44),(30,207,9,3,2054.84),(31,207,9,3,1772.12),(32,207,9,3,2657.61),(33,207,9,3,1864.14),(34,207,9,3,3562.76),(35,207,9,3,2226.74),(36,207,9,3,3150.42),(1,208,6,5,1917.36),(2,208,6,5,1454.13),(3,208,6,5,1003.81),(4,208,6,5,1645.81),(6,208,6,5,1233.58),(7,208,6,5,720.46),(8,208,6,5,717.21),(9,208,6,5,1236.31),(10,208,6,5,1663.66),(11,208,6,5,1659.1),(12,208,6,5,987.05),(13,208,6,5,859.05),(14,208,6,5,981.85),(15,208,6,5,1042.28),(16,208,6,5,1783.09),(17,208,6,5,1302.47),(18,208,6,5,1418.45),(19,208,6,5,1995.64),(20,208,6,5,1645.73),(21,208,6,5,1914.53),(22,208,6,5,1391.55),(23,208,6,5,1388.97),(24,208,6,5,1033.37),(25,208,6,5,1637.96),(26,208,6,5,1975.04),(28,208,6,5,1868.32),(29,208,6,5,1080.81),(30,208,6,5,793.11),(31,208,6,5,1511.54),(33,208,6,5,1335.64),(34,208,6,5,969.17),(35,208,6,5,1370.66),(1,213,9,8,3368.33),(2,213,9,8,2746.15),(3,213,9,8,2078.21),(4,213,9,8,4012.99),(5,213,9,8,2905.64),(6,213,9,8,2830.12),(7,213,9,8,4234.84),(8,213,9,8,1781.3),(9,213,9,8,1592.89),(10,213,9,8,2832.66),(11,213,9,8,4210.61),(12,213,9,8,3334.25),(13,213,9,8,1793.01),(14,213,9,8,2735.17),(15,213,9,8,2682.5),(16,213,9,8,3146.8),(18,213,9,8,2554.9),(19,213,9,8,4060.45),(20,213,9,8,1624.83),(21,213,9,8,3144.4),(22,213,9,8,3236.72),(23,213,9,8,2510.39),(25,213,9,8,3710.98),(26,213,9,8,1689.75),(27,213,9,8,1728.25),(28,213,9,8,1972.43),(29,213,9,8,2830.61),(30,213,9,8,3027.73),(31,213,9,8,3000.85),(32,213,9,8,2817.87),(33,213,9,8,1713.37),(34,213,9,8,2712.68),(35,213,9,8,3418.06),(36,213,9,8,3525.89),(1,214,9,4,4556.67),(3,214,9,4,3444.71),(4,214,9,4,4122.53),(6,214,9,4,4844.29),(7,214,9,4,3646.81),(8,214,9,4,4486.34),(9,214,9,4,2054.49),(10,214,9,4,2786.22),(11,214,9,4,4319.88),(12,214,9,4,3416.5),(13,214,9,4,3937.82),(14,214,9,4,5162.33),(15,214,9,4,2043.42),(16,214,9,4,3851.72),(17,214,9,4,3504.47),(18,214,9,4,3227.65),(19,214,9,4,3709.25),(20,214,9,4,2063.72),(21,214,9,4,2542.41),(22,214,9,4,4282.92),(23,214,9,4,4369.34),(24,214,9,4,3311.32),(25,214,9,4,3024.44),(26,214,9,4,3496.08),(27,214,9,4,5258.91),(28,214,9,4,4468.22),(30,214,9,4,4998.9),(31,214,9,4,4872.61),(32,214,9,4,3474.77),(33,214,9,4,2510.14),(34,214,9,4,2510.6),(35,214,9,4,4412.55),(1,215,8,5,2805.78),(2,215,8,5,1732.43),(3,215,8,5,1084.46),(5,215,8,5,2808.17),(6,215,8,5,1128.01),(7,215,8,5,1867.79),(8,215,8,5,1116.96),(9,215,8,5,2886.8),(10,215,8,5,2150.09),(11,215,8,5,2397.72),(12,215,8,5,2617.15),(13,215,8,5,2387.75),(14,215,8,5,2447.68),(16,215,8,5,1207.25),(17,215,8,5,1352.39),(18,215,8,5,2752.64),(19,215,8,5,1654.71),(20,215,8,5,2316.77),(21,215,8,5,2268.87),(22,215,8,5,2882.05),(23,215,8,5,1494.1),(24,215,8,5,1312.35),(25,215,8,5,2846.38),(26,215,8,5,2653.61),(28,215,8,5,2684.87),(29,215,8,5,2086.2),(30,215,8,5,2645.43),(31,215,8,5,2703.27),(32,215,8,5,1622.67),(33,215,8,5,2317.08),(34,215,8,5,1605.72),(35,215,8,5,1757.69),(1,216,9,10,576.27),(2,216,9,10,744.31),(3,216,9,10,824.74),(4,216,9,10,826.31),(5,216,9,10,708.26),(6,216,9,10,525.58),(7,216,9,10,393.74),(8,216,9,10,599.29),(9,216,9,10,760.08),(10,216,9,10,852.23),(11,216,9,10,519.23),(12,216,9,10,694.48),(13,216,9,10,830.09),(14,216,9,10,770.29),(15,216,9,10,362.4),(16,216,9,10,342.65),(17,216,9,10,842.3),(18,216,9,10,402.26),(19,216,9,10,891.44),(20,216,9,10,829.88),(21,216,9,10,915.2),(22,216,9,10,672.72),(23,216,9,10,786.38),(24,216,9,10,456.53),(25,216,9,10,824.54),(27,216,9,10,432.67),(28,216,9,10,751.48),(29,216,9,10,819.85),(30,216,9,10,364),(31,216,9,10,901.85),(32,216,9,10,800.94),(33,216,9,10,380.22),(34,216,9,10,610.41),(35,216,9,10,439.82),(36,216,9,10,927.59),(1,218,7,7,1768.09),(2,218,7,7,1772.81),(3,218,7,7,2072.87),(4,218,7,7,1866.13),(5,218,7,7,2969.7),(7,218,7,7,3154.81),(8,218,7,7,3337.55),(9,218,7,7,1936.68),(10,218,7,7,2938.92),(11,218,7,7,1576.37),(12,218,7,7,1798.82),(13,218,7,7,2472.2),(14,218,7,7,1446.35),(15,218,7,7,2153.11),(16,218,7,7,1911.37),(17,218,7,7,3206.67),(18,218,7,7,2670.98),(19,218,7,7,2058.43),(20,218,7,7,2719.95),(22,218,7,7,2072.03),(23,218,7,7,2917.59),(24,218,7,7,1910.2),(25,218,7,7,1248.91),(26,218,7,7,1329.42),(27,218,7,7,2887.41),(28,218,7,7,1881.46),(29,218,7,7,2199.98),(30,218,7,7,1247.33),(31,218,7,7,1449.9),(32,218,7,7,2078.43),(33,218,7,7,2526.45),(34,218,7,7,2653.64),(35,218,7,7,2300.85),(36,218,7,7,2085.37),(1,219,8,4,5332.7),(3,219,8,4,2434.09),(4,219,8,4,5353.72),(5,219,8,4,3100.33),(6,219,8,4,4404.22),(7,219,8,4,5343.4),(8,219,8,4,3499.43),(9,219,8,4,2442.84),(10,219,8,4,5528.93),(11,219,8,4,2867.27),(12,219,8,4,5169.03),(13,219,8,4,5738.27),(14,219,8,4,2275.32),(15,219,8,4,4458.05),(16,219,8,4,4231.5),(17,219,8,4,4662.93),(18,219,8,4,4835.85),(19,219,8,4,5763.45),(20,219,8,4,3947.43),(21,219,8,4,2251.02),(22,219,8,4,4379.57),(23,219,8,4,5125.56),(24,219,8,4,2953.67),(25,219,8,4,5266.05),(26,219,8,4,2888.69),(28,219,8,4,4902.61),(29,219,8,4,2379.47),(30,219,8,4,3182.64),(31,219,8,4,4505.52),(32,219,8,4,2554.41),(33,219,8,4,3851.21),(34,219,8,4,3382.17),(35,219,8,4,2320.08),(36,219,8,4,3920.59),(1,222,9,5,1807.89),(2,222,9,5,2321.59),(4,222,9,5,3134.6),(5,222,9,5,2278.07),(6,222,9,5,1834.34),(7,222,9,5,2458.92),(9,222,9,5,2366.03),(10,222,9,5,2439.81),(11,222,9,5,3020.85),(12,222,9,5,1196.09),(13,222,9,5,1686.14),(14,222,9,5,1367.01),(15,222,9,5,2787.37),(16,222,9,5,2523.96),(17,222,9,5,2839.15),(19,222,9,5,1658.46),(20,222,9,5,1268.59),(21,222,9,5,3233.35),(22,222,9,5,1299.09),(23,222,9,5,3245.41),(24,222,9,5,1466.38),(25,222,9,5,3172.54),(26,222,9,5,1896.2),(27,222,9,5,2087.21),(28,222,9,5,1282.39),(29,222,9,5,2613.4),(30,222,9,5,2458.73),(31,222,9,5,1456.64),(32,222,9,5,2047.09),(33,222,9,5,2863.13),(34,222,9,5,1212.96),(35,222,9,5,2740.59),(36,222,9,5,3014.59),(1,223,8,1,272.25),(2,223,8,1,354.51),(3,223,8,1,198.78),(4,223,8,1,167.36),(5,223,8,1,258.48),(6,223,8,1,344.33),(7,223,8,1,193.36),(8,223,8,1,329.92),(9,223,8,1,288.37),(10,223,8,1,292.21),(11,223,8,1,360.89),(12,223,8,1,187.04),(13,223,8,1,304.65),(15,223,8,1,242.05),(16,223,8,1,153.8),(17,223,8,1,180.2),(18,223,8,1,230.38),(19,223,8,1,243.08),(20,223,8,1,223.85),(21,223,8,1,275.6),(22,223,8,1,152.16),(23,223,8,1,197.82),(24,223,8,1,155.98),(25,223,8,1,347.36),(26,223,8,1,268.16),(27,223,8,1,330.01),(28,223,8,1,187.6),(29,223,8,1,322.55),(30,223,8,1,279.88),(31,223,8,1,166.65),(32,223,8,1,167.59),(33,223,8,1,315.01),(34,223,8,1,230.26),(35,223,8,1,319.74),(36,223,8,1,152.7),(1,224,8,5,4566.47),(3,224,8,5,3194.48),(4,224,8,5,2245),(5,224,8,5,2118.16),(7,224,8,5,3470.23),(8,224,8,5,2070.95),(9,224,8,5,2419.33),(11,224,8,5,2822.75),(12,224,8,5,4417.16),(13,224,8,5,2266.11),(14,224,8,5,1684.25),(15,224,8,5,4040.96),(16,224,8,5,2562.71),(17,224,8,5,1901.25),(18,224,8,5,3369.14),(19,224,8,5,3451.58),(20,224,8,5,2640.1),(21,224,8,5,2848.56),(22,224,8,5,2514.89),(24,224,8,5,1920),(25,224,8,5,2850.51),(26,224,8,5,3709.82),(27,224,8,5,3000.7),(28,224,8,5,3313.22),(29,224,8,5,1983.8),(30,224,8,5,3203.55),(31,224,8,5,3519.71),(32,224,8,5,2801.8),(33,224,8,5,3168.57),(34,224,8,5,3094.11),(35,224,8,5,4426.35),(36,224,8,5,3250.02),(1,226,6,7,24.72),(2,226,6,7,27.71),(4,226,6,7,64.53),(5,226,6,7,51.48),(6,226,6,7,34.58),(7,226,6,7,58.06),(8,226,6,7,32.82),(9,226,6,7,45.05),(10,226,6,7,59.1),(11,226,6,7,49.78),(12,226,6,7,27.64),(13,226,6,7,59.63),(14,226,6,7,61.79),(15,226,6,7,25.01),(16,226,6,7,36.27),(17,226,6,7,47.71),(19,226,6,7,64.28),(20,226,6,7,31.02),(21,226,6,7,35.93),(22,226,6,7,49.73),(23,226,6,7,39.66),(24,226,6,7,45.46),(25,226,6,7,54.12),(26,226,6,7,49),(27,226,6,7,38.18),(28,226,6,7,47.74),(29,226,6,7,24.16),(30,226,6,7,42.89),(31,226,6,7,40.34),(32,226,6,7,35.15),(33,226,6,7,53.01),(34,226,6,7,38.3),(35,226,6,7,43.48),(36,226,6,7,61.21),(1,227,6,4,5480.03),(2,227,6,4,4705.34),(3,227,6,4,6775.6),(4,227,6,4,4310.6),(5,227,6,4,5668.7),(6,227,6,4,4187.45),(7,227,6,4,3575.27),(8,227,6,4,4366.75),(10,227,6,4,3948.55),(11,227,6,4,6890.88),(12,227,6,4,5626.49),(13,227,6,4,2570.84),(15,227,6,4,3842.7),(16,227,6,4,2921.07),(17,227,6,4,2964.21),(18,227,6,4,4337.19),(19,227,6,4,6520.47),(20,227,6,4,4310.56),(21,227,6,4,3557.23),(22,227,6,4,6267.56),(23,227,6,4,6286.94),(24,227,6,4,5910.83),(25,227,6,4,5649.71),(26,227,6,4,6463.9),(27,227,6,4,6949.81),(29,227,6,4,5387.02),(30,227,6,4,4031.53),(31,227,6,4,4598.92),(32,227,6,4,5075.84),(33,227,6,4,2575.77),(35,227,6,4,4099.68),(36,227,6,4,3737.04),(1,228,9,3,2482.08),(2,228,9,3,1855.5),(3,228,9,3,1406.76),(4,228,9,3,1505.78),(5,228,9,3,1384.09),(6,228,9,3,2692.16),(7,228,9,3,2614.42),(8,228,9,3,1132.98),(9,228,9,3,1185.26),(10,228,9,3,1486.21),(11,228,9,3,2011.21),(12,228,9,3,2017.49),(13,228,9,3,2551.84),(14,228,9,3,2184.74),(15,228,9,3,2703.46),(16,228,9,3,1906.6),(17,228,9,3,2282.45),(18,228,9,3,2702.9),(19,228,9,3,1410.65),(20,228,9,3,1743.61),(21,228,9,3,1742.75),(22,228,9,3,2356.41),(23,228,9,3,1623.03),(25,228,9,3,1492.84),(26,228,9,3,2613.13),(27,228,9,3,1984.27),(28,228,9,3,1473.11),(29,228,9,3,1704.86),(30,228,9,3,1163.77),(31,228,9,3,2445.29),(33,228,9,3,1882.15),(34,228,9,3,2338.62),(35,228,9,3,2571.98),(36,228,9,3,1608.26),(1,231,6,10,1757.32),(3,231,6,10,2601.64),(4,231,6,10,1704.61),(6,231,6,10,2458.03),(7,231,6,10,2256.73),(8,231,6,10,961.88),(9,231,6,10,2396.74),(10,231,6,10,2083.44),(11,231,6,10,2135.98),(13,231,6,10,1313.07),(14,231,6,10,2341.33),(15,231,6,10,2484.25),(16,231,6,10,1935.94),(17,231,6,10,1937.04),(18,231,6,10,1664.43),(19,231,6,10,2494.53),(20,231,6,10,2061.63),(22,231,6,10,2094.68),(23,231,6,10,2315.09),(24,231,6,10,2032.9),(25,231,6,10,1388.34),(26,231,6,10,1182.92),(28,231,6,10,1920.73),(29,231,6,10,2495.47),(30,231,6,10,2386.84),(31,231,6,10,2602.17),(32,231,6,10,2180.84),(33,231,6,10,1264.77),(34,231,6,10,1365.98),(35,231,6,10,1203.8),(36,231,6,10,976.05),(1,232,6,4,2936.12),(2,232,6,4,3420.9),(3,232,6,4,2346.43),(4,232,6,4,3556.5),(5,232,6,4,2710.45),(6,232,6,4,3312.73),(7,232,6,4,2325.16),(8,232,6,4,3053.81),(9,232,6,4,2297.95),(10,232,6,4,1998.3),(11,232,6,4,1435.61),(12,232,6,4,2659.68),(13,232,6,4,2415.8),(14,232,6,4,2736.84),(15,232,6,4,2326.96),(16,232,6,4,2148.47),(17,232,6,4,3695.87),(18,232,6,4,3602.31),(19,232,6,4,2862.88),(20,232,6,4,3188.73),(21,232,6,4,3057.18),(22,232,6,4,3061.16),(23,232,6,4,2791.52),(24,232,6,4,1503.11),(25,232,6,4,3184.24),(26,232,6,4,3677.83),(27,232,6,4,3550.45),(28,232,6,4,2161.07),(30,232,6,4,3432.42),(31,232,6,4,1906.6),(32,232,6,4,1589.72),(33,232,6,4,3457.75),(34,232,6,4,2688.15),(35,232,6,4,2553.61),(36,232,6,4,1846.52),(1,235,8,5,2262.15),(3,235,8,5,1382.13),(4,235,8,5,1428.89),(5,235,8,5,938.6),(6,235,8,5,1415.34),(7,235,8,5,2051.66),(8,235,8,5,2249.72),(9,235,8,5,972.28),(10,235,8,5,2577.98),(11,235,8,5,1704.22),(12,235,8,5,1735.65),(13,235,8,5,2555.53),(14,235,8,5,2291.39),(15,235,8,5,2264.03),(16,235,8,5,1828.56),(17,235,8,5,2531.1),(18,235,8,5,1826.01),(20,235,8,5,2255.22),(21,235,8,5,2592.11),(22,235,8,5,1976.23),(23,235,8,5,1965.41),(24,235,8,5,1969.49),(25,235,8,5,2601.56),(26,235,8,5,2579.91),(27,235,8,5,2397.45),(28,235,8,5,2086.19),(29,235,8,5,1982.46),(30,235,8,5,1157.1),(32,235,8,5,2173.27),(33,235,8,5,1751.27),(34,235,8,5,1745.79),(35,235,8,5,2239.69),(1,236,9,7,2874.97),(2,236,9,7,3304.39),(3,236,9,7,3371.61),(4,236,9,7,1855.46),(5,236,9,7,3357.98),(6,236,9,7,1876.03),(7,236,9,7,1955.62),(8,236,9,7,2646.49),(9,236,9,7,2852.99),(11,236,9,7,2613.4),(12,236,9,7,1934.33),(13,236,9,7,2065.51),(14,236,9,7,2154.33),(15,236,9,7,2455.5),(16,236,9,7,2817.48),(17,236,9,7,2614.06),(18,236,9,7,2421.38),(19,236,9,7,3192.48),(20,236,9,7,2120.28),(21,236,9,7,2058.87),(22,236,9,7,2913.1),(23,236,9,7,2794.36),(24,236,9,7,2840.18),(25,236,9,7,3060.06),(26,236,9,7,2685.92),(27,236,9,7,3110.59),(28,236,9,7,2709.16),(29,236,9,7,2330.09),(30,236,9,7,2214.66),(31,236,9,7,3065.38),(32,236,9,7,3278.23),(33,236,9,7,1790.75),(34,236,9,7,2805.3),(35,236,9,7,1248.33),(36,236,9,7,1869.17),(1,237,8,1,2016.6),(2,237,8,1,2202.13),(3,237,8,1,1626.03),(4,237,8,1,2498.15),(5,237,8,1,3489.84),(6,237,8,1,1566.03),(7,237,8,1,2328.88),(8,237,8,1,3155.14),(9,237,8,1,1883.34),(11,237,8,1,3163.3),(12,237,8,1,2094.85),(14,237,8,1,1606.99),(15,237,8,1,3580.88),(16,237,8,1,3910.14),(17,237,8,1,3297.52),(18,237,8,1,2426.84),(19,237,8,1,2877.68),(20,237,8,1,1970.99),(21,237,8,1,3513.65),(22,237,8,1,1479.9),(23,237,8,1,1940.47),(24,237,8,1,1958.1),(25,237,8,1,2085.87),(26,237,8,1,1442.57),(27,237,8,1,3200.74),(28,237,8,1,3440.12),(29,237,8,1,3238.25),(30,237,8,1,1451.74),(32,237,8,1,1675.15),(33,237,8,1,3775.33),(34,237,8,1,1520.11),(35,237,8,1,1661.24),(36,237,8,1,3520.6),(1,238,6,8,3473.51),(2,238,6,8,4816.86),(3,238,6,8,5003.36),(4,238,6,8,4187.61),(6,238,6,8,6247.58),(7,238,6,8,2657.22),(8,238,6,8,2978.35),(9,238,6,8,6237.51),(10,238,6,8,4298.77),(11,238,6,8,6320.38),(12,238,6,8,4429.94),(13,238,6,8,5315.38),(14,238,6,8,4979.19),(15,238,6,8,5058.44),(17,238,6,8,6417.93),(18,238,6,8,2658.59),(19,238,6,8,3875.44),(20,238,6,8,5963.54),(21,238,6,8,4318.93),(22,238,6,8,3811.63),(23,238,6,8,4914.86),(25,238,6,8,4375.08),(26,238,6,8,2944.6),(27,238,6,8,3974.24),(28,238,6,8,4729.8),(29,238,6,8,2551.92),(30,238,6,8,6111.41),(32,238,6,8,5964.52),(33,238,6,8,2493.26),(34,238,6,8,6132.37),(35,238,6,8,3774.1),(36,238,6,8,6253.63),(1,239,7,3,3878.53),(2,239,7,3,4940.63),(3,239,7,3,4825.8),(4,239,7,3,3157.5),(5,239,7,3,4079.82),(6,239,7,3,4001.02),(7,239,7,3,3007.99),(8,239,7,3,4836.31),(9,239,7,3,3527.02),(11,239,7,3,4224.6),(12,239,7,3,3376.27),(13,239,7,3,4597.87),(14,239,7,3,4903.66),(15,239,7,3,2548.4),(16,239,7,3,4598.96),(17,239,7,3,2327.32),(18,239,7,3,2360.53),(19,239,7,3,2250.66),(20,239,7,3,3696.6),(21,239,7,3,2533.01),(22,239,7,3,3370.27),(23,239,7,3,3594.52),(25,239,7,3,3175.49),(26,239,7,3,2429.5),(27,239,7,3,4912.41),(28,239,7,3,4198.47),(29,239,7,3,2026.38),(30,239,7,3,3629.77),(31,239,7,3,2050.94),(33,239,7,3,2012.44),(34,239,7,3,4492.26),(35,239,7,3,2559.21),(36,239,7,3,3986.98),(1,240,6,5,3376.37),(2,240,6,5,5254.08),(3,240,6,5,4548.93),(4,240,6,5,2667.16),(6,240,6,5,3629.04),(7,240,6,5,5691.44),(8,240,6,5,5878.97),(9,240,6,5,2215.6),(11,240,6,5,4672.67),(12,240,6,5,3044.2),(13,240,6,5,4668.74),(14,240,6,5,4273.8),(15,240,6,5,2671.93),(17,240,6,5,3177.63),(18,240,6,5,2625.91),(19,240,6,5,5071.54),(20,240,6,5,4493.69),(22,240,6,5,5385.23),(23,240,6,5,3305.62),(24,240,6,5,4233.75),(25,240,6,5,2980.59),(26,240,6,5,4570.66),(27,240,6,5,5634.93),(29,240,6,5,4906.74),(30,240,6,5,4786.51),(31,240,6,5,3699.97),(32,240,6,5,3329.13),(33,240,6,5,3608.1),(34,240,6,5,3482.17),(36,240,6,5,3877.13),(1,241,8,6,833.52),(2,241,8,6,1265.67),(3,241,8,6,1349.71),(5,241,8,6,1269.69),(6,241,8,6,1723.95),(7,241,8,6,939.88),(8,241,8,6,1235.74),(9,241,8,6,780.21),(10,241,8,6,1595.28),(12,241,8,6,790.45),(13,241,8,6,722.72),(14,241,8,6,1487.79),(15,241,8,6,1028.3),(16,241,8,6,1798.49),(17,241,8,6,1460.68),(18,241,8,6,819.95),(19,241,8,6,1608.78),(20,241,8,6,1656.09),(21,241,8,6,719.99),(22,241,8,6,846.37),(23,241,8,6,1486.31),(24,241,8,6,1756.57),(25,241,8,6,1272.89),(26,241,8,6,1793.66),(27,241,8,6,1138.5),(28,241,8,6,1815.28),(30,241,8,6,1588.38),(31,241,8,6,1000.2),(32,241,8,6,682.51),(34,241,8,6,913.9),(35,241,8,6,1035.23),(36,241,8,6,1346.15),(1,242,6,7,1314.92),(2,242,6,7,1577.17),(3,242,6,7,2233.47),(4,242,6,7,1188.06),(5,242,6,7,1489.42),(6,242,6,7,1187.66),(7,242,6,7,1513.16),(8,242,6,7,1539.82),(9,242,6,7,1039.85),(10,242,6,7,1799.92),(11,242,6,7,1300.98),(12,242,6,7,1899.04),(13,242,6,7,957.74),(14,242,6,7,1663.9),(15,242,6,7,2160.8),(16,242,6,7,2092.26),(17,242,6,7,1421.26),(18,242,6,7,1050.26),(19,242,6,7,2249.33),(20,242,6,7,982.84),(21,242,6,7,1004.29),(22,242,6,7,2130.51),(23,242,6,7,2085.53),(24,242,6,7,1144.48),(25,242,6,7,870.62),(26,242,6,7,1571.32),(27,242,6,7,1839.07),(29,242,6,7,2359.76),(30,242,6,7,1918.69),(32,242,6,7,2208.57),(33,242,6,7,1741.3),(34,242,6,7,2323.19),(35,242,6,7,2178.06),(36,242,6,7,2358.56),(1,243,6,10,2075.85),(2,243,6,10,3143.91),(3,243,6,10,2518.07),(4,243,6,10,3657.39),(5,243,6,10,2602.34),(6,243,6,10,1610.58),(8,243,6,10,2209.12),(9,243,6,10,2829.4),(10,243,6,10,3182.12),(11,243,6,10,1776.14),(12,243,6,10,3034.3),(13,243,6,10,3149.39),(14,243,6,10,2125.83),(15,243,6,10,1962.85),(16,243,6,10,2418.94),(17,243,6,10,3522.16),(18,243,6,10,2807.06),(19,243,6,10,2025.36),(20,243,6,10,2197.58),(21,243,6,10,2356.61),(22,243,6,10,2308.85),(23,243,6,10,2392.81),(24,243,6,10,3326.41),(26,243,6,10,2732.79),(27,243,6,10,3549.9),(28,243,6,10,1893.99),(29,243,6,10,2638.61),(30,243,6,10,1442.85),(31,243,6,10,3040.65),(32,243,6,10,1494.74),(33,243,6,10,3060.84),(34,243,6,10,2404.3),(35,243,6,10,1476.64),(36,243,6,10,2828.22),(1,244,6,3,524.88),(2,244,6,3,726.31),(3,244,6,3,287.13),(4,244,6,3,657.59),(5,244,6,3,419.5),(6,244,6,3,337.18),(8,244,6,3,656.59),(9,244,6,3,519.41),(10,244,6,3,766.58),(11,244,6,3,400.59),(12,244,6,3,743.41),(13,244,6,3,413.93),(15,244,6,3,566.16),(16,244,6,3,348.9),(17,244,6,3,733.76),(18,244,6,3,289.35),(19,244,6,3,589.61),(20,244,6,3,651.28),(21,244,6,3,370.75),(22,244,6,3,441.21),(23,244,6,3,311.44),(24,244,6,3,442.67),(25,244,6,3,312.09),(26,244,6,3,515.79),(27,244,6,3,283.43),(28,244,6,3,459.05),(29,244,6,3,407.44),(30,244,6,3,640.78),(31,244,6,3,680.53),(32,244,6,3,713.2),(33,244,6,3,713.96),(34,244,6,3,294.19),(35,244,6,3,395.34),(36,244,6,3,672.74),(1,245,9,1,5583.05),(2,245,9,1,5712.37),(4,245,9,1,6254.07),(5,245,9,1,6725.21),(6,245,9,1,5675.8),(7,245,9,1,4413.11),(8,245,9,1,5443.83),(9,245,9,1,3707.18),(10,245,9,1,3446.11),(11,245,9,1,6309.54),(12,245,9,1,2561.15),(14,245,9,1,3657.22),(15,245,9,1,6258.82),(16,245,9,1,5721.14),(17,245,9,1,5113.76),(19,245,9,1,3119.31),(20,245,9,1,3712.76),(21,245,9,1,2574.74),(22,245,9,1,4616.25),(23,245,9,1,6144.16),(24,245,9,1,5101.6),(25,245,9,1,3378.68),(26,245,9,1,4290.26),(27,245,9,1,4853.39),(28,245,9,1,4994.71),(29,245,9,1,3343.54),(30,245,9,1,3085.17),(31,245,9,1,5637.54),(32,245,9,1,5385.15),(33,245,9,1,4430.96),(34,245,9,1,4028.4),(36,245,9,1,6735.08),(1,246,8,3,3293.11),(2,246,8,3,4318.73),(3,246,8,3,1834.13),(4,246,8,3,3707.47),(5,246,8,3,2614.67),(6,246,8,3,1936.91),(7,246,8,3,1912.47),(8,246,8,3,4576.02),(9,246,8,3,2590.64),(10,246,8,3,4298.05),(11,246,8,3,2263.73),(12,246,8,3,3520.48),(13,246,8,3,2759.6),(14,246,8,3,1833.12),(15,246,8,3,1882.32),(16,246,8,3,4077.04),(17,246,8,3,2303.53),(18,246,8,3,4126.26),(19,246,8,3,3350.15),(20,246,8,3,1822.33),(21,246,8,3,2578.03),(22,246,8,3,3351.06),(23,246,8,3,3063.24),(24,246,8,3,3771.52),(25,246,8,3,4086),(26,246,8,3,2003.39),(27,246,8,3,4477.9),(28,246,8,3,4118.34),(29,246,8,3,4245.12),(30,246,8,3,3326.43),(31,246,8,3,2374.79),(33,246,8,3,3458.11),(34,246,8,3,1853.38),(35,246,8,3,3762.25),(36,246,8,3,3883.63),(1,247,6,3,61.96),(2,247,6,3,70.59),(3,247,6,3,36.67),(4,247,6,3,37.35),(5,247,6,3,43.66),(6,247,6,3,30.83),(7,247,6,3,44.17),(8,247,6,3,69.69),(10,247,6,3,42.68),(11,247,6,3,61.75),(12,247,6,3,45.55),(13,247,6,3,30.8),(14,247,6,3,50.75),(16,247,6,3,46.79),(17,247,6,3,58.34),(18,247,6,3,47.37),(19,247,6,3,65.92),(20,247,6,3,55.71),(22,247,6,3,29.82),(23,247,6,3,63.62),(24,247,6,3,73.43),(25,247,6,3,38.56),(26,247,6,3,60.34),(27,247,6,3,63.84),(28,247,6,3,63.77),(29,247,6,3,51.35),(30,247,6,3,39.12),(31,247,6,3,67.06),(32,247,6,3,29.11),(34,247,6,3,49.91),(35,247,6,3,34.22),(36,247,6,3,53.34),(1,248,9,7,3814.78),(2,248,9,7,2196.15),(3,248,9,7,3246.85),(4,248,9,7,2319.67),(5,248,9,7,3679.74),(6,248,9,7,3618.93),(7,248,9,7,1977.91),(9,248,9,7,3502.51),(10,248,9,7,2936.41),(11,248,9,7,3477.28),(12,248,9,7,2075.77),(14,248,9,7,3579.62),(15,248,9,7,1950.18),(16,248,9,7,3293.99),(17,248,9,7,3570.02),(18,248,9,7,2136.28),(19,248,9,7,4005.86),(20,248,9,7,2527.06),(21,248,9,7,2147.1),(22,248,9,7,2034.22),(23,248,9,7,2888.37),(24,248,9,7,1553.85),(26,248,9,7,3167.03),(27,248,9,7,3874.09),(28,248,9,7,2937.01),(29,248,9,7,3023.39),(30,248,9,7,1824.62),(31,248,9,7,1787.26),(32,248,9,7,3241.42),(33,248,9,7,3757.19),(34,248,9,7,3714.38),(35,248,9,7,2139.94),(36,248,9,7,2179.15),(1,250,6,8,425.47),(2,250,6,8,625.65),(3,250,6,8,316.09),(4,250,6,8,472.97),(5,250,6,8,314.02),(6,250,6,8,381.39),(7,250,6,8,584.21),(8,250,6,8,360.95),(9,250,6,8,576.79),(10,250,6,8,268.99),(11,250,6,8,261.87),(12,250,6,8,425.22),(14,250,6,8,487.83),(15,250,6,8,580.16),(16,250,6,8,614.39),(17,250,6,8,498.45),(18,250,6,8,240.8),(19,250,6,8,228.53),(20,250,6,8,406.45),(21,250,6,8,480.46),(22,250,6,8,552.21),(23,250,6,8,518.06),(24,250,6,8,593.98),(25,250,6,8,455.31),(26,250,6,8,473.54),(27,250,6,8,499.71),(28,250,6,8,343.69),(29,250,6,8,248.25),(30,250,6,8,556.86),(31,250,6,8,426.3),(32,250,6,8,319.68),(33,250,6,8,563.61),(34,250,6,8,522.24),(35,250,6,8,519.07),(36,250,6,8,401.99),(1,252,8,4,953.82),(2,252,8,4,2092.49),(3,252,8,4,1011.45),(4,252,8,4,2145.39),(5,252,8,4,1979.84),(6,252,8,4,1047.23),(7,252,8,4,2082.98),(8,252,8,4,1840.21),(9,252,8,4,1017.14),(10,252,8,4,1467.25),(12,252,8,4,865.88),(13,252,8,4,2013.49),(14,252,8,4,1072.15),(15,252,8,4,2083.22),(16,252,8,4,1520.82),(17,252,8,4,1445.24),(18,252,8,4,1507.44),(19,252,8,4,1688.61),(21,252,8,4,1534.87),(22,252,8,4,1748.33),(23,252,8,4,1915.18),(24,252,8,4,1553.59),(25,252,8,4,1320.36),(27,252,8,4,1557.13),(28,252,8,4,1904.39),(29,252,8,4,2126.34),(31,252,8,4,1419.64),(32,252,8,4,1732.24),(33,252,8,4,1385.9),(34,252,8,4,1080.96),(35,252,8,4,1023.8),(36,252,8,4,983.17),(1,253,8,5,7.38),(3,253,8,5,8.32),(4,253,8,5,4.93),(5,253,8,5,6.19),(6,253,8,5,12.49),(7,253,8,5,10.85),(8,253,8,5,6.73),(9,253,8,5,8.93),(10,253,8,5,11.34),(11,253,8,5,5.21),(12,253,8,5,13),(14,253,8,5,10.97),(15,253,8,5,12.88),(16,253,8,5,13.06),(17,253,8,5,6.34),(19,253,8,5,13.07),(20,253,8,5,11.18),(21,253,8,5,13.19),(23,253,8,5,8.3),(24,253,8,5,5.42),(25,253,8,5,7.53),(26,253,8,5,10.78),(27,253,8,5,4.88),(28,253,8,5,10.04),(29,253,8,5,10.23),(30,253,8,5,12.96),(31,253,8,5,13.15),(32,253,8,5,6.83),(33,253,8,5,11.26),(34,253,8,5,12.85),(35,253,8,5,6.8),(1,254,9,10,3802.61),(2,254,9,10,3472.06),(3,254,9,10,2497.61),(4,254,9,10,3135.63),(5,254,9,10,1833.2),(6,254,9,10,1604.32),(7,254,9,10,3861.9),(8,254,9,10,1485.11),(9,254,9,10,2313.12),(10,254,9,10,3311.59),(11,254,9,10,1791.74),(12,254,9,10,2501.03),(13,254,9,10,2444.71),(14,254,9,10,1989.77),(15,254,9,10,1928.32),(16,254,9,10,3433.34),(17,254,9,10,3834.61),(18,254,9,10,3797.52),(19,254,9,10,2110.78),(20,254,9,10,2009.27),(21,254,9,10,2799.85),(22,254,9,10,3243.56),(23,254,9,10,3257.03),(24,254,9,10,1458.31),(25,254,9,10,1565.3),(26,254,9,10,2769.99),(28,254,9,10,2849.62),(29,254,9,10,3383.02),(30,254,9,10,3128.66),(31,254,9,10,3583.27),(32,254,9,10,3820.32),(33,254,9,10,3521.09),(34,254,9,10,2232.58),(36,254,9,10,3508.96),(1,257,7,6,2060.86),(2,257,7,6,1124.59),(3,257,7,6,1338.22),(5,257,7,6,2053.18),(6,257,7,6,1966.05),(7,257,7,6,1439.31),(8,257,7,6,1085.28),(9,257,7,6,1162.88),(10,257,7,6,1324.61),(11,257,7,6,2195.96),(12,257,7,6,2536.24),(13,257,7,6,1432.91),(14,257,7,6,2489.69),(15,257,7,6,1263.52),(17,257,7,6,1279.43),(18,257,7,6,1992.43),(19,257,7,6,1519.45),(21,257,7,6,2498.77),(22,257,7,6,1070.53),(23,257,7,6,1907.74),(24,257,7,6,1017.96),(25,257,7,6,1314.13),(26,257,7,6,935.64),(27,257,7,6,2541.22),(28,257,7,6,1163.35),(29,257,7,6,1289.83),(30,257,7,6,1221.32),(31,257,7,6,1065.21),(32,257,7,6,992.12),(33,257,7,6,2175.84),(34,257,7,6,1530.9),(36,257,7,6,1109.31),(1,260,6,8,2968.45),(2,260,6,8,3261.93),(3,260,6,8,1952.78),(4,260,6,8,3173.73),(5,260,6,8,2557.72),(6,260,6,8,2219.45),(7,260,6,8,2685.29),(9,260,6,8,2784.33),(10,260,6,8,3046.38),(11,260,6,8,2404.9),(12,260,6,8,1255.15),(13,260,6,8,1689.48),(14,260,6,8,3291.11),(15,260,6,8,2626.47),(16,260,6,8,2070.72),(17,260,6,8,3242.91),(19,260,6,8,2301.39),(20,260,6,8,3129.64),(21,260,6,8,2858.29),(22,260,6,8,3051.74),(23,260,6,8,2593.98),(24,260,6,8,2751.38),(25,260,6,8,3335.54),(26,260,6,8,2597.88),(27,260,6,8,1792.66),(28,260,6,8,1504.35),(29,260,6,8,1544.11),(30,260,6,8,1824.27),(31,260,6,8,2547.05),(32,260,6,8,2845.5),(33,260,6,8,1224.43),(34,260,6,8,1664.36),(35,260,6,8,2409.24),(36,260,6,8,1372.66),(1,261,8,5,3212.78),(2,261,8,5,3553.69),(3,261,8,5,3052.83),(4,261,8,5,3032.57),(5,261,8,5,3080.8),(6,261,8,5,4773.23),(7,261,8,5,5151.2),(8,261,8,5,5388.31),(9,261,8,5,5739.05),(10,261,8,5,2267.26),(11,261,8,5,2515.83),(12,261,8,5,5078.11),(13,261,8,5,5386.91),(14,261,8,5,4771.82),(15,261,8,5,2168.81),(16,261,8,5,5700.9),(17,261,8,5,5470.11),(18,261,8,5,5251.96),(19,261,8,5,4268.83),(20,261,8,5,5164.71),(21,261,8,5,3271.41),(22,261,8,5,3254.46),(23,261,8,5,2781.16),(24,261,8,5,4883.45),(25,261,8,5,2761.87),(26,261,8,5,4846.89),(27,261,8,5,2714.15),(28,261,8,5,4356.33),(29,261,8,5,5038.52),(30,261,8,5,4041.14),(31,261,8,5,3248.19),(32,261,8,5,4517.63),(33,261,8,5,3634.57),(34,261,8,5,4171.61),(35,261,8,5,5227.17),(36,261,8,5,4265.08),(1,264,6,7,2489.14),(2,264,6,7,3571.6),(3,264,6,7,3011.08),(4,264,6,7,2871.53),(5,264,6,7,3097.1),(6,264,6,7,1716.68),(8,264,6,7,2271.39),(9,264,6,7,2325.45),(10,264,6,7,2554.06),(12,264,6,7,3458.22),(13,264,6,7,1521.43),(14,264,6,7,3040.78),(15,264,6,7,1736.62),(16,264,6,7,3412.03),(17,264,6,7,1391.75),(18,264,6,7,2756.55),(19,264,6,7,1815.81),(20,264,6,7,1564.24),(21,264,6,7,2486.63),(22,264,6,7,3564.27),(24,264,6,7,2692.63),(25,264,6,7,2973.12),(26,264,6,7,1391.01),(27,264,6,7,1803.09),(28,264,6,7,1755.98),(29,264,6,7,2597.19),(30,264,6,7,3535.67),(31,264,6,7,2751.91),(32,264,6,7,3295.57),(33,264,6,7,3536.98),(34,264,6,7,2487.73),(36,264,6,7,2303.73),(1,265,9,1,4086.77),(2,265,9,1,1838.43),(3,265,9,1,2928.54),(4,265,9,1,3156.8),(5,265,9,1,2493.25),(6,265,9,1,3120.39),(7,265,9,1,3541.24),(8,265,9,1,2790.77),(9,265,9,1,1595.47),(10,265,9,1,2699.76),(11,265,9,1,4156.71),(12,265,9,1,3412.87),(13,265,9,1,2600.73),(14,265,9,1,3956.21),(15,265,9,1,1766.19),(16,265,9,1,3386.83),(17,265,9,1,1897.6),(18,265,9,1,2911.24),(19,265,9,1,3018.02),(20,265,9,1,3808.81),(21,265,9,1,2287.52),(22,265,9,1,2860.59),(23,265,9,1,4304.95),(24,265,9,1,2018.94),(25,265,9,1,3378.59),(27,265,9,1,3814.19),(28,265,9,1,3598.63),(29,265,9,1,3314.08),(30,265,9,1,4172.77),(31,265,9,1,2896.8),(32,265,9,1,3011.01),(33,265,9,1,4329.95),(34,265,9,1,2676.74),(36,265,9,1,3325.95),(1,266,6,9,5079.84),(3,266,6,9,4361.59),(4,266,6,9,2195.96),(5,266,6,9,2591.87),(7,266,6,9,2980.58),(8,266,6,9,2676.19),(9,266,6,9,4739.79),(10,266,6,9,2678.51),(11,266,6,9,3816.24),(12,266,6,9,3120.49),(13,266,6,9,3521.33),(14,266,6,9,3787.27),(16,266,6,9,4701.9),(17,266,6,9,2787.83),(18,266,6,9,4621.57),(19,266,6,9,4509.57),(20,266,6,9,4305.48),(21,266,6,9,2633.51),(22,266,6,9,2779.37),(23,266,6,9,4625.2),(24,266,6,9,5254.95),(25,266,6,9,4373.89),(26,266,6,9,5005.97),(27,266,6,9,4156.15),(28,266,6,9,3221.99),(29,266,6,9,4162.87),(30,266,6,9,2620.13),(31,266,6,9,2213.33),(32,266,6,9,2435.01),(33,266,6,9,3542.67),(34,266,6,9,5130.25),(35,266,6,9,5086.17),(36,266,6,9,2437.36),(1,267,6,2,2376.96),(2,267,6,2,2755.51),(3,267,6,2,2131.35),(4,267,6,2,1815.25),(6,267,6,2,2589.26),(7,267,6,2,2383.88),(8,267,6,2,2101.9),(10,267,6,2,2006.76),(11,267,6,2,1389.57),(12,267,6,2,2993.02),(13,267,6,2,1265.67),(14,267,6,2,3016.96),(15,267,6,2,1878.15),(16,267,6,2,1554.66),(17,267,6,2,1384.83),(18,267,6,2,1464.38),(19,267,6,2,2519.1),(20,267,6,2,2657.2),(22,267,6,2,2359.08),(23,267,6,2,1523.27),(24,267,6,2,1426.41),(25,267,6,2,1640.69),(26,267,6,2,3089.47),(27,267,6,2,1230.38),(28,267,6,2,2691.81),(29,267,6,2,1475.96),(30,267,6,2,2005.53),(31,267,6,2,3019.04),(32,267,6,2,3138.46),(33,267,6,2,1502.12),(34,267,6,2,1892.16),(35,267,6,2,2140.98),(36,267,6,2,2543.32),(1,268,6,1,80.54),(2,268,6,1,76.18),(3,268,6,1,91.85),(4,268,6,1,141.02),(5,268,6,1,83.76),(7,268,6,1,66.58),(8,268,6,1,115.2),(9,268,6,1,134.14),(10,268,6,1,107.06),(11,268,6,1,123.76),(12,268,6,1,66.74),(13,268,6,1,90.57),(14,268,6,1,110.11),(15,268,6,1,119.61),(16,268,6,1,136),(17,268,6,1,147.63),(18,268,6,1,106.93),(19,268,6,1,61.51),(21,268,6,1,152.44),(22,268,6,1,63.98),(23,268,6,1,94.02),(24,268,6,1,66.75),(25,268,6,1,138.89),(26,268,6,1,87.81),(27,268,6,1,95.53),(28,268,6,1,113.21),(29,268,6,1,89),(30,268,6,1,66.64),(31,268,6,1,129.2),(32,268,6,1,61.49),(33,268,6,1,127.72),(34,268,6,1,94.63),(35,268,6,1,148.61),(36,268,6,1,99.98),(1,269,7,8,686.16),(2,269,7,8,743.06),(3,269,7,8,689.98),(4,269,7,8,455.54),(5,269,7,8,860),(6,269,7,8,612.57),(7,269,7,8,873.69),(8,269,7,8,732.3),(10,269,7,8,955.48),(11,269,7,8,599.47),(12,269,7,8,712.18),(13,269,7,8,591.78),(14,269,7,8,428.42),(15,269,7,8,621.61),(16,269,7,8,556.47),(17,269,7,8,1015.94),(18,269,7,8,664.71),(19,269,7,8,423.9),(20,269,7,8,479.44),(21,269,7,8,646.32),(22,269,7,8,972.79),(23,269,7,8,507.22),(24,269,7,8,878.13),(25,269,7,8,775.54),(26,269,7,8,840.72),(27,269,7,8,687.38),(28,269,7,8,446.92),(30,269,7,8,823.76),(31,269,7,8,767.42),(32,269,7,8,979.12),(33,269,7,8,653.46),(34,269,7,8,638.89),(35,269,7,8,1056.4),(36,269,7,8,622.83),(1,270,9,1,312.41),(2,270,9,1,531.38),(3,270,9,1,606.69),(4,270,9,1,469.43),(5,270,9,1,229.97),(6,270,9,1,595.6),(7,270,9,1,521.11),(8,270,9,1,549.21),(9,270,9,1,394.49),(10,270,9,1,368.76),(11,270,9,1,434.78),(12,270,9,1,604.65),(13,270,9,1,447.51),(14,270,9,1,546.41),(15,270,9,1,401.61),(16,270,9,1,293.61),(17,270,9,1,544.44),(18,270,9,1,223.57),(19,270,9,1,528.48),(20,270,9,1,410),(22,270,9,1,594.73),(23,270,9,1,535.77),(24,270,9,1,266.42),(26,270,9,1,433.5),(27,270,9,1,239.39),(28,270,9,1,537.67),(29,270,9,1,345.11),(30,270,9,1,412.14),(31,270,9,1,288.75),(32,270,9,1,277.17),(33,270,9,1,499.56),(34,270,9,1,524.6),(35,270,9,1,312.07),(36,270,9,1,489.59),(1,271,8,7,813.23),(2,271,8,7,1083.92),(3,271,8,7,925.02),(4,271,8,7,494.08),(5,271,8,7,581.7),(6,271,8,7,1094.46),(7,271,8,7,1110.61),(8,271,8,7,427.58),(9,271,8,7,890.48),(10,271,8,7,919.43),(12,271,8,7,1107),(13,271,8,7,728.45),(14,271,8,7,547.07),(15,271,8,7,786.86),(16,271,8,7,1094.03),(17,271,8,7,616.94),(18,271,8,7,987.67),(19,271,8,7,913.99),(20,271,8,7,1118.38),(21,271,8,7,759.45),(22,271,8,7,601.13),(23,271,8,7,892.95),(24,271,8,7,893.18),(25,271,8,7,593.3),(26,271,8,7,515.22),(27,271,8,7,956.33),(28,271,8,7,497.79),(29,271,8,7,806.91),(30,271,8,7,756),(31,271,8,7,632.47),(32,271,8,7,459.08),(33,271,8,7,1146.58),(34,271,8,7,793.26),(35,271,8,7,942.03),(1,272,7,9,2451.83),(2,272,7,9,2610.7),(3,272,7,9,1825.27),(4,272,7,9,2429.06),(5,272,7,9,1563.48),(6,272,7,9,2984.03),(7,272,7,9,1258.2),(8,272,7,9,1272),(9,272,7,9,1243.53),(10,272,7,9,2963.09),(11,272,7,9,2345.93),(12,272,7,9,1825.87),(13,272,7,9,2852.31),(15,272,7,9,1381.81),(16,272,7,9,1860.08),(17,272,7,9,1455.77),(18,272,7,9,1163.11),(19,272,7,9,3139.43),(20,272,7,9,2104.18),(21,272,7,9,1956.14),(22,272,7,9,2155.17),(23,272,7,9,1279.61),(24,272,7,9,2280.03),(25,272,7,9,1666.28),(26,272,7,9,2462.4),(27,272,7,9,1170.62),(28,272,7,9,2301.52),(29,272,7,9,2531.69),(30,272,7,9,2312.02),(31,272,7,9,1358.93),(32,272,7,9,2068.69),(33,272,7,9,2823.07),(34,272,7,9,1964.83),(35,272,7,9,1507.87),(36,272,7,9,1689.15),(1,273,9,9,1714.43),(2,273,9,9,1366.84),(3,273,9,9,929.29),(4,273,9,9,1901.51),(5,273,9,9,2161.4),(6,273,9,9,1706.99),(7,273,9,9,915.95),(8,273,9,9,1292.57),(9,273,9,9,1894),(10,273,9,9,1783.41),(11,273,9,9,936.7),(12,273,9,9,2289.13),(13,273,9,9,1788.77),(14,273,9,9,1236.81),(15,273,9,9,1349.49),(16,273,9,9,2012.64),(17,273,9,9,1777.23),(18,273,9,9,1620.99),(19,273,9,9,1210.74),(20,273,9,9,1255.51),(21,273,9,9,1804.74),(22,273,9,9,1345.58),(24,273,9,9,1254.63),(25,273,9,9,1469.78),(26,273,9,9,2100.11),(27,273,9,9,919.59),(28,273,9,9,1378.07),(29,273,9,9,1798.98),(30,273,9,9,938.13),(31,273,9,9,1089.76),(32,273,9,9,1790.25),(33,273,9,9,1431.22),(34,273,9,9,1574.74),(35,273,9,9,1543.26),(36,273,9,9,2167.63),(1,274,8,2,683.99),(2,274,8,2,627.74),(3,274,8,2,352.35),(4,274,8,2,410.04),(6,274,8,2,486.6),(7,274,8,2,692.43),(9,274,8,2,495.89),(10,274,8,2,694.19),(11,274,8,2,547.61),(12,274,8,2,561.08),(13,274,8,2,683.32),(14,274,8,2,749.87),(15,274,8,2,702.87),(16,274,8,2,711.28),(17,274,8,2,661.93),(18,274,8,2,515.27),(19,274,8,2,565.14),(20,274,8,2,604.13),(21,274,8,2,449.66),(22,274,8,2,755.27),(23,274,8,2,356.37),(24,274,8,2,615.22),(25,274,8,2,295.36),(26,274,8,2,387.84),(27,274,8,2,434.22),(28,274,8,2,381.75),(29,274,8,2,396.95),(30,274,8,2,681.58),(31,274,8,2,583.57),(32,274,8,2,379.31),(33,274,8,2,462.48),(35,274,8,2,405.04),(36,274,8,2,695.48),(1,275,9,2,2581.12),(2,275,9,2,5273.42),(3,275,9,2,2736.14),(5,275,9,2,4010.72),(6,275,9,2,3652.81),(7,275,9,2,4752.74),(8,275,9,2,5463.54),(10,275,9,2,4804.89),(11,275,9,2,4443.36),(12,275,9,2,3225.89),(13,275,9,2,3885.33),(14,275,9,2,5447.46),(16,275,9,2,4056.97),(17,275,9,2,4935.05),(18,275,9,2,5148.57),(19,275,9,2,4963.63),(20,275,9,2,2591.96),(21,275,9,2,4667.48),(22,275,9,2,5301.1),(23,275,9,2,5055.75),(24,275,9,2,4405.75),(25,275,9,2,2138.99),(26,275,9,2,4066.43),(27,275,9,2,4034.04),(28,275,9,2,3705.45),(29,275,9,2,3491.31),(30,275,9,2,2142),(31,275,9,2,5596.13),(32,275,9,2,2148.34),(33,275,9,2,3228.2),(34,275,9,2,3163.81),(36,275,9,2,4835.55),(1,276,8,8,4032.08),(2,276,8,8,3251.13),(3,276,8,8,2089.27),(4,276,8,8,3679.11),(5,276,8,8,4873.61),(6,276,8,8,2445.13),(7,276,8,8,2044.29),(8,276,8,8,4395.51),(9,276,8,8,5144.19),(10,276,8,8,3773.14),(11,276,8,8,3494.03),(12,276,8,8,3552.98),(13,276,8,8,4110.73),(14,276,8,8,3466.41),(15,276,8,8,5350.42),(17,276,8,8,2201.38),(18,276,8,8,3306.13),(19,276,8,8,4726.96),(20,276,8,8,4583.64),(21,276,8,8,3816.59),(22,276,8,8,4598.77),(23,276,8,8,3831.85),(24,276,8,8,4639.52),(25,276,8,8,4156.62),(26,276,8,8,4523.17),(27,276,8,8,2264.45),(28,276,8,8,2573.94),(29,276,8,8,3130.93),(30,276,8,8,3982.33),(31,276,8,8,3170.3),(32,276,8,8,5285.48),(33,276,8,8,2317.79),(34,276,8,8,4625.88),(35,276,8,8,4296.21),(1,277,9,5,922.92),(2,277,9,5,2028.85),(3,277,9,5,2347.28),(4,277,9,5,2333.67),(5,277,9,5,2246.64),(6,277,9,5,2340.09),(7,277,9,5,1978.08),(8,277,9,5,1198.06),(9,277,9,5,1469.6),(10,277,9,5,2306.47),(11,277,9,5,2017.61),(12,277,9,5,1644.52),(13,277,9,5,2021.16),(14,277,9,5,2149.93),(15,277,9,5,1955.56),(16,277,9,5,1773.78),(17,277,9,5,935.96),(19,277,9,5,959.28),(20,277,9,5,1722.07),(21,277,9,5,1161.56),(22,277,9,5,1367.98),(23,277,9,5,1892.98),(24,277,9,5,2054.35),(25,277,9,5,2105.05),(27,277,9,5,2257.23),(28,277,9,5,2144.17),(29,277,9,5,1755.69),(30,277,9,5,2147.05),(31,277,9,5,1545.1),(32,277,9,5,1150.66),(34,277,9,5,1902.87),(35,277,9,5,1988.74),(36,277,9,5,1768.97),(1,278,8,10,5716.7),(2,278,8,10,3116.81),(3,278,8,10,4118.25),(4,278,8,10,3174.28),(5,278,8,10,5017.62),(6,278,8,10,3931.67),(7,278,8,10,3534.23),(8,278,8,10,5659.05),(10,278,8,10,2626.28),(11,278,8,10,6558.34),(12,278,8,10,6300.54),(13,278,8,10,3581.13),(14,278,8,10,5775.9),(15,278,8,10,6184.28),(16,278,8,10,3886.44),(17,278,8,10,4426.59),(18,278,8,10,3432.08),(19,278,8,10,6091.02),(20,278,8,10,5276.21),(21,278,8,10,4835.41),(22,278,8,10,4126.23),(23,278,8,10,6636.69),(24,278,8,10,6401.17),(25,278,8,10,6109.63),(26,278,8,10,4132.77),(28,278,8,10,4639.17),(29,278,8,10,5618.86),(30,278,8,10,6149.86),(31,278,8,10,3945.91),(32,278,8,10,3905.47),(33,278,8,10,4221.89),(34,278,8,10,5145.65),(35,278,8,10,3749.04),(1,280,9,4,2122.55),(2,280,9,4,2225.31),(3,280,9,4,2002.95),(5,280,9,4,1145.2),(6,280,9,4,977.16),(7,280,9,4,895.14),(8,280,9,4,2472.04),(9,280,9,4,1744.69),(10,280,9,4,2152.22),(11,280,9,4,1829.88),(12,280,9,4,2106.13),(13,280,9,4,2326.12),(14,280,9,4,2275.54),(15,280,9,4,1953.13),(16,280,9,4,1654.8),(17,280,9,4,2393.06),(18,280,9,4,2386.42),(19,280,9,4,1450.9),(20,280,9,4,2227.24),(21,280,9,4,1048.54),(22,280,9,4,1249.57),(24,280,9,4,1865.02),(25,280,9,4,1050.94),(26,280,9,4,2130.09),(27,280,9,4,2400.56),(29,280,9,4,1892.85),(30,280,9,4,909.84),(31,280,9,4,2124.68),(32,280,9,4,1033.89),(33,280,9,4,2338.62),(34,280,9,4,1783.9),(35,280,9,4,1202.2),(1,281,9,8,1480.4),(2,281,9,8,1817.77),(4,281,9,8,2701.56),(5,281,9,8,2844.75),(6,281,9,8,2112.78),(7,281,9,8,2503.7),(8,281,9,8,1731.23),(9,281,9,8,1308.05),(10,281,9,8,1911.62),(11,281,9,8,2949.15),(12,281,9,8,3236.39),(13,281,9,8,1607.15),(14,281,9,8,3024.96),(15,281,9,8,1933.33),(16,281,9,8,2136.35),(18,281,9,8,1431.71),(19,281,9,8,2680.85),(20,281,9,8,2707.67),(21,281,9,8,2950.81),(22,281,9,8,2690.44),(23,281,9,8,1624.18),(24,281,9,8,2667.46),(25,281,9,8,1733.51),(27,281,9,8,2362.13),(28,281,9,8,1757.64),(29,281,9,8,2285.03),(31,281,9,8,3088.17),(32,281,9,8,2948.6),(33,281,9,8,3115.98),(34,281,9,8,1785.12),(35,281,9,8,2354.17),(36,281,9,8,2811.15),(1,282,8,4,3021.64),(2,282,8,4,2539.92),(3,282,8,4,4352.35),(4,282,8,4,2866.38),(5,282,8,4,3822.94),(6,282,8,4,1908.48),(7,282,8,4,3956.35),(8,282,8,4,4528.26),(9,282,8,4,4440.11),(10,282,8,4,2896.77),(11,282,8,4,4995.91),(12,282,8,4,4249.6),(13,282,8,4,2342.45),(14,282,8,4,4418.37),(15,282,8,4,3816.22),(16,282,8,4,3772.53),(17,282,8,4,3312.52),(18,282,8,4,4352.9),(19,282,8,4,2014.74),(20,282,8,4,2262.04),(21,282,8,4,5003.01),(22,282,8,4,3138.1),(23,282,8,4,3354.99),(24,282,8,4,1921.95),(25,282,8,4,3969.4),(26,282,8,4,4933.57),(27,282,8,4,5013.78),(28,282,8,4,4706.25),(29,282,8,4,3511.95),(30,282,8,4,3403.77),(31,282,8,4,2286.34),(33,282,8,4,3504.55),(34,282,8,4,4737.19),(35,282,8,4,3376.51),(36,282,8,4,2534.3),(1,283,6,2,1476.97),(2,283,6,2,1103.81),(3,283,6,2,1168.1),(4,283,6,2,616.22),(5,283,6,2,1115.42),(6,283,6,2,1306.79),(7,283,6,2,1553.19),(8,283,6,2,627.87),(9,283,6,2,1591.66),(10,283,6,2,1278.07),(11,283,6,2,1292.23),(12,283,6,2,934.86),(13,283,6,2,1535.64),(15,283,6,2,1178.98),(16,283,6,2,1001.3),(17,283,6,2,818.63),(19,283,6,2,1493.23),(20,283,6,2,1030.22),(22,283,6,2,699.6),(23,283,6,2,1275.74),(24,283,6,2,1652.31),(25,283,6,2,682.4),(26,283,6,2,817.75),(28,283,6,2,1540.38),(29,283,6,2,1531.25),(31,283,6,2,814.09),(32,283,6,2,1488.99),(33,283,6,2,1353.97),(34,283,6,2,971.35),(35,283,6,2,610.51),(36,283,6,2,1110.23),(1,284,8,4,2194.49),(2,284,8,4,2961.48),(3,284,8,4,2976.74),(4,284,8,4,2846.02),(6,284,8,4,2922.27),(7,284,8,4,4142.09),(8,284,8,4,3429.59),(9,284,8,4,2533.03),(10,284,8,4,2983.17),(11,284,8,4,3651.08),(12,284,8,4,1939.3),(13,284,8,4,5342.98),(14,284,8,4,5197.47),(15,284,8,4,5063.13),(16,284,8,4,4744.49),(17,284,8,4,3652.52),(18,284,8,4,3563),(19,284,8,4,3308.57),(20,284,8,4,3162.51),(21,284,8,4,4382.44),(22,284,8,4,2068.21),(23,284,8,4,3052.31),(24,284,8,4,5159.57),(25,284,8,4,3135.3),(26,284,8,4,3208.89),(27,284,8,4,4407.01),(28,284,8,4,3596.25),(29,284,8,4,3118.69),(30,284,8,4,4268.12),(31,284,8,4,4920.45),(33,284,8,4,2219.01),(34,284,8,4,2505.43),(35,284,8,4,4122.34),(36,284,8,4,2371.46),(1,286,6,1,653.91),(3,286,6,1,798.21),(4,286,6,1,1228.47),(5,286,6,1,1449.65),(6,286,6,1,1641.14),(7,286,6,1,1076.39),(8,286,6,1,808.59),(9,286,6,1,649.32),(10,286,6,1,1527.82),(11,286,6,1,1382.34),(12,286,6,1,801.99),(13,286,6,1,781.84),(14,286,6,1,1129.77),(15,286,6,1,726.89),(16,286,6,1,654.87),(18,286,6,1,1401.38),(19,286,6,1,1478.4),(20,286,6,1,854.47),(21,286,6,1,779.77),(22,286,6,1,1542.4),(23,286,6,1,940.17),(24,286,6,1,1571.8),(25,286,6,1,969.67),(27,286,6,1,1628.53),(28,286,6,1,1025.02),(29,286,6,1,992.43),(30,286,6,1,1607.08),(31,286,6,1,889.95),(32,286,6,1,987.34),(33,286,6,1,1277.89),(34,286,6,1,1264.37),(36,286,6,1,1050.38),(1,288,7,8,2422.11),(2,288,7,8,2143.59),(3,288,7,8,1528.89),(4,288,7,8,2126.87),(5,288,7,8,1846.34),(6,288,7,8,1362.79),(7,288,7,8,2488.28),(8,288,7,8,2704),(9,288,7,8,1528.72),(10,288,7,8,1739.38),(11,288,7,8,3058.93),(12,288,7,8,2978.36),(13,288,7,8,1485.49),(14,288,7,8,2416.03),(15,288,7,8,2781.17),(17,288,7,8,3035.17),(18,288,7,8,1346.34),(19,288,7,8,2872.2),(20,288,7,8,2483.04),(21,288,7,8,1913.95),(22,288,7,8,1920.47),(23,288,7,8,2005.03),(24,288,7,8,3439.06),(25,288,7,8,3058.13),(26,288,7,8,2499.65),(27,288,7,8,3192.6),(28,288,7,8,1498.15),(29,288,7,8,1402.01),(31,288,7,8,2311.73),(32,288,7,8,2868.22),(33,288,7,8,1520.24),(34,288,7,8,3351.81),(36,288,7,8,3387.93),(1,289,6,4,6771.19),(2,289,6,4,5791.54),(3,289,6,4,3830.79),(4,289,6,4,4855.7),(5,289,6,4,4398.05),(6,289,6,4,5794.2),(7,289,6,4,4934.07),(8,289,6,4,4563.02),(9,289,6,4,2738.97),(11,289,6,4,4461.77),(12,289,6,4,5675.63),(13,289,6,4,5517.23),(14,289,6,4,4408.3),(15,289,6,4,5272.67),(16,289,6,4,5867.96),(17,289,6,4,3995.33),(18,289,6,4,3151.82),(19,289,6,4,5365.83),(21,289,6,4,4382.93),(22,289,6,4,3406.48),(23,289,6,4,6859.85),(24,289,6,4,2612.35),(25,289,6,4,4566.45),(26,289,6,4,5744.92),(27,289,6,4,5702.09),(29,289,6,4,4446.28),(30,289,6,4,3656.82),(31,289,6,4,6434.96),(32,289,6,4,5863.53),(33,289,6,4,4331.2),(34,289,6,4,4112.68),(35,289,6,4,6716.47),(36,289,6,4,4542.91),(1,291,8,8,1211.47),(2,291,8,8,1822.71),(3,291,8,8,2110.88),(4,291,8,8,2373.21),(5,291,8,8,2241.36),(6,291,8,8,1872.46),(7,291,8,8,1925.24),(9,291,8,8,2203.36),(10,291,8,8,2575.24),(12,291,8,8,1698.16),(13,291,8,8,1379.85),(14,291,8,8,2681.2),(15,291,8,8,1776.92),(16,291,8,8,2478.02),(17,291,8,8,2512.78),(18,291,8,8,2405.89),(19,291,8,8,1136.49),(20,291,8,8,1342.98),(21,291,8,8,1503.31),(22,291,8,8,2110.74),(23,291,8,8,2022.78),(24,291,8,8,1423.44),(25,291,8,8,1767.31),(26,291,8,8,1496.32),(27,291,8,8,1985.66),(28,291,8,8,2005.01),(29,291,8,8,2300.58),(30,291,8,8,2503.56),(31,291,8,8,1958.94),(32,291,8,8,1494.81),(33,291,8,8,2752.16),(34,291,8,8,1280.47),(36,291,8,8,2393.2),(1,292,7,4,312.9),(2,292,7,4,241.8),(3,292,7,4,340.72),(5,292,7,4,373.58),(6,292,7,4,174.87),(7,292,7,4,361.63),(8,292,7,4,315.64),(9,292,7,4,195.84),(10,292,7,4,270.49),(11,292,7,4,196.74),(12,292,7,4,322.19),(13,292,7,4,344.55),(15,292,7,4,231.38),(16,292,7,4,268.31),(17,292,7,4,377.3),(19,292,7,4,408.98),(20,292,7,4,189.86),(21,292,7,4,169.81),(23,292,7,4,286.1),(24,292,7,4,270.34),(25,292,7,4,184.35),(26,292,7,4,384.05),(28,292,7,4,350.72),(29,292,7,4,371.44),(30,292,7,4,297.61),(32,292,7,4,313.19),(33,292,7,4,259.92),(34,292,7,4,330.29),(35,292,7,4,261.62),(36,292,7,4,275.58),(1,294,6,6,4254.17),(2,294,6,6,3637.91),(3,294,6,6,2433.88),(4,294,6,6,3841.98),(5,294,6,6,3037.43),(7,294,6,6,2150.23),(8,294,6,6,1576.36),(9,294,6,6,1963.78),(10,294,6,6,2396.98),(11,294,6,6,3880.83),(12,294,6,6,2235.84),(14,294,6,6,2020.26),(15,294,6,6,3918.01),(16,294,6,6,3592.11),(17,294,6,6,1908.75),(19,294,6,6,3525.88),(20,294,6,6,4290.01),(21,294,6,6,2382.6),(22,294,6,6,3609.07),(23,294,6,6,2525.85),(24,294,6,6,3319.14),(25,294,6,6,4149.95),(26,294,6,6,3779.08),(27,294,6,6,2560.58),(28,294,6,6,2450.23),(29,294,6,6,1606.91),(31,294,6,6,2873.28),(32,294,6,6,2216.22),(33,294,6,6,3951.48),(34,294,6,6,2022.35),(35,294,6,6,4256.76),(36,294,6,6,2277.64),(1,295,7,10,2004.1),(3,295,7,10,2978.59),(4,295,7,10,2774.39),(5,295,7,10,2690.1),(6,295,7,10,3528.88),(7,295,7,10,4114.33),(8,295,7,10,3926.32),(9,295,7,10,5159.68),(10,295,7,10,2756.83),(11,295,7,10,4993.23),(12,295,7,10,3644.45),(13,295,7,10,3254.22),(14,295,7,10,3773.94),(16,295,7,10,4408.4),(17,295,7,10,3991.04),(18,295,7,10,1930.99),(19,295,7,10,4122.66),(20,295,7,10,1901.86),(21,295,7,10,2330.97),(22,295,7,10,4886.08),(23,295,7,10,4351.56),(24,295,7,10,3331.9),(25,295,7,10,3198.19),(26,295,7,10,4150.81),(27,295,7,10,2229.34),(28,295,7,10,2112.26),(29,295,7,10,4442.84),(30,295,7,10,4836.85),(31,295,7,10,3599.89),(32,295,7,10,5075.31),(33,295,7,10,3645.84),(34,295,7,10,2717.63),(35,295,7,10,3557.82),(1,296,8,6,1231.3),(2,296,8,6,1978.65),(3,296,8,6,1617),(5,296,8,6,763.95),(6,296,8,6,1911.52),(7,296,8,6,967.99),(8,296,8,6,1860.95),(9,296,8,6,1227.08),(10,296,8,6,1269.03),(11,296,8,6,1234.16),(12,296,8,6,1572.66),(13,296,8,6,809.33),(14,296,8,6,2023.45),(15,296,8,6,1116.03),(16,296,8,6,1506.89),(18,296,8,6,1142.98),(19,296,8,6,1681.83),(20,296,8,6,1813.2),(22,296,8,6,1758.57),(23,296,8,6,1919.54),(24,296,8,6,1820.5),(25,296,8,6,1723.81),(27,296,8,6,1365.84),(28,296,8,6,1900.77),(29,296,8,6,753.57),(30,296,8,6,1300.9),(31,296,8,6,1408.32),(32,296,8,6,1716.15),(33,296,8,6,2053.19),(34,296,8,6,1481.52),(35,296,8,6,1060.04),(36,296,8,6,1676.48),(1,298,6,1,2136.29),(2,298,6,1,1860.43),(3,298,6,1,1194.17),(4,298,6,1,2309.88),(5,298,6,1,2007.26),(6,298,6,1,1695.43),(7,298,6,1,1352.54),(9,298,6,1,1971.74),(10,298,6,1,1102.76),(11,298,6,1,2265.86),(12,298,6,1,2430.92),(13,298,6,1,1226.94),(14,298,6,1,2409.39),(15,298,6,1,1253.51),(16,298,6,1,1306.12),(17,298,6,1,1699.89),(18,298,6,1,1943.96),(19,298,6,1,1002.49),(20,298,6,1,1947.85),(21,298,6,1,1495.19),(22,298,6,1,2594.06),(23,298,6,1,1922.82),(24,298,6,1,1386.1),(25,298,6,1,2373.68),(27,298,6,1,1948.35),(28,298,6,1,2043.38),(29,298,6,1,1661.23),(30,298,6,1,1518.55),(31,298,6,1,1232.96),(33,298,6,1,1903.85),(34,298,6,1,2046.64),(35,298,6,1,1417.6),(36,298,6,1,1252.69),(1,299,7,9,2784.39),(2,299,7,9,1444.44),(3,299,7,9,1361.45),(4,299,7,9,2733.4),(5,299,7,9,1303.55),(6,299,7,9,1739.7),(7,299,7,9,1622.16),(8,299,7,9,2063.43),(9,299,7,9,2906.44),(10,299,7,9,2613.89),(11,299,7,9,2309.41),(12,299,7,9,1090.95),(13,299,7,9,2561.21),(14,299,7,9,1896.54),(15,299,7,9,1494.83),(16,299,7,9,1459.7),(17,299,7,9,2217.64),(18,299,7,9,1755.23),(20,299,7,9,1141.16),(21,299,7,9,1655.1),(22,299,7,9,2785.92),(23,299,7,9,2331.52),(24,299,7,9,2170.63),(25,299,7,9,2390.25),(26,299,7,9,1563.95),(27,299,7,9,1725.74),(28,299,7,9,2928.15),(29,299,7,9,2126.51),(30,299,7,9,2213.31),(31,299,7,9,2483.16),(32,299,7,9,2251.59),(33,299,7,9,2036.62),(34,299,7,9,1109.58),(35,299,7,9,1979.22),(36,299,7,9,1808.66),(1,300,6,6,1316.59),(2,300,6,6,2387.43),(3,300,6,6,2895.52),(4,300,6,6,2010.6),(5,300,6,6,1644.02),(6,300,6,6,2209.04),(7,300,6,6,1893.27),(8,300,6,6,1604.96),(9,300,6,6,1226.89),(10,300,6,6,2372.79),(11,300,6,6,1316.53),(12,300,6,6,1870.78),(13,300,6,6,2267.55),(14,300,6,6,2706.2),(15,300,6,6,2914.31),(16,300,6,6,1727.93),(17,300,6,6,1692.29),(18,300,6,6,1877.31),(19,300,6,6,1310.67),(20,300,6,6,2334.32),(21,300,6,6,2750.37),(22,300,6,6,1787.72),(23,300,6,6,2936.11),(24,300,6,6,1618.22),(25,300,6,6,2846.11),(26,300,6,6,2357.79),(27,300,6,6,2987.55),(28,300,6,6,1452.59),(29,300,6,6,2103.83),(30,300,6,6,2885.69),(31,300,6,6,1325.6),(32,300,6,6,1176.07),(33,300,6,6,2324.89),(34,300,6,6,1889.29),(35,300,6,6,2695.82),(36,300,6,6,1733.23),(1,301,11,1,14888.77),(2,301,11,1,14975.42),(3,301,11,1,14899.77),(4,301,11,1,14812.37),(5,301,11,1,15497.65),(6,301,11,1,14513.2),(7,301,11,1,15004.98),(8,301,11,1,15245.67),(9,301,11,1,14321.55),(10,301,11,1,15135.83),(1,303,14,3,146461.69),(2,303,14,3,140684.19),(3,303,14,3,147402.55),(4,303,14,3,143340.15),(5,303,14,3,140455.19),(1,304,12,9,108523.23),(2,304,12,9,111155.55),(3,304,12,9,112543.1),(4,304,12,9,112443.52),(1,305,11,3,163237.29),(2,305,11,3,168487.62),(3,305,11,3,169580.26),(4,305,11,3,161228.7),(5,305,11,3,159007.34),(1,306,14,7,31320.61),(2,306,14,7,28948.48),(3,306,14,7,30018.28),(1,308,12,2,121666.16),(2,308,12,2,124362.55),(3,308,12,2,125555.91),(4,308,12,2,121142.02),(5,308,12,2,126264.29),(6,308,12,2,125746.64),(7,308,12,2,125290.12),(8,308,12,2,123118.41),(9,308,12,2,121549.95),(10,308,12,2,125998.59),(11,308,12,2,128254.33),(12,308,12,2,128032.34),(1,309,12,9,49435.33),(2,309,12,9,49252.3),(3,309,12,9,51961.96),(4,309,12,9,48239.73),(5,309,12,9,50806.25),(6,309,12,9,50990.9),(7,309,12,9,50698.18),(8,309,12,9,52419.08),(9,309,12,9,51725.45),(10,309,12,9,50986.85),(11,309,12,9,52731.71),(12,309,12,9,48654.38),(1,310,11,6,101711.62),(2,310,11,6,98989.24),(3,310,11,6,96528.19),(4,310,11,6,93228.78),(5,310,11,6,93436.41),(6,310,11,6,98459.68),(7,310,11,6,98293.82),(8,310,11,6,98642.27),(9,310,11,6,101370.79),(10,310,11,6,100519.03),(11,310,11,6,101444.19),(12,310,11,6,92690.18),(13,310,11,6,100132.95),(1,311,13,5,111356.64),(2,311,13,5,105506.33),(3,311,13,5,106257.7),(4,311,13,5,105732.65),(5,311,13,5,111132.92),(6,311,13,5,110626.58),(7,311,13,5,109629.16),(8,311,13,5,109657.04),(9,311,13,5,110874.1),(10,311,13,5,106977.61),(11,311,13,5,112449.39),(12,311,13,5,105509.36),(13,311,13,5,111947.94),(14,311,13,5,104474.51),(15,311,13,5,113821.34),(16,311,13,5,104610.23),(17,311,13,5,113526.36),(18,311,13,5,107144.95),(19,311,13,5,108870.05),(20,311,13,5,106197.86),(21,311,13,5,111573.07),(1,312,13,4,1723.88),(1,313,12,9,103531.75),(2,313,12,9,107252.37),(3,313,12,9,107135.34),(4,313,12,9,99206.74),(5,313,12,9,103342.52),(6,313,12,9,100057.63),(7,313,12,9,102914.78),(8,313,12,9,103080.65),(1,315,12,2,18329.95),(2,315,12,2,17565.05),(3,315,12,2,17443.06),(4,315,12,2,17811.12),(5,315,12,2,18350.01),(6,315,12,2,17694.18),(7,315,12,2,18876.2),(8,315,12,2,17414.45),(9,315,12,2,18596.35),(10,315,12,2,18592.07),(11,315,12,2,17916.43),(12,315,12,2,17876.39),(1,316,11,6,138741.42),(2,316,11,6,131535.85),(3,316,11,6,130703.09),(4,316,11,6,133649.52),(5,316,11,6,134325.45),(6,316,11,6,133343.84),(1,318,13,7,163434.26),(2,318,13,7,164774.75),(3,318,13,7,153999.34),(4,318,13,7,161774.9),(5,318,13,7,155069.45),(6,318,13,7,165712.58),(7,318,13,7,165594.52),(8,318,13,7,166864.7),(9,318,13,7,157194.38),(10,318,13,7,164592.05),(11,318,13,7,154412.75),(1,320,14,3,144775.72),(2,320,14,3,138086.88),(3,320,14,3,144717.9),(4,320,14,3,140296.57),(5,320,14,3,143288.8),(6,320,14,3,140820.26),(7,320,14,3,147515.61),(8,320,14,3,134985.85),(9,320,14,3,134371.69),(10,320,14,3,136042.81),(11,320,14,3,138594.33),(12,320,14,3,136238.25),(13,320,14,3,134607.54),(1,323,14,1,153332.27),(2,323,14,1,151694.17),(3,323,14,1,144381.9),(4,323,14,1,147513.81),(5,323,14,1,152768.92),(6,323,14,1,144967.22),(7,323,14,1,143445.76),(8,323,14,1,145030.05),(9,323,14,1,149969.87),(10,323,14,1,145481.84),(11,323,14,1,150380.52),(12,323,14,1,148024.17),(13,323,14,1,149365.89),(14,323,14,1,142052.96),(15,323,14,1,149261.65),(16,323,14,1,153602.36),(17,323,14,1,141035.51),(18,323,14,1,155082.01),(19,323,14,1,146308.53),(20,323,14,1,154192.93),(21,323,14,1,152378.89),(22,323,14,1,146417.33),(23,323,14,1,141846.1),(24,323,14,1,153071.67),(25,323,14,1,155197.51),(26,323,14,1,155374.63),(27,323,14,1,147184.92),(1,325,11,9,189861.44),(2,325,11,9,188356.34),(3,325,11,9,189998.99),(4,325,11,9,186207.49),(5,325,11,9,203333.9),(6,325,11,9,186413.36),(7,325,11,9,186791.11),(8,325,11,9,199819.16),(9,325,11,9,192006.38),(10,325,11,9,200541.11),(11,325,11,9,189375.39),(12,325,11,9,192143.26),(13,325,11,9,191930.69),(14,325,11,9,189632.38),(15,325,11,9,188653.31),(16,325,11,9,186980.33),(17,325,11,9,196972.91),(18,325,11,9,184733.35),(19,325,11,9,186532.21),(20,325,11,9,201936.57),(21,325,11,9,193668.21),(22,325,11,9,201451.76),(23,325,11,9,194409.75),(24,325,11,9,192352.99),(25,325,11,9,200925.12),(26,325,11,9,185078.38),(1,326,12,9,100411.02),(2,326,12,9,102073.63),(1,327,12,9,92455.71),(1,328,14,6,59164.64),(2,328,14,6,63729.96),(3,328,14,6,59716.65),(4,328,14,6,58796.56),(5,328,14,6,61236.31),(6,328,14,6,62808.36),(7,328,14,6,60556.01),(8,328,14,6,62996.02),(9,328,14,6,63097.91),(10,328,14,6,58602.82),(11,328,14,6,59953.88),(12,328,14,6,63245.1),(1,329,11,5,19601.18),(2,329,11,5,19723.54),(3,329,11,5,19487.51),(4,329,11,5,20205.58),(1,330,14,7,140326.73),(2,330,14,7,142108.96),(3,330,14,7,141150.78),(4,330,14,7,142531.92),(5,330,14,7,136479.08),(6,330,14,7,139318.58),(7,330,14,7,133537.24),(8,330,14,7,142932.54),(9,330,14,7,130764.73),(1,331,12,9,117065.74),(2,331,12,9,120659.91),(3,331,12,9,121572.4),(4,331,12,9,124216.99),(1,332,12,7,191090.79),(2,332,12,7,190383.78),(3,332,12,7,197405.96),(4,332,12,7,187266.03),(5,332,12,7,195434.16),(6,332,12,7,194000.1),(7,332,12,7,184582.13),(1,333,12,1,93292.51),(2,333,12,1,90606.95),(3,333,12,1,88614.22),(4,333,12,1,88283.16),(5,333,12,1,89060.74),(6,333,12,1,90351.06),(7,333,12,1,89112.99),(8,333,12,1,90354.85),(9,333,12,1,95335.07),(10,333,12,1,92934.13),(11,333,12,1,94975.97),(12,333,12,1,89400.08),(13,333,12,1,89820.48),(14,333,12,1,92325.65),(1,334,11,5,46881.13),(2,334,11,5,44007.32),(3,334,11,5,45792.64),(4,334,11,5,43909.19),(5,334,11,5,44175.5),(6,334,11,5,44511.35),(7,334,11,5,47338.39),(8,334,11,5,44345.69),(9,334,11,5,44393.53),(10,334,11,5,45547.18),(1,335,13,3,95859.78),(2,335,13,3,94093.57),(3,335,13,3,103453.39),(4,335,13,3,99733.09),(5,335,13,3,103622.3),(6,335,13,3,103453.15),(7,335,13,3,99882.7),(8,335,13,3,95100.67),(9,335,13,3,95321.48),(10,335,13,3,97754.28),(11,335,13,3,95393.05),(12,335,13,3,97156.2),(13,335,13,3,100784.91),(1,336,14,2,103970.26),(2,336,14,2,100324.9),(3,336,14,2,104309.44),(4,336,14,2,96782.27),(5,336,14,2,97557.01),(6,336,14,2,103565.01),(1,337,11,7,25916.77),(2,337,11,7,26116.46),(3,337,11,7,25982.38),(4,337,11,7,25912.26),(5,337,11,7,26991.72),(6,337,11,7,25245.28),(7,337,11,7,25265.48),(8,337,11,7,25656.32),(9,337,11,7,26160.37),(10,337,11,7,27211.18),(11,337,11,7,25645.72),(1,338,11,5,106038.12),(2,338,11,5,105800.58),(3,338,11,5,107356.04),(4,338,11,5,103598.78),(5,338,11,5,109205.55),(6,338,11,5,104583.41),(7,338,11,5,107703.18),(8,338,11,5,103045.21),(9,338,11,5,107994.27),(10,338,11,5,110903.55),(11,338,11,5,111921.17),(12,338,11,5,110923.07),(13,338,11,5,102891.97),(14,338,11,5,106912.99),(15,338,11,5,107842.14),(16,338,11,5,103435.26),(17,338,11,5,108645.46),(18,338,11,5,106948.51),(19,338,11,5,102153.61),(20,338,11,5,103928.39),(21,338,11,5,107962.97),(22,338,11,5,102542.79),(23,338,11,5,106684.79),(1,339,14,5,27804.86),(2,339,14,5,28525.09),(3,339,14,5,28526.48),(4,339,14,5,27711.4),(5,339,14,5,27374.55),(6,339,14,5,26048.51),(7,339,14,5,27181.96),(1,340,13,10,71867.96),(2,340,13,10,75040.46),(3,340,13,10,75416),(1,341,11,10,172330.58),(2,341,11,10,166204.32),(3,341,11,10,169106.78),(4,341,11,10,181410.54),(5,341,11,10,177121.54),(1,342,14,10,67101),(1,344,14,3,116130.36),(2,344,14,3,115811.54),(1,345,11,4,15721.04),(2,345,11,4,14805.95),(1,347,12,8,123901.86),(1,348,13,10,155731.84),(2,348,13,10,158775.47),(3,348,13,10,158955.01),(4,348,13,10,170491.53),(5,348,13,10,156310.65),(1,349,12,1,186385.73),(2,349,12,1,186716.02),(3,349,12,1,189251.57),(4,349,12,1,192147.4),(5,349,12,1,184011.99),(6,349,12,1,195076.3),(7,349,12,1,189451.86),(8,349,12,1,187710.14),(1,350,14,3,132072.75),(2,350,14,3,131139.1),(1,351,13,8,46117.57),(2,351,13,8,49137.5),(3,351,13,8,49411.01),(4,351,13,8,45448.78),(5,351,13,8,45976.2),(6,351,13,8,45531.69),(1,353,13,8,76646.55),(2,353,13,8,71641.8),(3,353,13,8,76414.85),(4,353,13,8,72747.99),(5,353,13,8,79086.72),(6,353,13,8,74914.55),(7,353,13,8,71764.94),(8,353,13,8,77466.99),(9,353,13,8,75546.94),(10,353,13,8,73737.64),(11,353,13,8,74951.94),(12,353,13,8,75316.37),(13,353,13,8,75674.42),(14,353,13,8,72005.76),(15,353,13,8,73654.89),(16,353,13,8,78986.17),(17,353,13,8,74721.26),(18,353,13,8,77744.35),(19,353,13,8,72201.04),(20,353,13,8,73900.44),(21,353,13,8,72747.75),(22,353,13,8,74717.06),(23,353,13,8,74012.01),(24,353,13,8,77476.42),(25,353,13,8,73090.81),(26,353,13,8,78857.43),(27,353,13,8,73474.72),(28,353,13,8,72089.78),(29,353,13,8,75177.48),(30,353,13,8,75946.63),(31,353,13,8,72317.22),(32,353,13,8,75643.72),(33,353,13,8,76763.37),(34,353,13,8,74275.17),(35,353,13,8,75249.67),(36,353,13,8,78304.22),(1,354,12,10,20397.24),(2,354,12,10,20283.63),(3,354,12,10,20210.3),(4,354,12,10,21012.68),(1,355,11,8,14552.28),(1,356,13,4,54530.32),(2,356,13,4,52357.13),(3,356,13,4,55052.09),(4,356,13,4,55306.76),(5,356,13,4,51106.94),(6,356,13,4,55408.06),(1,357,14,1,9392.7),(2,357,14,1,10001.41),(3,357,14,1,9893.98),(1,359,11,4,161217.17),(2,359,11,4,163963.05),(3,359,11,4,164207.04),(4,359,11,4,164512.69),(5,359,11,4,164899.84),(6,359,11,4,168411.85),(7,359,11,4,162548.84),(1,360,12,3,55485.41),(2,360,12,3,58376.26),(3,360,12,3,55858.6),(1,361,13,1,61414.35),(2,361,13,1,57293.78),(3,361,13,1,58132.16),(4,361,13,1,62060.85),(5,361,13,1,60863.77),(6,361,13,1,62112.18),(7,361,13,1,60862.66),(8,361,13,1,56760.98),(9,361,13,1,58109.88),(10,361,13,1,58067.33),(1,362,13,9,72069.74),(2,362,13,9,76420.9),(3,362,13,9,71293.92),(1,364,11,4,148018.06),(2,364,11,4,152533.99),(1,365,12,10,78649.7),(2,365,12,10,81449.02),(3,365,12,10,77727.05),(4,365,12,10,79092.57),(5,365,12,10,81417.91),(6,365,12,10,83342.08),(1,366,13,1,124786.4),(2,366,13,1,123489.95),(3,366,13,1,122651.6),(4,366,13,1,115437.82),(5,366,13,1,121544.14),(6,366,13,1,125636.91),(7,366,13,1,124799.38),(8,366,13,1,122212.96),(9,366,13,1,117692.04),(10,366,13,1,116471.05),(11,366,13,1,115117.75),(12,366,13,1,116678),(13,366,13,1,120317.47),(14,366,13,1,121240.65),(15,366,13,1,116328.29),(1,367,12,10,147461.36),(2,367,12,10,144269.41),(1,368,13,5,83467.18),(2,368,13,5,80901.71),(3,368,13,5,82935.98),(4,368,13,5,85599.52),(5,368,13,5,81010.75),(6,368,13,5,87030.79),(7,368,13,5,85785.98),(1,369,12,2,183929.52),(2,369,12,2,191806.46),(3,369,12,2,179019.42),(4,369,12,2,191793.94),(5,369,12,2,188090.46),(6,369,12,2,177875.19),(7,369,12,2,192841.12),(8,369,12,2,178119.12),(9,369,12,2,190928),(10,369,12,2,184082.82),(11,369,12,2,175908.42),(12,369,12,2,186480.14),(13,369,12,2,176753.45),(14,369,12,2,184478.42),(15,369,12,2,181597.37),(16,369,12,2,174946.61),(17,369,12,2,179693.86),(18,369,12,2,187764.7),(19,369,12,2,192234.23),(20,369,12,2,188884.4),(1,370,12,5,141705.91),(1,372,13,8,168255.97),(1,373,14,8,100332.09),(2,373,14,8,106959.67),(3,373,14,8,98747.82),(1,374,14,8,89287.99),(2,374,14,8,88970.68),(3,374,14,8,86059.56),(4,374,14,8,83825.4),(5,374,14,8,86778.68),(1,375,11,10,173098.62),(2,375,11,10,168576.18),(3,375,11,10,176800.87),(4,375,11,10,172412.98),(5,375,11,10,169749.65),(6,375,11,10,164522.18),(7,375,11,10,164022.32),(8,375,11,10,180527.13),(9,375,11,10,175581.43),(10,375,11,10,180206.54),(11,375,11,10,175134.52),(12,375,11,10,177629.74),(13,375,11,10,178881.31),(1,376,12,9,158349.66),(2,376,12,9,160765.05),(3,376,12,9,152715.54),(4,376,12,9,165047.71),(5,376,12,9,163758.94),(6,376,12,9,158194.69),(7,376,12,9,152140.22),(8,376,12,9,162007.02),(9,376,12,9,161222.88),(10,376,12,9,163316.5),(11,376,12,9,162633.13),(12,376,12,9,153377.58),(13,376,12,9,164954.46),(14,376,12,9,159207.22),(15,376,12,9,162180.86),(16,376,12,9,164101.99),(17,376,12,9,163366.43),(18,376,12,9,164670.57),(19,376,12,9,155461.55),(20,376,12,9,159332.04),(21,376,12,9,154229.69),(22,376,12,9,150397.95),(23,376,12,9,155896.82),(24,376,12,9,151379.13),(25,376,12,9,152295.08),(26,376,12,9,163620.99),(27,376,12,9,155902.37),(28,376,12,9,158011.46),(1,377,13,7,26003.41),(2,377,13,7,26752.57),(3,377,13,7,26359.73),(4,377,13,7,27171.21),(5,377,13,7,25971.2),(6,377,13,7,26243.13),(7,377,13,7,27263.46),(8,377,13,7,26469.82),(9,377,13,7,26394.71),(1,378,13,3,169378.55),(2,378,13,3,162667.46),(3,378,13,3,167259),(4,378,13,3,163774.4),(5,378,13,3,157008.23),(6,378,13,3,162706.4),(7,378,13,3,168343.39),(8,378,13,3,171204.5),(9,378,13,3,159300.52),(10,378,13,3,165828.83),(11,378,13,3,162788.41),(12,378,13,3,160366.02),(13,378,13,3,161014.15),(1,379,14,3,53665.54),(2,379,14,3,54283.98),(3,379,14,3,50247.68),(4,379,14,3,51894.7),(5,379,14,3,49771.14),(6,379,14,3,54434.35),(7,379,14,3,53802.72),(8,379,14,3,50866.81),(9,379,14,3,50296.29),(1,380,13,6,96475.11),(2,380,13,6,99275.96),(3,380,13,6,99953.88),(4,380,13,6,103601.66),(5,380,13,6,97756.25),(6,380,13,6,99226.06),(7,380,13,6,99026.12),(8,380,13,6,98282.43),(9,380,13,6,102153.97),(1,381,14,3,179700.61),(2,381,14,3,187166.14),(1,382,14,7,12166.3),(2,382,14,7,12448.24),(3,382,14,7,11959.48),(4,382,14,7,11608.92),(5,382,14,7,12106.17),(6,382,14,7,12769.98),(7,382,14,7,12498.35),(8,382,14,7,12376.47),(9,382,14,7,11899.19),(1,383,14,7,165255.75),(2,383,14,7,180312.46),(3,383,14,7,181458.97),(4,383,14,7,180680.72),(5,383,14,7,178474.26),(6,383,14,7,166777.31),(7,383,14,7,166854.41),(8,383,14,7,182276.59),(9,383,14,7,171714.43),(10,383,14,7,180619.7),(11,383,14,7,173341.7),(12,383,14,7,177870.77),(13,383,14,7,175730.54),(14,383,14,7,165672.25),(15,383,14,7,167958.88),(16,383,14,7,172484.15),(17,383,14,7,182000.3),(18,383,14,7,170703),(19,383,14,7,168455.69),(20,383,14,7,174412.12),(21,383,14,7,180457.49),(22,383,14,7,181925.91),(23,383,14,7,178958.05),(24,383,14,7,177579.74),(25,383,14,7,166821.35),(26,383,14,7,168334.36),(27,383,14,7,182095.87),(28,383,14,7,165613.66),(29,383,14,7,171642.55),(30,383,14,7,166124.49),(31,383,14,7,170220.6),(32,383,14,7,172377.17),(33,383,14,7,172079.41),(34,383,14,7,176355.61),(35,383,14,7,180966.26),(36,383,14,7,173115.66),(1,384,12,10,163535.74),(2,384,12,10,157977.09),(1,385,11,5,104451.5),(2,385,11,5,111503.12),(3,385,11,5,102178.67),(4,385,11,5,103012.66),(5,385,11,5,108610.69),(6,385,11,5,110329.93),(7,385,11,5,109400.42),(8,385,11,5,103221.95),(9,385,11,5,109735.94),(10,385,11,5,103901.14),(1,386,14,1,78835.7),(2,386,14,1,76954.95),(3,386,14,1,81972.6),(4,386,14,1,82636.42),(5,386,14,1,77203.35),(1,387,14,9,117479.02),(2,387,14,9,123713.75),(3,387,14,9,118473.07),(4,387,14,9,113936),(5,387,14,9,117606.37),(6,387,14,9,124727.19),(7,387,14,9,123365.55),(8,387,14,9,124338.45),(9,387,14,9,114221.47),(1,388,11,4,128640.47),(2,388,11,4,125423.72),(3,388,11,4,129621.34),(4,388,11,4,119157.44),(5,388,11,4,123381.98),(6,388,11,4,118735.68),(7,388,11,4,123610.7),(1,390,14,2,134170.14),(2,390,14,2,129088.11),(3,390,14,2,136112.6),(4,390,14,2,128738.66),(5,390,14,2,136013.7),(6,390,14,2,127397.37),(7,390,14,2,132343.93),(8,390,14,2,136075.21),(9,390,14,2,139299.49),(10,390,14,2,126678.3),(11,390,14,2,130387.86),(12,390,14,2,136465.3),(13,390,14,2,128809.21),(14,390,14,2,139015.64),(15,390,14,2,127833.62),(16,390,14,2,135885.86),(17,390,14,2,127168.29),(18,390,14,2,127176.26),(19,390,14,2,135032.47),(20,390,14,2,128774.63),(21,390,14,2,135523.96),(22,390,14,2,127624.1),(23,390,14,2,137559.39),(1,391,13,7,52595.59),(2,391,13,7,52417.4),(3,391,13,7,56594.86),(4,391,13,7,55636.67),(5,391,13,7,54393.69),(6,391,13,7,54491.94),(7,391,13,7,54486.43),(1,392,14,10,162988.23),(2,392,14,10,172422.36),(1,393,12,9,4960.55),(2,393,12,9,4673.05),(3,393,12,9,4918.61),(4,393,12,9,5056.31),(5,393,12,9,4746.84),(6,393,12,9,4958.5),(7,393,12,9,4777.66),(8,393,12,9,4823.47),(9,393,12,9,4898.6),(10,393,12,9,5010.27),(11,393,12,9,4819.64),(12,393,12,9,4669.27),(13,393,12,9,4921.38),(14,393,12,9,4924.15),(15,393,12,9,4926.47),(16,393,12,9,5009.63),(17,393,12,9,4788.62),(1,394,13,2,99052.94),(2,394,13,2,95190.24),(3,394,13,2,101093.39),(4,394,13,2,99528.85),(5,394,13,2,102431.76),(6,394,13,2,97583.85),(7,394,13,2,97703.45),(8,394,13,2,100029.18),(9,394,13,2,102172.78),(10,394,13,2,103157.72),(11,394,13,2,102630.92),(12,394,13,2,103851.18),(1,395,12,4,26373.87),(2,395,12,4,26596.91),(3,395,12,4,25586.78),(4,395,12,4,26019.44),(5,395,12,4,25032.93),(1,398,14,9,37369.08),(2,398,14,9,36494.05),(3,398,14,9,35946.19),(4,398,14,9,35499.6),(5,398,14,9,35944.81),(6,398,14,9,35476.97),(7,398,14,9,35900.23),(8,398,14,9,35729),(1,399,12,2,104576.53),(2,399,12,2,112131.15),(3,399,12,2,105726.11),(4,399,12,2,104128.79),(5,399,12,2,109566.03),(1,400,13,7,173152.62),(2,400,13,7,165471.26),(3,400,13,7,168617.35),(4,400,13,7,166372.85),(1,401,16,3,2525.62),(2,401,16,3,2573.06),(3,401,16,3,2694.53),(4,401,16,3,2119.45),(5,401,16,3,2369.19),(6,401,16,3,1944.22),(7,401,16,3,1981.25),(8,401,16,3,2464.08),(9,401,16,3,2059.16),(10,401,16,3,2277.79),(11,401,16,3,2737.19),(12,401,16,3,2512.71),(13,401,16,3,2220.44),(14,401,16,3,2026.66),(15,401,16,3,2027.93),(16,401,16,3,2211.85),(17,401,16,3,2441.38),(18,401,16,3,2176.85),(19,401,16,3,2345.71),(20,401,16,3,2629.12),(21,401,16,3,2586.23),(22,401,16,3,2203.78),(23,401,16,3,1997.4),(24,401,16,3,2439.92),(25,401,16,3,2622.82),(26,401,16,3,2180.33),(27,401,16,3,2674.79),(28,401,16,3,2262.77),(29,401,16,3,2662.37),(30,401,16,3,2551.41),(31,401,16,3,1963.83),(32,401,16,3,2418.69),(33,401,16,3,2362.78),(34,401,16,3,2423.71),(35,401,16,3,2187.73),(36,401,16,3,2558.1),(1,402,18,8,4074.48),(2,402,18,8,4036.56),(3,402,18,8,3289.02),(4,402,18,8,4355.72),(5,402,18,8,3530.57),(6,402,18,8,4391.35),(7,402,18,8,4586.61),(8,402,18,8,3663.77),(9,402,18,8,3735.61),(10,402,18,8,4455.79),(1,403,18,3,204.44),(2,403,18,3,218.91),(3,403,18,3,238.88),(4,403,18,3,182.33),(5,403,18,3,190.68),(6,403,18,3,239.27),(1,404,16,3,6140.29),(2,404,16,3,5509.75),(1,405,16,4,10066.51),(1,406,19,1,2449.87),(2,406,19,1,2401.9),(3,406,19,1,2215.11),(4,406,19,1,2525.48),(5,406,19,1,2028.99),(6,406,19,1,1933.42),(7,406,19,1,2512.49),(8,406,19,1,2027.33),(9,406,19,1,2020.15),(10,406,19,1,1916.45),(11,406,19,1,2130.25),(12,406,19,1,2172.44),(13,406,19,1,2147.29),(14,406,19,1,2110.71),(15,406,19,1,2583.68),(16,406,19,1,2505.04),(17,406,19,1,2625.85),(18,406,19,1,2404.32),(19,406,19,1,1921.51),(20,406,19,1,2377.19),(21,406,19,1,2160.82),(22,406,19,1,2434.35),(23,406,19,1,2458.82),(24,406,19,1,2348.81),(25,406,19,1,2532.44),(1,407,17,4,2048.52),(2,407,17,4,2010.41),(3,407,17,4,2037.1),(4,407,17,4,1733.42),(5,407,17,4,1784.2),(6,407,17,4,2240.86),(7,407,17,4,1745.67),(8,407,17,4,2232.45),(9,407,17,4,1707.38),(10,407,17,4,1678.4),(11,407,17,4,2096.72),(12,407,17,4,2120.5),(13,407,17,4,1982.85),(14,407,17,4,1869.91),(15,407,17,4,2129.63),(16,407,17,4,1950.01),(17,407,17,4,2167.44),(18,407,17,4,2021.19),(19,407,17,4,2051.12),(20,407,17,4,1775.38),(21,407,17,4,2280.84),(22,407,17,4,1826.26),(23,407,17,4,1871.36),(24,407,17,4,1908.12),(25,407,17,4,1892.55),(26,407,17,4,2312.78),(27,407,17,4,1663.23),(28,407,17,4,1688.26),(29,407,17,4,2274.85),(30,407,17,4,1817.89),(31,407,17,4,2001.91),(32,407,17,4,2043.04),(33,407,17,4,1971.08),(1,408,17,4,2910.1),(2,408,17,4,2892.89),(3,408,17,4,2642.35),(1,409,17,2,1466.63),(2,409,17,2,1349.58),(3,409,17,2,1404.65),(4,409,17,2,1255.22),(5,409,17,2,1336.89),(6,409,17,2,1457.21),(7,409,17,2,1504.91),(8,409,17,2,1483.25),(9,409,17,2,1475.17),(10,409,17,2,1372.28),(11,409,17,2,1418.07),(12,409,17,2,1550.2),(13,409,17,2,1373.63),(14,409,17,2,1241.06),(15,409,17,2,1556.72),(16,409,17,2,1282.67),(1,410,18,9,8860.78),(2,410,18,9,7347.22),(3,410,18,9,7363.72),(4,410,18,9,6972.81),(5,410,18,9,7172.09),(1,411,19,5,9909.17),(2,411,19,5,11220.95),(3,411,19,5,10428.59),(4,411,19,5,8512.42),(5,411,19,5,11323.17),(6,411,19,5,8145.82),(1,412,18,2,4371.76),(2,412,18,2,5185.15),(3,412,18,2,4828.26),(4,412,18,2,3854.22),(1,414,18,7,1855.35),(2,414,18,7,1571.77),(3,414,18,7,1638.35),(4,414,18,7,1892.67),(1,415,19,9,7705.09),(2,415,19,9,6800.56),(3,415,19,9,9183.49),(4,415,19,9,6604.96),(5,415,19,9,7170.26),(6,415,19,9,8514.45),(7,415,19,9,8975.41),(1,417,19,1,4366.91),(2,417,19,1,3756.15),(3,417,19,1,4990.29),(4,417,19,1,4127.25),(5,417,19,1,4164.12),(6,417,19,1,4947.94),(7,417,19,1,4969.16),(8,417,19,1,3856.96),(9,417,19,1,5137.64),(1,418,17,5,1758.83),(1,419,18,10,3874.01),(2,419,18,10,3525.76),(3,419,18,10,4561.46),(4,419,18,10,4631),(5,419,18,10,3412.62),(6,419,18,10,4008.03),(7,419,18,10,3893.81),(1,420,18,7,3914.22),(2,420,18,7,3901.27),(1,421,16,8,4052.32),(2,421,16,8,3633.58),(3,421,16,8,4003.14),(4,421,16,8,3706.14),(5,421,16,8,3063.17),(6,421,16,8,4075.64),(7,421,16,8,4033.07),(8,421,16,8,3892.9),(9,421,16,8,4195.12),(10,421,16,8,3073.94),(1,422,18,9,8626.74),(2,422,18,9,7614.71),(3,422,18,9,7068.48),(4,422,18,9,7688.24),(5,422,18,9,9261.73),(6,422,18,9,8933.33),(7,422,18,9,9221.35),(8,422,18,9,9264.33),(9,422,18,9,8743.75),(10,422,18,9,7899.67),(11,422,18,9,7065.44),(12,422,18,9,8786.24),(13,422,18,9,9092.6),(14,422,18,9,7071.5),(15,422,18,9,6874.26),(16,422,18,9,9240.67),(17,422,18,9,9378.27),(18,422,18,9,6934.57),(19,422,18,9,6658.99),(20,422,18,9,9057.05),(21,422,18,9,9141.01),(22,422,18,9,6951.47),(23,422,18,9,8062.94),(1,423,19,9,4605.96),(2,423,19,9,4760.89),(3,423,19,9,5447.65),(4,423,19,9,4751.43),(5,423,19,9,5761.64),(6,423,19,9,5818.61),(1,424,18,7,2473.21),(2,424,18,7,2889.37),(3,424,18,7,2252.81),(1,425,17,5,719),(2,425,17,5,712.45),(3,425,17,5,778.92),(4,425,17,5,601.12),(5,425,17,5,629.02),(1,427,18,8,11467.17),(2,427,18,8,9845.71),(3,427,18,8,8814.58),(4,427,18,8,11813.08),(5,427,18,8,9874),(6,427,18,8,9738.45),(1,428,19,4,7193.85),(2,428,19,4,7282.41),(3,428,19,4,7092.18),(4,428,19,4,5967.96),(5,428,19,4,8377.4),(6,428,19,4,7673.12),(7,428,19,4,6764.43),(8,428,19,4,7084.17),(9,428,19,4,7988.21),(10,428,19,4,8059.69),(11,428,19,4,7373.12),(1,429,16,2,6154.97),(2,429,16,2,4459.76),(3,429,16,2,5204.77),(4,429,16,2,5905.19),(5,429,16,2,5449.64),(6,429,16,2,6265.24),(1,432,18,2,9817.9),(2,432,18,2,11501.87),(3,432,18,2,11095.67),(4,432,18,2,8480.84),(5,432,18,2,9222.9),(6,432,18,2,8805.75),(7,432,18,2,8333.83),(8,432,18,2,10772.98),(9,432,18,2,10888.97),(10,432,18,2,8901.05),(11,432,18,2,8929.92),(12,432,18,2,11185.69),(13,432,18,2,9258.78),(14,432,18,2,8492.62),(15,432,18,2,8283.91),(16,432,18,2,11842.63),(17,432,18,2,9756.3),(18,432,18,2,9418.53),(19,432,18,2,10334.4),(20,432,18,2,8706.85),(21,432,18,2,11256.94),(22,432,18,2,10086.32),(23,432,18,2,8649.38),(24,432,18,2,9225.63),(25,432,18,2,11547.71),(26,432,18,2,8864.02),(27,432,18,2,8898.87),(28,432,18,2,10432.49),(29,432,18,2,10028.48),(30,432,18,2,8390.76),(31,432,18,2,11784.93),(32,432,18,2,11074.44),(33,432,18,2,11332.95),(34,432,18,2,9771.81),(35,432,18,2,11604.74),(36,432,18,2,9945.18),(1,433,16,6,2927.67),(2,433,16,6,3545.35),(3,433,16,6,2831.38),(4,433,16,6,3762.96),(1,434,19,8,3633.86),(2,434,19,8,3679.75),(3,434,19,8,4110.62),(4,434,19,8,3303.67),(5,434,19,8,3170.26),(6,434,19,8,3576.45),(7,434,19,8,3112.65),(8,434,19,8,3420.61),(9,434,19,8,4095.79),(10,434,19,8,3342.91),(11,434,19,8,4147.98),(12,434,19,8,3134.63),(13,434,19,8,4111.88),(14,434,19,8,3046.09),(15,434,19,8,4177.14),(16,434,19,8,3467.88),(17,434,19,8,4062.36),(1,435,19,3,870.86),(2,435,19,3,819.98),(3,435,19,3,731.73),(4,435,19,3,806.08),(5,435,19,3,895.13),(6,435,19,3,917.12),(7,435,19,3,865.24),(8,435,19,3,819.16),(9,435,19,3,721.61),(1,436,19,9,4799.37),(2,436,19,9,6206.85),(3,436,19,9,6658.61),(4,436,19,9,6346.21),(1,438,18,7,9389.04),(2,438,18,7,7055.24),(3,438,18,7,8968.6),(4,438,18,7,9320.88),(5,438,18,7,7280.39),(1,439,16,7,2261.32),(2,439,16,7,1885.16),(3,439,16,7,2309.37),(4,439,16,7,2049.99),(1,441,16,8,10021.29),(2,441,16,8,9530.29),(3,441,16,8,10556.33),(4,441,16,8,9346.46),(5,441,16,8,10175.01),(6,441,16,8,11020.03),(7,441,16,8,9092.36),(8,441,16,8,10303.94),(9,441,16,8,12134.51),(10,441,16,8,11853.25),(11,441,16,8,10341.15),(12,441,16,8,12114.31),(13,441,16,8,11932.01),(14,441,16,8,12108.74),(15,441,16,8,11469.04),(16,441,16,8,8704.25),(17,441,16,8,9088.46),(18,441,16,8,11780.76),(19,441,16,8,11925.3),(20,441,16,8,11414.64),(21,441,16,8,11024.97),(22,441,16,8,9104.55),(1,442,18,9,7006.95),(2,442,18,9,7026.68),(3,442,18,9,6167.02),(4,442,18,9,6783.13),(5,442,18,9,5968.57),(6,442,18,9,7744.63),(7,442,18,9,7345.18),(8,442,18,9,6883.75),(9,442,18,9,5614.57),(10,442,18,9,6329.78),(11,442,18,9,6068.49),(12,442,18,9,6508.69),(13,442,18,9,6407.26),(14,442,18,9,5629.73),(15,442,18,9,6960.29),(16,442,18,9,6656.83),(17,442,18,9,5813.59),(18,442,18,9,6796.35),(19,442,18,9,7000.17),(20,442,18,9,5853.48),(21,442,18,9,7374.26),(22,442,18,9,5568.67),(1,443,16,3,11.03),(2,443,16,3,11.17),(3,443,16,3,10.58),(4,443,16,3,13.3),(5,443,16,3,12.25),(6,443,16,3,11.67),(7,443,16,3,14.21),(8,443,16,3,10.87),(9,443,16,3,12.53),(10,443,16,3,12.82),(11,443,16,3,11.18),(12,443,16,3,11.51),(13,443,16,3,12.32),(1,444,16,3,2695.96),(2,444,16,3,2814.14),(3,444,16,3,2401.05),(4,444,16,3,3242.34),(5,444,16,3,3031.68),(6,444,16,3,2411.6),(7,444,16,3,2444.41),(8,444,16,3,2409.81),(9,444,16,3,3052.84),(10,444,16,3,2419.86),(11,444,16,3,2409.18),(12,444,16,3,3066.69),(13,444,16,3,3073.48),(14,444,16,3,2972.94),(15,444,16,3,2733.35),(1,445,18,2,4507.97),(2,445,18,2,5162.13),(3,445,18,2,5201.29),(4,445,18,2,4360.13),(5,445,18,2,4584.74),(6,445,18,2,4313.93),(7,445,18,2,4436.67),(8,445,18,2,4928.24),(9,445,18,2,4635.43),(10,445,18,2,3780.43),(11,445,18,2,4055.52),(12,445,18,2,3793.58),(13,445,18,2,5045.39),(14,445,18,2,4291.34),(15,445,18,2,4070.5),(16,445,18,2,4513.79),(1,447,18,10,6791.7),(2,447,18,10,6269.21),(3,447,18,10,6768.37),(4,447,18,10,6732.68),(5,447,18,10,5617.73),(6,447,18,10,6596.73),(7,447,18,10,5878.19),(8,447,18,10,6540.54),(9,447,18,10,7444.76),(10,447,18,10,6804.85),(11,447,18,10,6970.72),(12,447,18,10,5432.01),(13,447,18,10,5974.92),(14,447,18,10,7488.27),(15,447,18,10,6679.12),(16,447,18,10,7273.42),(17,447,18,10,5568.34),(1,448,17,4,7169.49),(2,448,17,4,7318.44),(3,448,17,4,9548.93),(4,448,17,4,8021.76),(5,448,17,4,7152.79),(1,450,18,5,12164.01),(2,450,18,5,10202.44),(3,450,18,5,12403.63),(4,450,18,5,11944.01),(1,451,17,2,8118.74),(2,451,17,2,9393.76),(3,451,17,2,8916.82),(4,451,17,2,9921.91),(5,451,17,2,8385.62),(6,451,17,2,8929.33),(1,452,19,2,4008.98),(1,453,16,6,836.58),(2,453,16,6,863.76),(3,453,16,6,808.05),(4,453,16,6,891.89),(5,453,16,6,1095.72),(6,453,16,6,982.89),(7,453,16,6,834.71),(8,453,16,6,863.88),(9,453,16,6,820.11),(10,453,16,6,1067.55),(11,453,16,6,942.59),(12,453,16,6,1049.01),(13,453,16,6,1124.93),(14,453,16,6,998.99),(1,454,16,2,3629.26),(2,454,16,2,2800.33),(1,457,17,4,8943.03),(2,457,17,4,6875.02),(3,457,17,4,8374.27),(4,457,17,4,7222.58),(5,457,17,4,8289.74),(6,457,17,4,7077.53),(7,457,17,4,9085.47),(8,457,17,4,8309.48),(9,457,17,4,8151.19),(10,457,17,4,6978.24),(11,457,17,4,6594.77),(12,457,17,4,6722.76),(13,457,17,4,7751.1),(14,457,17,4,9215.87),(15,457,17,4,8809.64),(16,457,17,4,8276.42),(17,457,17,4,7527.71),(18,457,17,4,6404.41),(19,457,17,4,6864.82),(20,457,17,4,7759.21),(21,457,17,4,6777.02),(22,457,17,4,7769.38),(23,457,17,4,7272.6),(24,457,17,4,8811.76),(25,457,17,4,7699.31),(26,457,17,4,6730.75),(27,457,17,4,7865.69),(28,457,17,4,7517.95),(29,457,17,4,8773.48),(30,457,17,4,8962.18),(31,457,17,4,8232.77),(1,458,18,4,10188.71),(2,458,18,4,8449.29),(3,458,18,4,9527.6),(4,458,18,4,8745.41),(5,458,18,4,8818.08),(6,458,18,4,9729.69),(7,458,18,4,9521.11),(8,458,18,4,10665.7),(9,458,18,4,7807.13),(1,459,16,3,2256.31),(2,459,16,3,1893.11),(3,459,16,3,1828.73),(4,459,16,3,1839.71),(5,459,16,3,2080.99),(6,459,16,3,1782.55),(7,459,16,3,1875.85),(1,460,19,9,851.15),(2,460,19,9,739.78),(3,460,19,9,807.49),(4,460,19,9,626.29),(5,460,19,9,638.64),(6,460,19,9,735.74),(7,460,19,9,822.49),(8,460,19,9,803.89),(9,460,19,9,847.52),(10,460,19,9,656.35),(11,460,19,9,798.61),(12,460,19,9,747.09),(13,460,19,9,728),(14,460,19,9,638.36),(15,460,19,9,774.41),(16,460,19,9,782.19),(17,460,19,9,738.73),(18,460,19,9,875.78),(19,460,19,9,863.64),(20,460,19,9,826.34),(21,460,19,9,769.89),(22,460,19,9,703.97),(23,460,19,9,862.7),(24,460,19,9,736.9),(1,461,19,6,7862.28),(2,461,19,6,6278.95),(1,462,19,3,4988.15),(2,462,19,3,4583.07),(3,462,19,3,4613.43),(4,462,19,3,6120.72),(5,462,19,3,4524.64),(6,462,19,3,6216.05),(7,462,19,3,4437.09),(8,462,19,3,5506.96),(9,462,19,3,5057.62),(1,463,17,4,2754.71),(1,464,18,1,1513.14),(2,464,18,1,1445.62),(3,464,18,1,1696.8),(4,464,18,1,1600.66),(5,464,18,1,1469.37),(6,464,18,1,1325.76),(7,464,18,1,1336.25),(8,464,18,1,1608.4),(9,464,18,1,1550.04),(10,464,18,1,1379.54),(11,464,18,1,1689.35),(12,464,18,1,1648.97),(13,464,18,1,1337.13),(14,464,18,1,1398.77),(15,464,18,1,1305.72),(16,464,18,1,1236.92),(17,464,18,1,1236.28),(18,464,18,1,1456.48),(19,464,18,1,1330.65),(20,464,18,1,1655.14),(21,464,18,1,1630.64),(22,464,18,1,1697.42),(23,464,18,1,1508.71),(24,464,18,1,1236.86),(1,465,19,6,6224.55),(2,465,19,6,6034.82),(3,465,19,6,6019.41),(4,465,19,6,6238.02),(1,466,16,10,947.26),(2,466,16,10,977.17),(3,466,16,10,991.81),(4,466,16,10,810.5),(1,467,19,3,4302.09),(2,467,19,3,4345.75),(1,468,18,1,6507.93),(2,468,18,1,6690.94),(3,468,18,1,4868.68),(4,468,18,1,6621.26),(5,468,18,1,6292.55),(6,468,18,1,6064.75),(7,468,18,1,5290.74),(8,468,18,1,4794.96),(1,469,19,3,4443.34),(2,469,19,3,4157.1),(3,469,19,3,4539.81),(4,469,19,3,4169.01),(1,470,18,7,7821.65),(2,470,18,7,6331.23),(1,471,17,8,6593.04),(2,471,17,8,7128.46),(3,471,17,8,7569.23),(4,471,17,8,6907.63),(5,471,17,8,7268.78),(6,471,17,8,7641.78),(7,471,17,8,6484.03),(8,471,17,8,6050.86),(9,471,17,8,6329.26),(10,471,17,8,7254.63),(11,471,17,8,7026.89),(12,471,17,8,7038.59),(13,471,17,8,7511.58),(14,471,17,8,6236.35),(15,471,17,8,7623.48),(16,471,17,8,6950.89),(17,471,17,8,7885.58),(18,471,17,8,7476.49),(19,471,17,8,5685.46),(1,472,19,2,10936.55),(2,472,19,2,11809.19),(3,472,19,2,10598.64),(4,472,19,2,11482.14),(5,472,19,2,11395.25),(6,472,19,2,9372.77),(7,472,19,2,9509.39),(8,472,19,2,10162.92),(9,472,19,2,8752.71),(10,472,19,2,9373.22),(11,472,19,2,9523.81),(12,472,19,2,11871.05),(13,472,19,2,10155.15),(14,472,19,2,9856.49),(1,473,19,4,1779.31),(2,473,19,4,2128.43),(3,473,19,4,1527.78),(4,473,19,4,1561.89),(5,473,19,4,2134.19),(6,473,19,4,2049.15),(7,473,19,4,1574.03),(1,474,16,5,1934.84),(2,474,16,5,2600.58),(3,474,16,5,2535.66),(4,474,16,5,2694.03),(5,474,16,5,2676.86),(6,474,16,5,2450.4),(7,474,16,5,2116.56),(8,474,16,5,2486.96),(9,474,16,5,2604.15),(10,474,16,5,2574.14),(11,474,16,5,2529.4),(12,474,16,5,1949.89),(13,474,16,5,2142.68),(14,474,16,5,2532.57),(15,474,16,5,1975.6),(16,474,16,5,2127.27),(17,474,16,5,2225.52),(18,474,16,5,2318.94),(19,474,16,5,1935.57),(20,474,16,5,1944.92),(21,474,16,5,1994.95),(22,474,16,5,2086.36),(23,474,16,5,2066.42),(24,474,16,5,2195.76),(25,474,16,5,2528.49),(26,474,16,5,2135.32),(1,475,19,4,8925.78),(2,475,19,4,12035.65),(3,475,19,4,10007.7),(4,475,19,4,9665.16),(1,478,19,9,7623.96),(2,478,19,9,8391.01),(3,478,19,9,9315.24),(4,478,19,9,7517.12),(1,479,17,2,4444.02),(2,479,17,2,4322.07),(3,479,17,2,4106),(4,479,17,2,4927.67),(5,479,17,2,4567.38),(1,480,18,8,11419.3),(2,480,18,8,9966.17),(3,480,18,8,11142.26),(1,481,18,3,2557.6),(2,481,18,3,2904.35),(1,482,18,10,5437.97),(2,482,18,10,4768.82),(3,482,18,10,4251.81),(4,482,18,10,4286.66),(5,482,18,10,5264.56),(6,482,18,10,5298.5),(7,482,18,10,5588.56),(8,482,18,10,4836.42),(9,482,18,10,5893.62),(10,482,18,10,4950.14),(11,482,18,10,5857.83),(12,482,18,10,5671.99),(1,485,16,8,8586.16),(2,485,16,8,10725.58),(3,485,16,8,9610.65),(4,485,16,8,8473.53),(1,486,16,5,11755.75),(1,487,19,9,2428.82),(2,487,19,9,2338.6),(3,487,19,9,2356.65),(4,487,19,9,2319.39),(5,487,19,9,2685.65),(6,487,19,9,2773.07),(7,487,19,9,2561.71),(8,487,19,9,2216.76),(9,487,19,9,2148.09),(10,487,19,9,2436.32),(1,488,16,10,12123.59),(1,491,18,7,6650.39),(2,491,18,7,6469.17),(3,491,18,7,6748.24),(4,491,18,7,7113.81),(5,491,18,7,7945.52),(6,491,18,7,6779.93),(7,491,18,7,6689.49),(8,491,18,7,5766.68),(9,491,18,7,7919.33),(10,491,18,7,6008.15),(1,492,16,6,5171.71),(2,492,16,6,4755.18),(3,492,16,6,5179.94),(4,492,16,6,5238.02),(5,492,16,6,5084.98),(6,492,16,6,5458.23),(7,492,16,6,4961.78),(8,492,16,6,5228.43),(9,492,16,6,6051.29),(10,492,16,6,5507.42),(11,492,16,6,6595.59),(12,492,16,6,5417.49),(13,492,16,6,6455.73),(14,492,16,6,5476.93),(15,492,16,6,6147.92),(16,492,16,6,5543.56),(17,492,16,6,6704.65),(1,494,17,2,8599.26),(2,494,17,2,9593.18),(3,494,17,2,11009.93),(4,494,17,2,10701.71),(5,494,17,2,8473.55),(6,494,17,2,10629.51),(7,494,17,2,9179.74),(8,494,17,2,11864.05),(9,494,17,2,9123.55),(10,494,17,2,11818.35),(1,496,19,9,6569.32),(2,496,19,9,6164.32),(3,496,19,9,6147.65),(4,496,19,9,6591.66),(5,496,19,9,7255.19),(1,497,18,7,9298.21),(2,497,18,7,7281.96),(3,497,18,7,8948.03),(4,497,18,7,6964.68),(5,497,18,7,7110.21),(6,497,18,7,7907.02),(1,498,17,5,3695.36),(2,498,17,5,3453.15),(1,499,17,2,6245.37),(2,499,17,2,5704.07),(3,499,17,2,7755.62),(4,499,17,2,5585.76),(5,499,17,2,8005.07),(6,499,17,2,7601.16),(7,499,17,2,6254.65),(8,499,17,2,5844.22),(9,499,17,2,7325.9),(10,499,17,2,6041.7),(11,499,17,2,6487.03),(12,499,17,2,7189.81),(13,499,17,2,6910.98),(14,499,17,2,6067.52),(15,499,17,2,7825.52),(16,499,17,2,7277.84),(1,500,18,6,4940.17),(2,500,18,6,4767.53);
/*!40000 ALTER TABLE `household_facts` ENABLE KEYS */;
UNLOCK TABLES;

--
-- Table structure for table `month`
--

DROP TABLE IF EXISTS `month`;
/*!40101 SET @saved_cs_client     = @@character_set_client */;
/*!40101 SET character_set_client = utf8 */;
CREATE TABLE `month` (
  `month_key` double DEFAULT NULL,
  `month` varchar(255) DEFAULT NULL,
  `year` double DEFAULT NULL,
  `fiscal_quarter` varchar(255) DEFAULT NULL,
  KEY `month_key` (`month_key`)
) ENGINE=InnoDB DEFAULT CHARSET=utf8;
/*!40101 SET character_set_client = @saved_cs_client */;

--
-- Dumping data for table `month`
--

LOCK TABLES `month` WRITE;
/*!40000 ALTER TABLE `month` DISABLE KEYS */;
INSERT INTO `month` VALUES (1,'Jan, 1993',1993,'1Q93'),(2,'Feb, 1993',1993,'1Q93'),(3,'Mar, 1993',1993,'1Q93'),(4,'Apr, 1993',1993,'2Q93'),(5,'May, 1993',1993,'2Q93'),(6,'Jun, 1993',1993,'2Q93'),(7,'Jul, 1993',1993,'3Q93'),(8,'Aug, 1993',1993,'3Q93'),(9,'Sep, 1993',1993,'3Q93'),(10,'Oct, 1993',1993,'4Q93'),(11,'Nov, 1993',1993,'4Q93'),(12,'Dec, 1993',1993,'4Q93'),(13,'Jan, 1994',1994,'1Q94'),(14,'Feb, 1994',1994,'1Q94'),(15,'Mar, 1994',1994,'1Q94'),(16,'Apr, 1994',1994,'2Q94'),(17,'May, 1994',1994,'2Q94'),(18,'Jun, 1994',1994,'2Q94'),(19,'Jul, 1994',1994,'3Q94'),(20,'Aug, 1994',1994,'3Q94'),(21,'Sep, 1994',1994,'3Q94'),(22,'Oct, 1994',1994,'4Q94'),(23,'Nov, 1994',1994,'4Q94'),(24,'Dec, 1994',1994,'4Q94'),(25,'Jan, 1995',1995,'1Q95'),(26,'Feb, 1995',1995,'1Q95'),(27,'Mar, 1995',1995,'1Q95'),(28,'Apr, 1995',1995,'2Q95'),(29,'May, 1995',1995,'2Q95'),(30,'Jun, 1995',1995,'2Q95'),(31,'Jul, 1995',1995,'3Q95'),(32,'Aug, 1995',1995,'3Q95'),(33,'Sep, 1995',1995,'3Q95'),(34,'Oct, 1995',1995,'4Q95'),(35,'Nov, 1995',1995,'4Q95'),(36,'Dec, 1995',1995,'4Q95');
/*!40000 ALTER TABLE `month` ENABLE KEYS */;
UNLOCK TABLES;

--
-- Table structure for table `product`
--

DROP TABLE IF EXISTS `product`;
/*!40101 SET @saved_cs_client     = @@character_set_client */;
/*!40101 SET character_set_client = utf8 */;
CREATE TABLE `product` (
  `product_key` double DEFAULT NULL,
  `product_description` varchar(255) DEFAULT NULL,
  `type` varchar(255) DEFAULT NULL,
  `category` varchar(255) DEFAULT NULL,
  KEY `product_key` (`product_key`)
) ENGINE=InnoDB DEFAULT CHARSET=utf8;
/*!40101 SET character_set_client = @saved_cs_client */;

--
-- Dumping data for table `product`
--

LOCK TABLES `product` WRITE;
/*!40000 ALTER TABLE `product` DISABLE KEYS */;
INSERT INTO `product` VALUES (1,'Regular Checking','Checking','Liability'),(2,'Checking w. Interest','Checking','Liability'),(3,'Checking w. Safeguard','Checking','Liability'),(4,'On Line Checking','Checking','Liability'),(5,'Checking for Children','Checking','Liability'),(6,'Regular Saving','Saving','Liability'),(7,'Money Market Saving','Saving','Liability'),(8,'Saving w. Checking','Saving','Liability'),(9,'On Line Saving','Saving','Liability'),(10,'Saving for Chjildren','Saving','Liability'),(11,'30 Year Mortgage','Mortgage','Asset'),(12,'15 Year Mortgage','Mortgage','Asset'),(13,'Low Down Mortgage','Mortgage','Asset'),(14,'Second Home Mortgage','Mortgage','Asset'),(15,'Mortgage w. Safeguard','Mortgage','Asset'),(16,'90 Day Secured Loan','Personal Loan','Asset'),(17,'Line of Credit','Personal Loan','Asset'),(18,'90 Day Unsecured Loan','Personal Loan','Asset'),(19,'1 Year Secured Loan','Personal Loan','Asset'),(20,'1 Year Unsecured Loan','Personal Loan','Asset');
/*!40000 ALTER TABLE `product` ENABLE KEYS */;
UNLOCK TABLES;
/*!40103 SET TIME_ZONE=@OLD_TIME_ZONE */;

/*!40101 SET SQL_MODE=@OLD_SQL_MODE */;
/*!40014 SET FOREIGN_KEY_CHECKS=@OLD_FOREIGN_KEY_CHECKS */;
/*!40014 SET UNIQUE_CHECKS=@OLD_UNIQUE_CHECKS */;
/*!40101 SET CHARACTER_SET_CLIENT=@OLD_CHARACTER_SET_CLIENT */;
/*!40101 SET CHARACTER_SET_RESULTS=@OLD_CHARACTER_SET_RESULTS */;
/*!40101 SET COLLATION_CONNECTION=@OLD_COLLATION_CONNECTION */;
/*!40111 SET SQL_NOTES=@OLD_SQL_NOTES */;

-- Dump completed on 2015-05-05 17:14:40
